sequence,window_start_sample,centred_ax,centred_ay
a006_2,83785,-1.0064828817959641,-1.5266049565305002
a006_2,83785,-1.050724131357274,-1.4179875315655954
a006_2,83785,-1.0666942422505235,-1.2383878888119944
a006_2,83785,-1.068366748582921,-1.0814470709790476
a006_2,83785,-1.0421180551167344,-0.9424292506207712
a006_2,83785,-1.0291003410931443,-0.7693536342610605
a006_2,83785,-0.9832013075466967,-0.5985589088429697
a006_2,83785,-0.9575740521069384,-0.4779063822259195
a006_2,83785,-0.910640222322545,-0.37256453051464633
a006_2,83785,-0.8420839135762072,-0.26974884285824374
a006_2,83785,-0.858834130060277,-0.264509833001066
a006_2,83785,-0.8471991245861864,-0.061429495506454254
a006_2,83785,-0.8022705142613268,0.11252572522265837
a006_2,83785,-0.7086554591770983,0.15084885940654202
a006_2,83785,-0.6354026024456835,0.18427845225436612
a006_2,83785,-0.5888870780583239,0.2645832835207693
a006_2,83785,-0.4884334926720476,0.3311799703608267
a006_2,83785,-0.399267000448308,0.36492937193019315
a006_2,83785,-0.306206298362813,0.42897021160228177
a006_2,83785,-0.2041532297845697,0.4639437733660452
a006_2,83785,-0.12154584873875138,0.48677366361720487
a006_2,83785,-0.032019076239666905,0.5053437291155569
a006_2,83785,0.06509319196979049,0.506011122323107
a006_2,83785,0.15617184590140823,0.5384331284533255
a006_2,83785,0.22324683021346572,0.6241871653567068
a006_2,83785,0.31927781056205273,0.6129559813509695
a006_2,83785,0.4057879025820875,0.585937434292864
a006_2,83785,0.43286420654098035,0.5950260697375052
a006_2,83785,0.5086788113001967,0.6065100966463797
a006_2,83785,0.5650770242098951,0.5877875028620474
a006_2,83785,0.6158749039057875,0.5865011154185049
a006_2,83785,0.6820632393244886,0.6420736847887747
a006_2,83785,0.7241667683009291,0.6437371908198111
a006_2,83785,0.7446898395899916,0.6123759685526602
a006_2,83785,0.7423429663066053,0.616798931218218
a006_2,83785,0.7374856049899244,0.595573299981188
a006_2,83785,0.793641525018611,0.6030077277193777
a006_2,83785,0.8686456258181715,0.5841326056490652
a006_2,83785,0.8586301381472731,0.5638689337740652
a006_2,83785,0.8333546693209791,0.5539994774828665
a006_2,83785,0.782580869901576,0.5512403784762137
a006_2,83785,0.728512483346858,0.5630133687029593
a006_2,83785,0.7285201723460341,0.5330507098208181
a006_2,83785,0.6816146547679091,0.522975975133013
a006_2,83785,0.5848374540690565,0.5471467910776846
a006_2,83785,0.5709257895831251,0.5419015823374502
a006_2,83785,0.5363599831942701,0.5160671411524527
a006_2,83785,0.45778014014998913,0.48508166656596585
a006_2,83785,0.3713375503901625,0.4961615739832632
a006_2,83785,0.278476136434474,0.5244472561846487
a006_2,83785,0.22398986171523574,0.5611509619723074
a006_2,83785,0.20027114700118545,0.5771108208666555
a006_2,83785,0.12413876007834915,0.5683548389445059
a006_2,83785,0.07282498728076461,0.5357587872515432
a006_2,83785,-0.005510670435032811,0.5239612399111502
a006_2,83785,-0.08038174856861588,0.5555926500330679
a006_2,83785,-0.16959426756890025,0.6060003577242605
a006_2,83785,-0.1675455237965798,0.6280898390780203
a006_2,83785,-0.1471253049786901,0.5748228965769522
a006_2,83785,-0.1784716428484535,0.5208569704066031
a006_2,83785,-0.2584678580280161,0.5088332830439322
a006_2,83785,-0.2807146732922411,0.5317556200991385
a006_2,83785,-0.26099847007950305,0.5271488367090933
a006_2,83785,-0.2782138710137224,0.4720948277483694
a006_2,83785,-0.2697171394940233,0.43151747570140286
a006_2,83785,-0.25048029173573017,0.41290252790553494
a006_2,83785,-0.2795322661515093,0.39644288406474515
a006_2,83785,-0.26353267331083774,0.38434093580348416
a006_2,83785,-0.23475402344425675,0.34919857368571683
a006_2,83785,-0.19486578118463513,0.30622490630252286
a006_2,83785,-0.1890670054819202,0.28104331479175015
a006_2,83785,-0.16923869547841605,0.27888339147670194
a006_2,83785,-0.12598187227209565,0.24704512343509122
a006_2,83785,-0.09707064677437302,0.19092508540255948
a006_2,83785,-0.0795802598114824,0.20665165171725675
a006_2,83785,-0.01884387184341904,0.15798720107180997
a006_2,83785,0.014226677525439296,0.10497193918330595
a006_2,83785,0.02299422274867538,0.07745576784713194
a006_2,83785,0.02374616514483932,0.06993381068808958
a006_2,83785,0.03352046262065414,0.07375279948813841
a006_2,83785,0.03981699298659805,0.09366323933703825
a006_2,83785,0.0023574705008650165,0.05887376651866362
a006_2,83785,0.013480695593752895,0.06103850290877745
a006_2,83785,0.04860849927703384,0.12088599190814421
a006_2,83785,0.05274944256583694,0.07479005441768095
a006_2,83785,0.07537353287974838,0.018445545292925095
a006_2,83785,0.07677290092746261,-0.013287773870397354
a006_2,83785,0.08174275110999588,-0.013377247892785812
a006_2,83785,-0.00018368412216659968,-0.06852417304413393
a006_2,83785,0.16761566947738174,0.09970266506774352
a006_2,83785,0.09871612738410476,0.0368994562397711
a006_2,83785,0.02605857204238418,-0.021058803938794876
a006_2,83785,0.026066320646204982,-0.018014362596441055
a006_2,83785,0.004894303787150417,0.035993853069376205
a006_2,83785,0.09730203698913101,0.038248011327814316
a006_2,83785,0.1209204668883467,-0.016473738991189743
a006_2,83785,0.0970031793002272,-0.057288403206039215
a006_2,83785,0.0793950135592604,-0.06789653240935876
a006_2,83785,0.08392523478309158,-0.06584406136767938
a006_2,83785,0.11140646289626602,-0.04979964210884645
a006_2,83785,0.11264167975226883,-0.07541000335710123
a006_2,83785,0.11834167193213943,-0.09660519710974767
a006_2,83785,0.09595059107581619,-0.10788404713617637
a006_2,83785,0.10094069193641189,-0.10067628375487402
a006_2,83785,0.0925439770106459,-0.10695403539808467
a006_2,83785,0.09208561729232315,-0.13667846522526816
a006_2,83785,0.09777407597342971,-0.16948285936610774
a006_2,83785,0.08500020455161575,-0.18934903904097156
a006_2,83785,0.07042524467746261,-0.20505019142525271
a006_2,83785,0.06988683592120651,-0.25295909359352664
a006_2,83785,0.0684946651343489,-0.25748511268990115
a006_2,83785,0.04252287994662765,-0.2706346572865732
a006_2,83785,0.02283218752185348,-0.278579896830488
a006_2,83785,0.014787765849032436,-0.27031075074570254
a006_2,83785,0.008464338887133632,-0.285391083501745
a006_2,83785,-0.008942452561459507,-0.30108091845409946
a006_2,83785,0.006878661621012722,-0.342011487626005
a006_2,83785,-0.005725500475964512,-0.34811220183270053
a006_2,83785,-0.006581691395840611,-0.3622300685872324
a006_2,83785,-0.012752351653180088,-0.36458750679390506
a006_2,83785,-0.006086615216336216,-0.34098603441612796
a006_2,83785,-0.006437716376385655,-0.3497248352994211
a006_2,83785,0.02259347091952804,-0.353197372101713
a006_2,83785,0.023739370215334926,-0.3420160771836527
a006_2,83785,0.016783716786303554,-0.33982465281384067
a006_2,83785,0.022883566725649868,-0.32562961294548587
a006_2,83785,0.005151557434001003,-0.30579615249531344
a006_2,83785,-0.03659039486607071,-0.24516496672527865
a006_2,83785,0.07147738586703781,-0.23555704816477374
a006_2,83785,0.0942340667132521,-0.32366905226605014
a006_2,83785,0.09268675993720535,-0.41011590375797824
a006_2,83785,0.08019025872985366,-0.4419113756646402
a006_2,83785,0.08387260388175491,-0.46078545465366916
a006_2,83785,0.030119510996737514,-0.4622731567849405
a006_2,83785,0.16637186955253128,-0.40600285544293
a006_2,83785,0.1969261939410353,-0.5190131725301035
a006_2,83785,0.15356929849425796,-0.6538503827084787
a006_2,83785,0.17497696231643203,-0.6869636835088022
a006_2,83785,0.18824158858100418,-0.7155848802556284
a006_2,83785,0.21303065370360855,-0.7260963381757028
a006_2,83785,0.19000585626403335,-0.7218291820515879
a006_2,83785,0.13301499437133316,-0.7743389071454294
a006_2,83785,0.10877962659636978,-0.7984838546742685
a006_2,83785,0.10313786815444473,-0.8241207660664804
a006_2,83785,0.09841503452102188,-0.824088519953657
a006_2,83785,0.07201737414638046,-0.818413025282789
a006_2,83785,-0.01513114322384354,-0.7898740829457529
a006_2,83785,-0.09344331670959946,-0.7487419904698618
a006_2,83785,-0.17968996271898505,-0.7193217934598215
a006_2,83785,-0.20227061149140355,-0.7162123383511789
a006_2,83785,-0.29660963762959003,-0.6814448894490488
a006_2,83785,-0.3029844884987688,-0.6425945223798044
a006_2,83785,-0.32732677210529804,-0.6297668279637583
a006_2,83785,-0.3851216410513735,-0.5693108202447184
a006_2,83785,-0.44843967009743213,-0.49396268143551425
a006_2,83785,-0.4640080456848955,-0.4340623082150705
a006_2,83785,-0.4136458610411501,-0.3159108818997629
a006_2,83785,-0.29321370769699573,-0.1838213787903078
a006_2,83785,-0.5347407882328844,-0.2036289633740671
a006_2,83785,-0.5071697657223558,-0.26466254010098056
a006_2,83785,-0.5151437943096971,-0.192312507473398
a006_2,83785,-0.490655464422307,-0.08720697886543348
a006_2,83785,-0.46440051246841907,-0.03009672328131273
a006_2,83785,-0.38616896916588306,0.07097385213477538
a006_2,83785,-0.42657305051048755,0.050296211100649094
a006_2,83785,-0.4165431087132311,0.10973898456199095
a006_2,83785,-0.3555488263483858,0.05538832531077788
a006_2,83785,-0.26019703347643375,0.06902969763381407
a006_2,83785,-0.21565140162070748,0.021477752781938766
a006_2,83785,-0.2164465089555597,-0.011282651268411423
a006_2,83785,-0.0631862481351709,0.07141492650611327
a006_2,83785,-0.06815101702173706,0.11699748919112608
a006_2,83785,-0.046802108478150334,0.14993538842303678
a006_2,83785,-0.020648149144253697,0.1723155914316885
a006_2,83785,0.06208624194900039,0.16996108875377103
a006_2,83785,0.12557591747085098,0.1402009366522543
a006_2,83785,0.16220875333587173,0.11513091013533995
a006_2,83785,0.182221847284236,0.102335208512377
a006_2,83785,0.20647590111533645,0.121283703900408
a006_2,83785,0.23586340497771743,0.133396261788439
a006_2,83785,0.2582829768542433,0.13693862543208524
a006_2,83785,0.2586256141547346,0.15135111794574185
a006_2,83785,0.28093780826369763,0.1563084064493887
a006_2,83785,0.247508096206584,0.18265419588191434
a006_2,83785,0.29065199445525647,0.18746992335421964
a006_2,83785,0.35217936586181164,0.13021140680415555
a006_2,83785,0.35917009662429333,0.08718014643294737
a006_2,83785,0.35881479333678723,0.08636412904364989
a006_2,83785,0.37401826928893567,0.0978222428332083
a006_2,83785,0.38392026971618176,0.07017519459826872
a006_2,83785,0.34580524514953137,0.06382071361644194
a006_2,83785,0.34609009574691296,0.07816239581210539
a006_2,83785,0.32277877877990246,0.07831316576106474
a006_2,83785,0.288096862543025,0.1060479222307913
a006_2,83785,0.30349217604438306,0.09334295377833769
a006_2,83785,0.3237874085787916,0.051650607443880295
a006_2,83785,0.2972182805422926,0.03373328731162474
a006_2,83785,0.25207396100799084,0.014103525734972214
a006_2,83785,0.20751862477103714,0.025097364045213913
a006_2,83785,0.15761076163093093,0.020263129330705856
