dataset,network,provenance,control_ate_m,plugin_ate_m,rel_pct,ci95_lo_pct,ci95_hi_pct,excludes_zero
ronin_seen,ResNet18-YawAug (trained by us),ours,5.002,4.749,-5.1,-8.1,-1.8,True
ronin_seen,Transformer-YawAug (trained by us),ours,4.827,4.764,-1.3,-4.1,2.0,False
ronin_seen,IMUNet-YawAug (trained by us),ours,4.945,4.707,-4.8,-8.4,-1.0,True
ronin_seen,RoNIN ResNet (released by original authors),released,3.848,3.655,-5.0,-9.9,0.1,False
ronin_unseen,ResNet18-YawAug (trained by us),ours,6.202,5.216,-15.9,-23.4,-9.2,True
ronin_unseen,Transformer-YawAug (trained by us),ours,5.582,5.119,-8.3,-16.2,-2.8,True
ronin_unseen,IMUNet-YawAug (trained by us),ours,6.327,5.449,-13.9,-24.7,-6.1,True
ronin_unseen,RoNIN ResNet (released by original authors),released,5.052,4.981,-1.4,-12.1,7.5,False
ridi,ResNet18-YawAug (trained by us),ours,3.145,3.006,-4.4,-7.9,0.1,False
ridi,Transformer-YawAug (trained by us),ours,2.676,2.571,-3.9,-6.8,-1.1,True
ridi,IMUNet-YawAug (trained by us),ours,3.149,2.889,-8.2,-12.0,-4.1,True
ridi,RoNIN ResNet (released by original authors),released,2.877,2.773,-3.6,-6.1,-0.3,True
tlio,ResNet18-YawAug (trained by us),ours,4.742,3.963,-16.4,-31.1,-5.0,True
tlio,Transformer-YawAug (trained by us),ours,4.103,3.883,-5.4,-9.9,-1.5,True
tlio,IMUNet-YawAug (trained by us),ours,5.131,4.053,-21.0,-37.2,-9.7,True
tlio,RoNIN ResNet (released by original authors),released,3.512,3.271,-6.8,-14.2,0.3,False
imunet,ResNet18-YawAug (trained by us),ours,10.278,10.225,-0.5,-3.7,2.9,False
imunet,Transformer-YawAug (trained by us),ours,8.593,8.521,-0.8,-3.0,1.3,False
imunet,IMUNet-YawAug (trained by us),ours,10.337,9.88,-4.4,-9.2,-1.2,True
imunet,RoNIN ResNet (released by original authors),released,8.594,8.251,-4.0,-9.6,1.4,False
tlio_c,ResNet18-YawAug (trained by us),ours,4.193,3.774,-10.0,-13.4,-6.7,True
tlio_c,Transformer-YawAug (trained by us),ours,3.706,3.323,-10.3,-12.6,-8.3,True
tlio_c,IMUNet-YawAug (trained by us),ours,4.588,3.89,-15.2,-18.7,-11.9,True
tlio_c,RoNIN ResNet (released by original authors),released,3.354,3.152,-6.0,-8.4,-3.6,True
imunet_c,ResNet18-YawAug (trained by us),ours,11.191,10.712,-4.3,-5.8,-2.1,True
imunet_c,Transformer-YawAug (trained by us),ours,9.537,9.246,-3.0,-5.4,-1.1,True
imunet_c,IMUNet-YawAug (trained by us),ours,11.471,10.832,-5.6,-8.0,-3.2,True
imunet_c,RoNIN ResNet (released by original authors),released,10.193,10.089,-1.0,-5.4,3.3,False
