comparison,dataset,n_subjects,treatment_mean_m,control_mean_m,difference_m,ci_low_m,ci_high_m,difference_pct,ci_low_pct,ci_high_pct,excludes_zero
HN − YawAug,ronin_seen,31,4.9476,5.0023,-0.0548,-0.3020,0.2179,-1.09,-6.04,4.36,0
HN − YawAug,ronin_unseen,15,5.7657,6.2023,-0.4366,-0.9360,0.0755,-7.04,-15.09,1.22,0
HN − YawAug,ridi,11,3.1056,3.1446,-0.0390,-0.1936,0.1831,-1.24,-6.16,5.82,0
HN − YawAug,tlio,36,4.3321,4.7415,-0.4094,-0.9782,0.0721,-8.63,-20.63,1.52,0
HN − YawAug,imunet,4,9.8955,10.2776,-0.3821,-0.7035,0.0674,-3.72,-6.85,0.66,0
HN − GN only,ronin_seen,31,4.9476,5.5157,-0.5681,-1.4701,0.3913,-10.30,-26.65,7.09,0
HN − GN only,ronin_unseen,15,5.7657,8.0217,-2.2560,-3.3673,-1.2525,-28.12,-41.98,-15.61,1
HN − GN only,ridi,11,3.1056,4.3214,-1.2158,-1.7864,-0.8085,-28.13,-41.34,-18.71,1
HN − GN only,tlio,36,4.3321,5.7722,-1.4400,-2.6870,-0.5007,-24.95,-46.55,-8.67,1
HN − GN only,imunet,4,9.8955,11.4571,-1.5617,-2.6067,-0.5166,-13.63,-22.75,-4.51,1
HN − PCA frame,ronin_seen,31,4.9476,5.5152,-0.5676,-0.9410,-0.2057,-10.29,-17.06,-3.73,1
HN − PCA frame,ronin_unseen,15,5.7657,7.2162,-1.4505,-2.2116,-0.7910,-20.10,-30.65,-10.96,1
HN − PCA frame,ridi,11,3.1056,3.7910,-0.6854,-0.9147,-0.4762,-18.08,-24.13,-12.56,1
HN − PCA frame,tlio,36,4.3321,5.0418,-0.7097,-1.2760,-0.2438,-14.08,-25.31,-4.83,1
HN − PCA frame,imunet,4,9.8955,11.6817,-1.7862,-2.4946,-0.9445,-15.29,-21.35,-8.09,1
RoNIN ResNet: Plug-in HN − Unmodified,ronin_seen,31,3.6555,3.8477,-0.1922,-0.3814,0.0049,-5.00,-9.91,0.13,0
RoNIN ResNet: Plug-in HN − Unmodified,ronin_unseen,15,4.9809,5.0522,-0.0712,-0.6093,0.3777,-1.41,-12.06,7.48,0
RoNIN ResNet: Plug-in HN − Unmodified,ridi,11,2.7730,2.8768,-0.1039,-0.1748,-0.0098,-3.61,-6.08,-0.34,1
RoNIN ResNet: Plug-in HN − Unmodified,tlio,36,3.2714,3.5118,-0.2404,-0.4978,0.0097,-6.84,-14.17,0.27,0
RoNIN ResNet: Plug-in HN − Unmodified,imunet,4,8.2512,8.5941,-0.3429,-0.8238,0.1380,-3.99,-9.59,1.61,0
