panel,series,x,y,extra
RoNIN-unseen,GN only,0.0,8.05451671617259,0.34672421953819366
RoNIN-unseen,GN only,45.0,8.711626210271337,0.533379467751448
RoNIN-unseen,GN only,90.0,7.789461838089387,0.5077046799185227
RoNIN-unseen,GN only,135.0,9.244093710726604,0.3282714917742203
RoNIN-unseen,GN only,180.0,8.339544079247254,0.22390878340441472
RoNIN-unseen,GN only,225.0,8.743844127254313,0.582708263577955
RoNIN-unseen,GN only,270.0,8.1466900823464,0.6182604180144614
RoNIN-unseen,GN only,315.0,8.86473967953457,0.43570921040553084
RoNIN-unseen,GN + YawAug,0.0,6.19501282790897,0.22026021172710636
RoNIN-unseen,GN + YawAug,45.0,5.945974420300455,0.3177080384918796
RoNIN-unseen,GN + YawAug,90.0,5.812976100627363,0.12239968101561607
RoNIN-unseen,GN + YawAug,135.0,5.851418821449326,0.39505019953597403
RoNIN-unseen,GN + YawAug,180.0,5.540351516182737,0.47251191432799705
RoNIN-unseen,GN + YawAug,225.0,5.620702589716235,0.34632590256834583
RoNIN-unseen,GN + YawAug,270.0,5.934149220251153,0.13741448197556472
RoNIN-unseen,GN + YawAug,315.0,6.103618393669739,0.2747784919795236
RoNIN-unseen,GN + PCA frame,0.0,7.239333855925036,0.7022936318612947
RoNIN-unseen,GN + PCA frame,45.0,6.972043524961051,0.31042851793877985
RoNIN-unseen,GN + PCA frame,90.0,7.204130392530066,0.16461741021203197
RoNIN-unseen,GN + PCA frame,135.0,7.438489410478621,0.25327820861067735
RoNIN-unseen,GN + PCA frame,180.0,7.481526423833041,0.41145342029629606
RoNIN-unseen,GN + PCA frame,225.0,7.438097316164044,0.6308108208844898
RoNIN-unseen,GN + PCA frame,270.0,7.411838798704624,0.763844190532077
RoNIN-unseen,GN + PCA frame,315.0,7.327053590704221,0.595747547206348
RoNIN-unseen,GN + HN,0.0,5.825385045645053,0.15319077089910604
RoNIN-unseen,GN + HN,45.0,5.825384913522002,0.15319078525887606
RoNIN-unseen,GN + HN,90.0,5.825385040935991,0.15319069172787889
RoNIN-unseen,GN + HN,135.0,5.825385010824493,0.15319072466548891
RoNIN-unseen,GN + HN,180.0,5.825385096110704,0.15319071268481546
RoNIN-unseen,GN + HN,225.0,5.825385044416676,0.1531907116535723
RoNIN-unseen,GN + HN,270.0,5.825385145885615,0.1531907598831285
RoNIN-unseen,GN + HN,315.0,5.8253849613410225,0.15319082931028075
RIDI,GN only,0.0,4.282430173583009,0.17711847323542107
RIDI,GN only,45.0,4.404714234861749,0.21961916347938243
RIDI,GN only,90.0,4.22998034081654,0.19891326610710872
RIDI,GN only,135.0,4.4673566791022,0.325816934708243
RIDI,GN only,180.0,4.277860747852341,0.12331832477804328
RIDI,GN only,225.0,4.353940616016551,0.14239830820629
RIDI,GN only,270.0,4.35718096721226,0.1853359073081604
RIDI,GN only,315.0,4.510714829397459,0.20464540310465065
RIDI,GN + YawAug,0.0,3.1223153200696565,0.05779243541194876
RIDI,GN + YawAug,45.0,3.170289526970234,0.08528307258962813
RIDI,GN + YawAug,90.0,3.249484679307786,0.0738073366611289
RIDI,GN + YawAug,135.0,3.20667840840629,0.08649936418018642
RIDI,GN + YawAug,180.0,3.1831005118225177,0.044574465058999126
RIDI,GN + YawAug,225.0,3.178549350168698,0.09698314142589805
RIDI,GN + YawAug,270.0,3.159939837935224,0.12324344153666335
RIDI,GN + YawAug,315.0,3.1048481242913755,0.10283279776493523
RIDI,GN + PCA frame,0.0,3.7431766677404994,0.10854340881488711
RIDI,GN + PCA frame,45.0,3.861985215544524,0.27898990883483915
RIDI,GN + PCA frame,90.0,3.8011462861095766,0.3845182999677302
RIDI,GN + PCA frame,135.0,3.610395150902982,0.2754765730814194
RIDI,GN + PCA frame,180.0,3.556578140952136,0.2054242490109095
RIDI,GN + PCA frame,225.0,3.621828632973651,0.1737301901107729
RIDI,GN + PCA frame,270.0,3.7294005255009686,0.2462700338596453
RIDI,GN + PCA frame,315.0,3.7226451415878135,0.14523989956079675
RIDI,GN + HN,0.0,3.0989839014810867,0.09229401448797232
RIDI,GN + HN,45.0,3.098983915024934,0.09229401284572973
RIDI,GN + HN,90.0,3.098983927765879,0.09229400338850868
RIDI,GN + HN,135.0,3.098983885789104,0.09229399660010008
RIDI,GN + HN,180.0,3.0989839143181093,0.09229402549430506
RIDI,GN + HN,225.0,3.0989838446843527,0.09229402246641864
RIDI,GN + HN,270.0,3.098983876372608,0.09229404085835817
RIDI,GN + HN,315.0,3.0989838587686465,0.09229402069972764
ecdf,GN only,median_pct,85.63494269129856,128
ecdf,GN + YawAug,median_pct,46.883065630556416,128
ecdf,GN + PCA frame,median_pct,48.241134835482185,128
ecdf,GN + HN w/o sign,median_pct,49.51983316105067,128
ecdf,Original RoNIN ResNet (released weights),median_pct,36.22972091945688,32
ecdf,GN + HN,median_pct,1.4719557536328231e-05,128
