path	bytes	sha256
.DS_Store	10244	547664d244a4669daf434945514961420012f5a9cc12b45cf3519fcf96283cc6
.gitattributes	66	1a1dbe176bc233b499d35a57db7513f2941c99ab9759f177830c9149be99005b
.gitignore	278	2ab30e71ef74711e1b84ace128d169204966624b8726e1591b4a906dbb8871d2
CITATION.cff	914	135cc6e02f3337a6acaf284012325a72d33f5444fef2a8d3447ce45a7bef0c2a
PATCHES.md	912	923edad5e257b66f9d0a4b7e6326158b859507ab1b278dcd66adde22fda7a43a
README.md	15782	23c3ad5a17152f2d2f96f3d29935af500d0eb40d7f8b242b1ed891e1767ab60a
config/dataset_sequences.json	5447	e14dcaefbc5a6f73a123f029e972d9d7a4ea51493d47a9f6d470e5b66613f8dc
config/e1b_yaw_aligned.md	2413	b519adfb809c5a498a30496dbebf750dec5dbf475b2e661b875da290a2acff7a
config/e3_backbone_frontend.json	4669	645fbbc5025e98e14722e155e2b679589806505de19b4c487dd714abfbc433f4
config/e6_sign_ablation.json	1497	d59d61a3f93464befbe8a8d110dba424f33ea277646be0c2a595cb4c968c0a5b
config/e9_eqnio_retrain.json	916	e2fb4cfe894d836df0f566417df2a41487b824315d9b94b738583cf496b15de4
config/experiment.json	1525	b6172942f5b2399d0e006eed95ee7d237f6de35e20c8f085b714db2f9279b717
config/rq_experiment_matrix_v3.json	5493	18ed9a983af8451a6c26acef10592ddd24059cac6a94f9f1c1235552878ca564
config/sensors_revision_v4.json	5407	50ac0ed975179755edd8a7b5b5f3632536cd8cc829a138d6955e90b3f9a1eaff
config/splits_subject_disjoint_v2.json	2045	f036e40e458a2f0fc05df4eab4dbcb7f2bbb1ede9682174c516ff4116676c673
config/tlio_extension_v2_2.json	2003	0b89337fc858919151cd720c7658b45caf47c24cd1a887004ae5630d15310cbb
data/README.md	817	04c2d4a35c5730fb0d30e058b0354e20df47b1c5fd5acbdc4cfd22279f791588
examples/plug_in_demo.py	3297	e56e8f607d317766f1f497d46c77d56f3fc5c65b70b8f910ac180050cc5bbb62
external/README.md	957	3b4c668e83b32e0b610434a0f241b7f630bcdaf0c80bff9799e7986fc8af416d
figures/v11/figS01_elapsed_error_source_data.csv	1237	d17dd45216f8c4f4b87f0ab63568ddd3bba5a24b67e9e53f596af314971fde43
figures/v11/figS03_trajectories_source_data.csv	3408892	248fbf0396d886790d68d2c6aba522eb3ce2f9040808f979a84f8e0404d78dbc
figures/v15/fig02_window_axis_and_sign.pdf	46066	cff8f5582eea82890f2fda05115824e617cb4f128bce811993e43eb4de86ccb8
figures/v15/fig02_window_axis_and_sign.png	191030	8fd29cd6b64a2eab645dd3a42917dcac64a0e75584a7889d2b722838608da831
figures/v15/fig02_window_axis_and_sign_source_data.csv	10854	b76cb48bf537b4f8a9f209e05eac2bebea41940d73518bce782cf56c52e2235f
figures/v15/fig10_sign_rule_frame_failure.pdf	19832	4eb4200e5e928f97929bb8b550598846eef6d69ddc45bd26ea9667ab08a9c363
figures/v15/fig10_sign_rule_frame_failure.png	211336	83e49b58721d72c71939cf493b2c38ed9b76427bd8320705b5b8c5c778c97dfd
figures/v15/fig10_sign_rule_frame_failure_source_data.csv	598	3dff6ce3b86053dae5bdb35a29bdb218bdb2c7fd25739f24d33e8e64efd3f1d8
figures/v15/fig3_hn_inference.pdf	62261	d7608b6b34e08d0086c34dd152231293ca3caff61b1768b0f4b3c165153323fb
figures/v15/fig3_hn_inference.png	89948	6aacf3ab8b5bfcba5e3bd4fee43d03c00c8ea0304603371ec3739913caac89f8
figures/v15/fig3_hn_inference_source_data.csv	34	6078126db9d8cc214a43b09b454e5f7b0d083e30b193933d08211195bd7b98b4
figures/v15/fig4_psi_experiment.pdf	116744	09342db9a2a889f7d210ac189fd245e373edf8744c20a0e0b1954014610e60fb
figures/v15/fig4_psi_experiment.png	233055	1729b5492106ddaa1ef75a1f20c0902d13c5d500712ffa2d3ba883abbbb9e8fa
figures/v15/fig4_psi_experiment_source_data.csv	109	603d3f1c71687ed95978470f2c394b06fb8be09e429e01bd5b44a9506549647d
figures/v15/fig8_shape_example.pdf	92005	b815d6448af19761bc539c74f91b90969eee8a1001f8d6a80da0cd9307bae05d
figures/v15/fig8_shape_example.png	466291	30f06882b721312048edef15e184aa87c192a054c732f9b8684c2858fc3cd0d0
figures/v15/fig8_shape_example_source_data.csv	505459	bfce77b179f94c79c7ff5bf79e825374f9bb0a5eba2d1ea450a83a89fb182b1c
figures/v15/figS01_elapsed_error.pdf	12617	bc6e071d12fc6680f73145bf8e32f0a2bd6f590e165da33a180c2a597d84da2a
figures/v15/figS01_elapsed_error.png	83079	76edbffc37e5d6a00424a56372587146ee1505edf184c1bee91dfd6e45b03622
figures/v15/figS01_elapsed_error_source_data.csv	1237	d17dd45216f8c4f4b87f0ab63568ddd3bba5a24b67e9e53f596af314971fde43
figures/v15/figS03_trajectories.pdf	85930	abcece7d22c911993b7097813601715d325be3df1f9f2841bc1d31f4a3e4ee33
figures/v15/figS03_trajectories.png	315054	77c19a41f295f4edebe76ca4521d97c92ab3c51ba5f1dad1bdf30a49dd10aecf
figures/v15/figS03_trajectories_source_data.csv	3408892	248fbf0396d886790d68d2c6aba522eb3ce2f9040808f979a84f8e0404d78dbc
figures/v15/v10fig_plugin_by_provenance.pdf	23626	357bed8c7fd6d54a7568a2e6fa9e25c64ea8995947cc22819b6f47b1b51e868d
figures/v15/v10fig_plugin_by_provenance.png	132281	fbac12d978fab55fd23d9e8721a37503489e0499e3b6ae4189ea2e8986b26287
figures/v15/v10fig_plugin_by_provenance_source_data.csv	2434	f558ab5314e2c6ed073beff18d765694311b4450a31da03dc1668ea31e2f0892
figures/v15/v2fig_unified_paired.pdf	21260	95b97d802dc12e41afb5037c2a72b247ea8726c1d57cb88d3ae797a8eeb9d1d0
figures/v15/v2fig_unified_paired.png	107852	3c34b94af6ec66cef8312a04c4c88e2a6c18055d8d6919cc2114f7e488b8c634
figures/v15/v2fig_unified_paired_source_data.csv	1988	0551bec212f7d3f0f232e7105cf3e885fec140663874d61e9dabc306385d963f
figures/v15/v4fig_problem_overview.pdf	140245	c9c43e49436c440457e4456ccef8a6a0c3f554a96d63359094e54e5b757cb8b1
figures/v15/v4fig_problem_overview.png	468053	84f8aafe732d6290ce158028602bcdb427fbf3d2b9b34d8cfd3126fe24b03d82
figures/v15/v4fig_problem_overview_source_data.csv	7475113	a632955557fbf501d75cb91c81b0e7fad5b8c97569dab39dcbb57f71e9a8c2f7
figures/v15/v4fig_repeatability.pdf	36383	6819270cf2695c1ca8588081efcbae3755008cbe61965eaefc757a73818d8b82
figures/v15/v4fig_repeatability.png	280152	7eb9f8cc35f3a9c0271be4dec17cdc1e163729cce0d438e4be42167a3aa86626
figures/v15/v4fig_repeatability_source_data.csv	4451	bf11a5eb266df9c1e557e93c1cdd7051aa0319481fa026d4b698666c6117884b
models/e3_backbone_frontend/E3_imunet_yaw_s0.json	19067	c500c85037fd5b04ccee797a8b0c566628f134d0cdda51f9f1ba376c4f7a01fe
models/e3_backbone_frontend/E3_imunet_yaw_s0.pt	14792465	01c345378cdbc1c25a7ed1131ba07f79ec08bc4ccb62cf02a6b5aaba6f2c562b
models/e3_backbone_frontend/E3_imunet_yaw_s1.json	19065	c548a166c6564de6caa6eacd96c2a3e3b2f7e62da0eb0265e6377e491462ac55
models/e3_backbone_frontend/E3_imunet_yaw_s1.pt	14792465	9a26dc8aa8e3a3c93a69d30a8b2603576acfaee40a7d32009ad2b11304cec1e6
models/e3_backbone_frontend/E3_imunet_yaw_s2.json	19070	d222d067acfcf8656e9b45e1e9a5f3ab8c3dcfcdd1e72b5d2abfb6f9e3cc9c9e
models/e3_backbone_frontend/E3_imunet_yaw_s2.pt	14792465	a0ec90e2cb843687b8cce9592fc236fbc774c48635509b609c02adffabc366bd
models/e3_backbone_frontend/E3_imunet_yaw_s3.json	19072	4a012d0f9b576e6bd3a11a4d5bed4fcda1161aa0dddf2f26ae0cc913ee735be7
models/e3_backbone_frontend/E3_imunet_yaw_s3.pt	14792465	f6300dfdeab2ca59aeaf07f6e1a3db3f7c561d2249a220e154bda27839b6b753
models/e3_backbone_frontend/E3_transformer_yaw_s0.json	19074	235bcc5c1f0a620eb894a8a8d1948f3eaccd5ad530bd0fe506473c24eb86803e
models/e3_backbone_frontend/E3_transformer_yaw_s0.pt	13501841	f1f356bcc8bb83ea06ee2010e8b1662adab4b094e90be89c6806cab98dec6a99
models/e3_backbone_frontend/E3_transformer_yaw_s1.json	19076	8924591c3297a7e4cb2ed937ad78129a5849acd5749189905457a3bbb6ed421f
models/e3_backbone_frontend/E3_transformer_yaw_s1.pt	13501841	1736603e3531e35652aa2c0d0d4244acebc89ba7de23433d7a0b606a2d46a9f4
models/e3_backbone_frontend/E3_transformer_yaw_s2.json	19073	c945477f8d2d9e18ab2a38fb52966cb3c08ec56a10c87bbd8d95fa7614ad897f
models/e3_backbone_frontend/E3_transformer_yaw_s2.pt	13501841	e1dbaf32889f7e802916be22f2e8c083c314e3e79a9b8479d32a04120cb7fff6
models/e3_backbone_frontend/E3_transformer_yaw_s3.json	19072	4b3733af49140cd90942c76c942c3cf4021facf76699a0bfe7ebe67bc3d92cd2
models/e3_backbone_frontend/E3_transformer_yaw_s3.pt	13501841	2e83e36e8de2d2764de7e90279e8e16e681aa3631fbdc5b1ec3c32ba07244d05
models/e6_sign_ablation/E6_resnet_heading_nosign_s0.json	2819	e2c7f6fffeddbb79cb05f00c69a417129eed93ba5bdaf28a626b7fca2939a4db
models/e6_sign_ablation/E6_resnet_heading_nosign_s0.pt	18630663	e59d856e24a87c50d7e2e16c47c949eac6f058e6f0209339a3934f723b9d1598
models/e6_sign_ablation/E6_resnet_heading_nosign_s1.json	2813	d7649fd850799794f8df9252343bd906e5a7e73d794bc476b95d9016d82e92cb
models/e6_sign_ablation/E6_resnet_heading_nosign_s1.pt	18630663	000ea8d18643b3c1ab57c4a324c43bd47409863721cc293d0306373da6f5844d
models/e6_sign_ablation/E6_resnet_heading_nosign_s2.json	2814	b8dcadf4797f298928a9c748b0ad744b8ab5cc802a7ae9fe8e51e3b893b6a412
models/e6_sign_ablation/E6_resnet_heading_nosign_s2.pt	18630663	3a1b440af76a0fed2122016019ef56a3aaca92c4baec46538d5004e40310e71c
models/e6_sign_ablation/E6_resnet_heading_nosign_s3.json	2820	ef7509eef79e7a6802f900ec4b1fc076795b19bbbcb345727381e0ce6694be52
models/e6_sign_ablation/E6_resnet_heading_nosign_s3.pt	18630663	b366a6edb472f076b0bd5c8ec51be9ab876c314f72f071b8c79dbdf97c35b303
models/sensors_v4/Sensors_v4_resnet_gn_s0.json	18137	8bc1f132ae2eee832f88826cf7aa207aeb0461951683e4bb5f694d288de36e1f
models/sensors_v4/Sensors_v4_resnet_gn_s0.pt	18645079	a624dfe4a2dde012adffd123de193e31cd2df83a3f454492982f1b135d238d84
models/sensors_v4/Sensors_v4_resnet_gn_s1.json	18134	f55cfbfef6e777f1f34c50a91e2c4c70545f6ce3e5eeab195408735f4bd142a3
models/sensors_v4/Sensors_v4_resnet_gn_s1.pt	18645079	72f39e76094c01f77cd411fffa7e6517eb80fcab161cff79370fa181af7e90b3
models/sensors_v4/Sensors_v4_resnet_gn_s2.json	18136	d84e5af16b8db9cad2dad76ea9e5f988681d20135fb4d3adde16608ef28a24f0
models/sensors_v4/Sensors_v4_resnet_gn_s2.pt	18645079	ae4b30c63447aef653ace8b78cd3b732cc118fadcfb7930d634ba32c2502dbd3
models/sensors_v4/Sensors_v4_resnet_gn_s3.json	18137	388ba893234df3a7598fc3caa12e3e51dba7c9075bdb6b853cf63b0298259795
models/sensors_v4/Sensors_v4_resnet_gn_s3.pt	18645079	df78290e73294913961fd8dae8880b122b13e6736c3a44a86edbefa67c74993c
models/sensors_v4/Sensors_v4_resnet_mixed_pca_s0.json	18147	bad8f06cc6ddea25fd3e7896a19cbfe86ba3bff4bfdabefb689bcbabd6b77c0d
models/sensors_v4/Sensors_v4_resnet_mixed_pca_s0.pt	18646059	b3b5416f7afa91b02d7bc7178a1a8e8c867ea9a59074942805453cd82dbff392
models/sensors_v4/Sensors_v4_resnet_mixed_pca_s1.json	18157	cebafadeb356d13d3801fa19d753c3c4051eace540779dc4d8143b8490b46099
models/sensors_v4/Sensors_v4_resnet_mixed_pca_s1.pt	18646059	ca275cea2896c9f4fcc8d501adaa63f41abc83f9cae19d7e8bde1223bf35b990
models/sensors_v4/Sensors_v4_resnet_mixed_pca_s2.json	18158	a1e9315f63625f64fee5f4a7cc8f34aeb12217ff0700938e5fcf5b3d83e7f020
models/sensors_v4/Sensors_v4_resnet_mixed_pca_s2.pt	18646059	14b2d471a6302cb22a2146c3af75bfdf3792d052a406e1268715dad927143868
models/sensors_v4/Sensors_v4_resnet_mixed_pca_s3.json	18153	b953f5f9c7c26faaa73fe3f55a36b52a5f65c65a1a6df3b65808fdd9ceb068db
models/sensors_v4/Sensors_v4_resnet_mixed_pca_s3.pt	18646059	ed01f1078dfda645d15fdc7c93cd0e3dd20b15fc5bd2844a9d0c9dd879f30c4f
models/sensors_v4/Sensors_v4_resnet_yaw_s0.json	18139	233e2e75d37884e6cab869f12a63bead3c28087ccb800e3902ecc2dda4616e5c
models/sensors_v4/Sensors_v4_resnet_yaw_s0.pt	18645219	d562d180ea865a2bd58d7646cbe8c0f8b2a65bbd28c497d88e668d5b62a77475
models/sensors_v4/Sensors_v4_resnet_yaw_s1.json	18137	7f7e09bcf66a4b135f60dff1d20c549b57e3fa30e76fcb1f381390f21230afe4
models/sensors_v4/Sensors_v4_resnet_yaw_s1.pt	18645219	c12e5e124a3b94488604ebf0f186391c6e229f8ef80d94c63b35272943c11174
models/sensors_v4/Sensors_v4_resnet_yaw_s2.json	18131	c7897f880d832aa7d7889d8102048807c406c456ff481f199cc6d27d03be6e5d
models/sensors_v4/Sensors_v4_resnet_yaw_s2.pt	18645219	09a7d1ec1483d01add1ab7d3c1023f411ca4cf090a9313965d6c459cd4b98e1f
models/sensors_v4/Sensors_v4_resnet_yaw_s3.json	18141	e4efaa6a5f9cd57bd82c6f27003643b33581cdfeada6bd41364b3ea38d4587bd
models/sensors_v4/Sensors_v4_resnet_yaw_s3.pt	18645219	f61a9915b19dfeeec38abd295c0b960c410b32a8964539e25ad7968566bf2f1e
models/submission_frozen/A6_v3_nopre_s0.json	18073	803fa86210556f844fa0d69fee7c31479a0a17d30a687c7a68d85988a98c5368
models/submission_frozen/A6_v3_nopre_s0.pt	13501117	44a32a3f5021ad9ca852f8aabca252f7d717fd9913fe8e0558ab7692ad71b0cf
models/submission_frozen/A6_v3_nopre_s1.json	18076	6bb8edb49f7439f17e7d32561a23bb6446b1c26b40adba9723c0ebb95d23c6b3
models/submission_frozen/A6_v3_nopre_s1.pt	13501117	e4256b67ae8d58aec7c8411603d7aa400af1588a5e291308cbb8d91dd8d5a55d
models/submission_frozen/A6_v3_nopre_s2.json	18077	a296237572bf2d94fed427e125bf042794e39f40a5792b3bc1db3cf3429ea145
models/submission_frozen/A6_v3_nopre_s2.pt	13501117	5e96a34b7cb5a36a2a97a0d59657cff23062bf9c5118c0e19430d1f67686e86d
models/submission_frozen/A6_v3_nopre_s3.json	18078	87e85c2fc3282ef411fb24c7f189c051f5163a8ab7a328156a164cc54f4249f8
models/submission_frozen/A6_v3_nopre_s3.pt	13501117	62e41942816af49c2e43c1ea4109a0714d475bab4d4d607e8764f556904ff79a
models/submission_frozen/IMUNet2024_v3_hn_gn_s0.json	18083	efde267ae9da7248eb46df232b6fcc238862653116c8a94de047458002180212
models/submission_frozen/IMUNet2024_v3_hn_gn_s0.pt	14793126	eb173559335ded37177847aab45ba39ffec86392601f060e76c07fd52319056b
models/submission_frozen/IMUNet2024_v3_hn_gn_s1.json	18081	3914b81a33e377f008a1a65fdb2acab0dbc985ab046214f2aadbf2f0daeddfea
models/submission_frozen/IMUNet2024_v3_hn_gn_s1.pt	14793126	5949463eb5f780d249b57b5c0cf5753191306b866421ed5acbbf5fa4626d56ba
models/submission_frozen/IMUNet2024_v3_hn_gn_s2.json	18083	d4f5a95283de854636b5eddb775ccf472c106a03362ba4fd3871e39e0a471438
models/submission_frozen/IMUNet2024_v3_hn_gn_s2.pt	14793126	869e5272f93edf66d32fc837991b49a12cbbbaec930e93810510f98b801536ce
models/submission_frozen/IMUNet2024_v3_hn_gn_s3.json	18080	c23c24f565b6f3e564252bf7b093c54db754cb1872efd9c3e43f19b36884ca45
models/submission_frozen/IMUNet2024_v3_hn_gn_s3.pt	14793126	d8f9b607a4be10f2e28bbe3a822a9a66735c4a01018d7827547d2366a007f5e6
models/submission_frozen/ResNet18_v2_matched_s0.json	17854	03489a8ae103e132f9bebe47763c4936fdb760af6d167366d0e64ea086698202
models/submission_frozen/ResNet18_v2_matched_s0.pt	18625933	397dfd640ca1c2ea4e3416caf68eec9b5ca4cf4faece06934c4124984370eeda
models/submission_frozen/ResNet18_v2_matched_s1.json	17860	1cff31961d7e4a284c634070efa4263679819855764c964b5c81ec9c2a264bc8
models/submission_frozen/ResNet18_v2_matched_s1.pt	18625933	9d5da1292ca5b59ceba55c5cc9998429366a9d5375b45e17b133bdc25b188bfb
models/submission_frozen/ResNet18_v2_matched_s2.json	17858	462ab0b18f83b98ff663c797b9f1cc8292a34e1725c4fc8bf24f37a960a3573c
models/submission_frozen/ResNet18_v2_matched_s2.pt	18625933	a530bcdbd2ddd5110d82a2b379d986dd6cad7d839e5b99f148a7f81ff7023b93
models/submission_frozen/ResNet18_v2_matched_s3.json	17861	c49304a048383f0379d756cd1a59a95d915ada7726bbdb7213690420e24c61b3
models/submission_frozen/ResNet18_v2_matched_s3.pt	18625933	4fcbd0c5b01b99b687ae5b9d36ca829aa7dfc06fe62c95100f5c8e61b6b6d49b
models/submission_frozen/ResNet18_v3_hn_gn_s0.json	18084	4b398e39e1458337e615b9d72bc029ec1bd23e07ff515404fc0e5af4654adf55
models/submission_frozen/ResNet18_v3_hn_gn_s0.pt	18628239	90b6b356f6d35c5c8cc0ba111f96db19f7b244cabf8340527b13ec3fa2388e9f
models/submission_frozen/ResNet18_v3_hn_gn_s1.json	18088	e6984286ce6c31f0d381fd520daef1e3ee045c0c83b56561ea66ff0f7f133b9b
models/submission_frozen/ResNet18_v3_hn_gn_s1.pt	18628239	4fde46ee58e76e435197db0f470d8db73f28bb6fa1a9a55d0d511f0ad2adc88b
models/submission_frozen/ResNet18_v3_hn_gn_s2.json	18082	f85f747c0c1e6cd36a2d449b82f78ae91f12c6ded3bb92b355092e99a36b3e9f
models/submission_frozen/ResNet18_v3_hn_gn_s2.pt	18628239	c0129a52324d89033a2e9ae5031371711f55fd97c354fa505e4b3566fc972ef6
models/submission_frozen/ResNet18_v3_hn_gn_s3.json	18088	9270d213dbdbc59b9d7795a2e3e0715d006004324250c473da4f503616b7a5b6
models/submission_frozen/ResNet18_v3_hn_gn_s3.pt	18628239	cce22c88395da1e36679a5181c3af93a67798703eda1020b589b9a9bd634c1b9
paper/HeadingNorm_Main_EN.md	105548	a6f33ca80df2f0551c8c1ebc0545409683bf6408ecae59c40779799934a7402a
paper/HeadingNorm_Supplement_EN.md	105187	894c37ceb758d472f28bd39950bf886ec6d86929ecccb377a1c53b8a4ae87cda
provenance/EXPERIMENT_REGISTRY_20260915.csv	46538	8b03bda1fd25d4a84e058df2ccdd5bffeba395de22f0ef78ae87d54bfd88f4f2
provenance/MANIFEST.sha256	8857	c6234d2ab54f7e818bfc9da01b79ee31ba5f6697adef9a5e08618d34d8f66a45
reproduce/check_raw_route.py	7332	d905eeb88b8c38cea371f640e20a6ba96e715b8cb81adce68129efcb781c9d7a
reproduce/make_figures.py	3864	04f0ac11f4ab0140785c56d9b4e809aceb37f215917739c0e4e3f9a5bbc4aed5
reproduce/make_tables.py	6731	b4291e94263f66cd3e0d6ae2a9a306b86bfa4757b389c6fc7c3efc58d21ef759
reproduce/run_all.py	2935	fde1c099fe98593ed1f2e3c798dae56247d497960eabbee720fff0781b7e236b
reproduce/tables_lib.py	9115	77dbf1f5f0e90b06008271824c0b668ea53124ab40b0e075b8bbcbe209cbd168
reproduce/tables_main.py	15684	bbbd860389513201b38a67e5b31ac2d1de442d871b9c79eb14ae375e8ea0f54e
reproduce/tables_registry.py	227	75c074a8f2407ab6a57e6a2569c1f04148e09c13c65e71103f7eeb0bf97d05ee
reproduce/tables_supp.py	30358	4f9e44bc357c8cbe30a1deb5ce49ddd4cb4c7ce8c47fa6ad2bfa1cc0996419ff
reproduce/tables_suppdata.py	6777	a806b8bf41242c446010b9d1beaaf9857c8f69c85200718c34dcdca398056a21
reproduce/verify_manifest.py	1018	91cf6b6d9b041462c462f24ef5500d5dfd85592bea6228a3f864fd8b60db65bf
requirements.txt	324	9f1c52a274055711bfe8191e48e0f96124e3d0927ea5285e897edbdf5256da72
results/angle_fair_20260926/PLAN_运行前判定标准.md	1243	8741d7cc470188ac0ce53601e289e60a947ac19b3991b91594992d95da392720
results/angle_fair_20260926/output.txt	12032	9fc76db1301aa12acf71bdbab9a9e72d1913e5d841ff39473aaffc5a7d401217
results/angle_fair_20260926/table_S61.md	1721	b0147f46e379f46bb79f868b849f893cce219af65a1bb128cbebba70e82113b5
results/confirm_20260913/cache_manifest.json	10619	b81da5bf8233fa0a427295d902dcf2c3dc21abf1a4f2ba71f410da9ff44b1e6b
results/confirm_20260913/ext_resnet.json	196572	e10657e071572eb29c7c97ac73b1c17b69005ace7499e38d23d964d6dc739872
results/confirm_20260913/ext_resnet_hn.json	197781	0567e6ea2dd9867fc2e04dcde01a42d40d94eec0d8fe13863798224b78070aca
results/confirm_20260913/ours_gn_s0.json	193928	8db91be4ab2becb61fd4c9601b849f6343fc64de9f2d765dfca5e5175cf1b66d
results/confirm_20260913/ours_gn_s1.json	193866	c9d2a68c66bfd8fc7a88a68c68eddd7eff6ce475571a4a6d044b2040a04cfc0b
results/confirm_20260913/ours_gn_s2.json	193891	2ec39a8d058b19e43b1637583ac1d5375d24f7df9d4734e32462172260e03ec4
results/confirm_20260913/ours_gn_s3.json	193859	e0d519d1217233da1fbcf8a8abc17eada92aebe2a25ec724993a81d8ec8d5b32
results/confirm_20260913/ours_hn_s0.json	193905	bfcef90cfbf5d0d3e4de00e4015275d493f5f56c4fb36adbd047c32fa78fbe0d
results/confirm_20260913/ours_hn_s1.json	193907	da7a146155120421d223e84096a5533e087964be8ceb4e369cebacd116717e44
results/confirm_20260913/ours_hn_s2.json	194024	007777830910465495c3a7e8dbd79c5697b92778f44ac13634c1f2f92bb3fa2c
results/confirm_20260913/ours_hn_s3.json	193897	a1796d6bd2ed4aa38ea9f396d025dd9fb13099f2fe02277985eaa1332cb8b5df
results/confirm_20260913/ours_pca_s0.json	194389	05ccaf9dc9908395e9311bfff8325fb36a907eb6b1e351449eac4e9910e0f09e
results/confirm_20260913/ours_pca_s1.json	194411	0b763c2e3c926417a70e95455b68edf5513b1b4c548a7c9b06fccfc16c2ef5c6
results/confirm_20260913/ours_pca_s2.json	194294	60a821faae5691849f80c2742a49bb750b49ac1c240d3136d07d67ad48eec128
results/confirm_20260913/ours_pca_s3.json	194318	443411d60af1c4748fce888d521d503356f37969f0c155c5f396903dceebbbe0
results/confirm_20260913/ours_yaw_fa2_s0.json	195966	74628dcbbc0c0197fba61f8dd9f31976f70b3466784ba793af7be0d1fbba074a
results/confirm_20260913/ours_yaw_fa2_s1.json	196043	2bb756dfb8a908a28b50c4e3f1ee8c8c8083896d9e3cd716a325342a1a9559ff
results/confirm_20260913/ours_yaw_fa2_s2.json	196019	378694975418b16a803cef941c2e00dd6d1bd41f466d2d69e3cd3dce0fe4f72f
results/confirm_20260913/ours_yaw_fa2_s3.json	196109	48c2a04310f474209b02e6dd0c6cc489e84ec2b115e449c1c000f401279be0e8
results/confirm_20260913/ours_yaw_hn_s0.json	195774	64cea60e3faba3a48f8bcd409b4db102509eabb2124e1495a0f535bb515e63d1
results/confirm_20260913/ours_yaw_hn_s1.json	195727	ce57175f5835fb876bf35e94e61185081b0dbe827c110c33e328e66534a1bf65
results/confirm_20260913/ours_yaw_hn_s2.json	195749	61086f5950a2bc060ffeb73bcd10c8d954052d5103511877078d073b67c9920f
results/confirm_20260913/ours_yaw_hn_s3.json	195704	dedc555dbc2bddf71f6b332faa679c75410de64ed5c0ae1ef50a19948abcfb08
results/confirm_20260913/ours_yaw_s0.json	194448	93d1f7059dca32c682429f0b2e5b8f9ee5d62bc9bd1d678b1983d882254633d6
results/confirm_20260913/ours_yaw_s1.json	194377	4e090dfde379e996f1a7451b8f5cf07a6aab4d9067da674ce8ff642e9df2793b
results/confirm_20260913/ours_yaw_s2.json	194618	c8ae829008cd06215d53cedfbe3c75a4060cd8999f178019875bd757a497d626
results/confirm_20260913/ours_yaw_s3.json	194448	8b489237820e2d31ec3ba283634194bffca3da25d9375269d82e68dbee0bd5d9
results/confirm_20260913/verdict.json	29236	0a6977dd171448223b6ae048cb37f84b68894c4c0f5d8840373e60d1f6d4cdd9
results/confirm_anglefair_20260927/ext_resnet.json	1131302	5cb3a58ef17f7bd724e277453314f7663cc71811cf514e8b6f4cca2bdd82de87
results/confirm_anglefair_20260927/int_imunet_yaw_s0.json	1129752	95772332455383cbdbe40c2b664d78dc912ba5c50a5af25573465095850aac07
results/confirm_anglefair_20260927/int_imunet_yaw_s1.json	1130383	36626b333e0f3ae3fe49274c0744b391a73640b9b611685f63b50d036db332eb
results/confirm_anglefair_20260927/int_imunet_yaw_s2.json	1130075	ff6b17ec3ed3c0728174ecea3a17cf876ac94d66c93b916b142349a40e6573ad
results/confirm_anglefair_20260927/int_imunet_yaw_s3.json	1129078	36c574e15037348c02328fbfc3c229fc17f12169ba039e9425f74f9039c62889
results/confirm_anglefair_20260927/int_transformer_yaw_s0.json	1133073	abfb2e57a181927319aadcf0889e6dadf0e34282dd7fd1d8d7adf0eeb7aa8974
results/confirm_anglefair_20260927/int_transformer_yaw_s1.json	1133350	13c442a1ba9dbf6eda42c4e71993f3775ce2e55884b54f31aeaa43e05af16837
results/confirm_anglefair_20260927/int_transformer_yaw_s2.json	1133459	5f869a43adbec820105dd9d7f38bfc26ed6507928ec4f652f950d26d758dd057
results/confirm_anglefair_20260927/int_transformer_yaw_s3.json	1133177	f017423fc407118b349d876882836ffae7646edf8c86b8e236efc716fd487659
results/confirm_anglefair_20260927/ours_pca_s0.json	504859	7684e7124a9015d3d7cbcab4423ab9f74cf5b73c5f2fa7a1f91fa1e6e32dd8cd
results/confirm_anglefair_20260927/ours_pca_s1.json	505133	07152b4b39c290792514839f5f098d5158f0bab2b9efb76375fe6838a9eaa341
results/confirm_anglefair_20260927/ours_pca_s2.json	505172	beabe0899ad7ceea383fee2aebf5749006e17649d0043b0f2708f08ec984bd32
results/confirm_anglefair_20260927/ours_pca_s3.json	504802	9a0647fdca5adb71dd8d5b1b4ea7b197896fa05ce579cffb4e819eec898e8c83
results/confirm_anglefair_20260927/ours_yaw_s0.json	1127793	c0dc75d90ef364ed023c14b4ddbcaf2eec49189798ca146318eca4bea10695fe
results/confirm_anglefair_20260927/ours_yaw_s1.json	1127767	abc998045efeb5575a1710fb2d718580f98d89caf7be421b1c2f3f9cbecdf02b
results/confirm_anglefair_20260927/ours_yaw_s2.json	1128253	6549cea56cef25099fb202de650efe8bfa714b1a56d4daab9f965b7482d10375
results/confirm_anglefair_20260927/ours_yaw_s3.json	1128296	c3b3e38331f6ece2c817a055a391f0aabbd11c41ee1a6973847887acb48681d1
results/confirm_anglefair_20260927/output.txt	18508	ef5588028d65ba4ab18320bd1e19439cf107529c4c771ecc64b12689226119a7
results/confirm_anglefair_20260927/tables.md	21745	b16e2a577ec6838d314d9a4ec1ff33b4904cb573b16b30da34fe62b5e5b073f0
results/confirm_anglefair_20260927/verdict.json	71421	07d047a97865bea7664dfaafe6f6693e307ab128fc78750be21e95da56bddc39
results/data_stats_20260929/stats.json	1813	104a595b58db67025f05df147277748702405b8f257b58d1b5eac6e2da6511cc
results/data_stats_20261004/phone_test_devices.json	561	15b46e357e87d8e6712824042a89ff5d5784c0add5acd9182bb814800a97b6f9
results/e0_plugin_overlay_20260929/ground_truth.csv	1186727	343c431a0cca2d40f13c922d18d30b5ab258014f2cc5cf3793bae9074566f678
results/e0_plugin_overlay_20260929/summary.json	955	beb660e11dddef906ee4a190e58fb53161e92a4aca43979652ebfb40d0bfca2a
results/e0_plugin_overlay_20260929/trajectories.csv	47262724	eb9a7ac23462cf38f9061e2f0024db37159557d3ca105f84709238eb115245f9
results/e0_trajectory_overlay/ground_truth.csv	658534	cee12c02e350a77904b135920fa72e2d0d7fbd568f6f4a3bccb76d250d0a3daf
results/e0_trajectory_overlay/trajectories.csv	20929991	2ac56301f94bbb75951aa76d5ddee2c374034c09d95895b9700e93423ea741be
results/e1_heading_repeatability/A6_v3_nopre_s0.json	602580	5e5f9791f5c16f3b1aab4f7709b9061786f68d398c25e4aa0def8698a3e8a413
results/e1_heading_repeatability/A6_v3_nopre_s1.json	602547	8a5caf1b3846be08fedd5fda2c808421c8a5d2c5231c9d54c58c8d342d304676
results/e1_heading_repeatability/A6_v3_nopre_s2.json	602502	0e1ee6d85e7eaf180070711f8447e8c1a368f1946b13e8b1b771e531daa0bb89
results/e1_heading_repeatability/A6_v3_nopre_s3.json	602425	8a81381e50e93afca55c5bfb69b222ac65e5076aaebaa2a444a41cb80f99994c
results/e1_heading_repeatability/IMUNet2024_v3_hn_gn_s0.json	587252	df8a403ac89d3efa22f87cd00e7352feecb466f45c33ff4960d48296d1e3540e
results/e1_heading_repeatability/IMUNet2024_v3_hn_gn_s1.json	587252	634d9c5712729c637bf3f26237d4d4a27a43c508587bea4011d278cc70dc6b2c
results/e1_heading_repeatability/IMUNet2024_v3_hn_gn_s2.json	587314	6c7e0f33aa0004f0afeb847c1ed4d2432fdfbc36e03ae50298e1b3975c4b6ac7
results/e1_heading_repeatability/IMUNet2024_v3_hn_gn_s3.json	587264	a4a36151b4e8168756bb6e5b734ff5c26b22064da677afa531ed4eb0f2ea5357
results/e1_heading_repeatability/ResNet18_v3_hn_gn_s0.json	584736	857445ab64ecffbc899f2ac5df972f5e2a0670fcf94aa7437169e3ff05ea67bd
results/e1_heading_repeatability/ResNet18_v3_hn_gn_s1.json	584784	fbc9457fd953fba1673847815e8223743af4d703bc71d14685f5784e76bc2537
results/e1_heading_repeatability/ResNet18_v3_hn_gn_s2.json	584815	8f9da9353f8d0956dda7e019afb4a45d31a36a0708d21d3c64ee456eaf9242e5
results/e1_heading_repeatability/ResNet18_v3_hn_gn_s3.json	584741	9f0d92e236c59012f205405837b575f2b4cce5f2d595871b23f8739cee2d26ae
results/e1_heading_repeatability/Sensors_v4_resnet_gn_s0.json	576912	b2a09f6b005353d4ff94448fb4e9556f798d62ce3c147184f2588abcbc8da8a2
results/e1_heading_repeatability/Sensors_v4_resnet_gn_s1.json	576993	2579ee500ded0a131cdd388c492fb882265e151ac8dc0b70b0f26b5fbd8e8a98
results/e1_heading_repeatability/Sensors_v4_resnet_gn_s2.json	576960	d1bc08457e96c1ecf70b7682cb56662ef53de6589237f4145724404ff1a941e8
results/e1_heading_repeatability/Sensors_v4_resnet_gn_s3.json	576896	1078933f878172d288c0605024019dd96d20d431a0ba57962fdebf8a2d2b3e68
results/e1_heading_repeatability/Sensors_v4_resnet_mixed_pca_s0.json	616372	6e692433cc7a91e0fc1459ab2579d53175a4c95c4379cdd366e26d853de408c7
results/e1_heading_repeatability/Sensors_v4_resnet_mixed_pca_s1.json	616232	51ada259a391b51a1d653d5369f61906fe2fff2fc09bb02e6f84a716798b255f
results/e1_heading_repeatability/Sensors_v4_resnet_mixed_pca_s2.json	616278	38fbeada90eeeee1b4e6855f84bd9166e824f471fc5b37325af42c20e2e37326
results/e1_heading_repeatability/Sensors_v4_resnet_mixed_pca_s3.json	616335	a39395ba3989f4738ed7c8849c9e8666bb3a49b719e676c69ee3facf8c30c75c
results/e1_heading_repeatability/Sensors_v4_resnet_yaw_s0.json	596026	e3931ec2b6d77c600988602863466a9a0b65c7570512d9f2a97b5a2af2e1f48b
results/e1_heading_repeatability/Sensors_v4_resnet_yaw_s1.json	596091	1745fee911aa680c06a2a87160ca3997e327773f14897ed39023f25c4144757d
results/e1_heading_repeatability/Sensors_v4_resnet_yaw_s2.json	596082	7b25604dd9c26a345ea7265d8cb0b374e05c1544d5b8854edcc85dcad6218e6b
results/e1_heading_repeatability/Sensors_v4_resnet_yaw_s3.json	596028	8da40f80da2e050caa9f2ac567609ca50e391e6cb929095d0c5f971ccca0a3e7
results/e1_heading_repeatability/analysis.json	12185	a6c6b2ed41733abed2e90cf84e7866199559ab3e01e7fe2127a629ac722f21f3
results/e1_heading_repeatability/table_per_seed_convention.json	9800	9885c02b8f75ef856781801bf0f437ccdc1060c783850da3cc043fbc9b03d609
results/e1b_yaw_aligned/A6_v3_nopre_s0.json	744061	854cfcf26d78c6853942a2c3d8ef6adabdc0b16c3c007d18961df2d5ec22f31d
results/e1b_yaw_aligned/A6_v3_nopre_s1.json	744048	8ee22b83b1c87bbbc9a6ffe81f6f8ab73229777c9aa50a3af4631d942653218b
results/e1b_yaw_aligned/A6_v3_nopre_s2.json	743863	7b29aded4b86b16fe0cf5537831bc018742748a081fad352a5656881e134eb4a
results/e1b_yaw_aligned/A6_v3_nopre_s3.json	743693	70fe18afee602b667dc3f81a5bfc0c9da69f301ff676dbb5c77565e31c1a7613
results/e1b_yaw_aligned/IMUNet2024_v3_hn_gn_s0.json	728641	cfaba3e23673e60f938339f040b4aea39d15061b5b994954b2cc69b572ad1318
results/e1b_yaw_aligned/IMUNet2024_v3_hn_gn_s1.json	728591	733378ec0998473e148de5679201e218c93b2f32652d3fd0f3dda7924680ae18
results/e1b_yaw_aligned/IMUNet2024_v3_hn_gn_s2.json	728694	3c3feb4458c61fab2b0680ac3ff78b3761ccae356042832c958d193658e2f36e
results/e1b_yaw_aligned/IMUNet2024_v3_hn_gn_s3.json	728593	df556b6f45d86159924571facec80ed1aaefa4e7a68e01889398d870613ce3db
results/e1b_yaw_aligned/ResNet18_v3_hn_gn_s0.json	726113	465d225b60cbd9e83fcba716b51eb80df2cf9a6ee2da9b4ead067485d57117c5
results/e1b_yaw_aligned/ResNet18_v3_hn_gn_s1.json	726165	8e14677f499c79624408c2aa39b25add7e30189242fd39cefea9e40c25b06ca1
results/e1b_yaw_aligned/ResNet18_v3_hn_gn_s2.json	726164	93202a78b2a863b9bc512963e2fa99e23c75d0e6970cfe54e08b1c9acb04c4e1
results/e1b_yaw_aligned/ResNet18_v3_hn_gn_s3.json	726157	10fe0b8d4bc30b7de7b347a2f779d8742b0ea333a54eee671c7ab779f3f07670
results/e1b_yaw_aligned/Sensors_v4_resnet_gn_s0.json	718048	0efd08fb779a2dc2852bdcaf09e51f519a16a2edf31f784b7c4f12bed4eda1ed
results/e1b_yaw_aligned/Sensors_v4_resnet_gn_s1.json	718168	4e2a64fc876c96728ba31f414996c9739180d5648e3d3d1355c8afbe758fefa7
results/e1b_yaw_aligned/Sensors_v4_resnet_gn_s2.json	718145	741b87fd787bfe9b885f0ac25458b2f99193d8cfde1262e413f14da629622e80
results/e1b_yaw_aligned/Sensors_v4_resnet_gn_s3.json	717976	2ecc7db2fb10d66b3eb2735bac6795de5979b465f2b3f41678c42d9c2149aebf
results/e1b_yaw_aligned/Sensors_v4_resnet_mixed_pca_s0.json	757744	a11b77f8c0cc5af39c0fdeb907ac5fc9ea9c6a8f714e6780fdf1881109c408aa
results/e1b_yaw_aligned/Sensors_v4_resnet_mixed_pca_s1.json	757500	ae3b2f1edb0fe1fffb8db1ccf5935ab38d72d714ae67d2275b22f295f24bb582
results/e1b_yaw_aligned/Sensors_v4_resnet_mixed_pca_s2.json	757598	1892655b9e7105e2e991e94aa69e252a05e04b4a59616177010e4799f5fc74fc
results/e1b_yaw_aligned/Sensors_v4_resnet_mixed_pca_s3.json	757592	9a7892efa2b61f85145aaea3d9028a8bc347d3377fa45d368c14d78fe391ec11
results/e1b_yaw_aligned/Sensors_v4_resnet_yaw_s0.json	737298	b396ba9d9da335e9f5f23991d935ab8e62c205f42a4fe87cccc1e04264720b1f
results/e1b_yaw_aligned/Sensors_v4_resnet_yaw_s1.json	737427	9ec1963fac7741a9ce40573ae4b6efeb59f983d5d0491fcfedcc8ae75664e5c3
results/e1b_yaw_aligned/Sensors_v4_resnet_yaw_s2.json	737387	529de504f7e4e9cdf79566df23be13db15bf764b8ffa3b964ec85983fed2efaa
results/e1b_yaw_aligned/Sensors_v4_resnet_yaw_s3.json	737267	5fea0665b214ec6130e11f4cd8ec448e23fd145b803338bbe93449a7cad731ee
results/e3_backbone_frontend/E3_imunet_yaw_s0.json	539237	2e55247abd6433723fba01a701ba7eb64ce02871db72c1a41be578932afd6136
results/e3_backbone_frontend/E3_imunet_yaw_s1.json	539253	2fca01006c399d24db7796dbf0b2695cab60d34be55a0fe8d0b8c295112c4caf
results/e3_backbone_frontend/E3_imunet_yaw_s2.json	539196	97008ff704f31884786337bcf33fa9e134780e508e57831ba85494a3fa3b5bb1
results/e3_backbone_frontend/E3_imunet_yaw_s3.json	539215	60c36071f2d824fcf42a7e7468f747543a7a43f3998ef21f1aaaf2e8fb7d8d45
results/e3_backbone_frontend/E3_transformer_yaw_s0.json	551939	1096104ca845090e1d2a2c0da8a868ff4531f3379da41c81a1e0096ccc98bcd6
results/e3_backbone_frontend/E3_transformer_yaw_s1.json	551915	68fb4f31e5c2c1512128e37fbaec0b68766e212a594f207a071d54a90b0ec7c2
results/e3_backbone_frontend/E3_transformer_yaw_s2.json	551955	37895ec1d538e34f1f66138501b2bd83b80a8d4afed096561ef8c103cd5e5fce
results/e3_backbone_frontend/E3_transformer_yaw_s3.json	551907	ade122eab7b4c94646ac3ad2ec1f6c0a6558280ed280804583c5164e72cba6a2
results/e3_backbone_frontend/analysis.json	27847	287f4e8da930ccf08779908036b7a29dbfa9dda99a1aea3bf066e887a89be17c
results/e6_sign_ablation/E6_resnet_heading_nosign_s0.json	558043	7a37a87445ea367d68be9d271a9ced31913ec6e514c66052e16ac734c7ff76cb
results/e6_sign_ablation/E6_resnet_heading_nosign_s1.json	558136	2a17e570094a01c94628a7e384357479d256d558e9ce5cca1f7f5a340d0a0f92
results/e6_sign_ablation/E6_resnet_heading_nosign_s2.json	558044	2baf195ad0138a40d30cc3b876e891df31fbc9f99e5dbcdda4475df21a3a36ac
results/e6_sign_ablation/E6_resnet_heading_nosign_s3.json	558088	774adef05aa90165ad25f7d51a84ae5628f7dbc2110c67c8a34e28747825e817
results/e6_sign_ablation/analytic_frame_check.json	2660	858be25c832c60e3dcc50714b19600c4f374f4b27a9310ac07d01dc80aaafe48
results/fa2_repeat_20260913/rows.json	138683	c1ba37ba3073826fc31fac9d1953731c340f752189e360041e51829a08923ab9
results/fa2_repeat_20260913/verdict.json	8544	167189339eb5a3fa9c307e6e743c93599feb5eecdb4b3b0a582c010c6275f4ef
results/fig8_shape_example_20261001/provenance.json	1214	79241be51391abbe867128959cab324572ce4e7122450b1819f6958cc0efdeb1
results/fig8_shape_example_20261001/tlio_c_467106657072642.npz	4509430	35c5a22a83cab909a66c86c98808bbe69564aa20da7238f42187129326834753
results/figure_inputs_20261004/fig02_window.npz	4370	2006ecba798a7d29bf14cf276534882f7e99c641e3460dcfcf4ae839becbf9e3
results/figure_inputs_20261004/fig07_tlio_confirm_sequence.npz	846584	d5490ddf95ca1451b9857f4467fba8ca93d48d26138a2a69573c4fc135573b35
results/generated/eval_rq1_rq4_v3_registered.json	2895476	2f90ffd70931435897da9fb7d9a9f39304c5a0c757608ac201ca8975cc523d09
results/generated/eval_rq1_rq4_v3_registered_summary.json	980039	e5dcbb53575b2a5707a507012725574f27280804b4dab4553c1c3c64cb2e7a98
results/hn_plugin_p0_20260912/ext_lstm.json	325262	2bf4c4eb2712d93c4a1303966947a8ab7185030aae5e60d679727756c57a59fb
results/hn_plugin_p0_20260912/ext_resnet.json	326205	b062cc5c7b0c02130f99cb326189309eabdb19462261ad1bc9c4a422d804e8ac
results/hn_plugin_p0_20260912/ext_tcn.json	324628	3cd0715c69e5301950ddfa089daebd58c6adfcb952650bc9c9f444082c04355e
results/hn_plugin_p0_20260912/summary.json	64000	a4b5a947322f4d28e1b4bbadf5adf1009ad0c5deef0c0f2c2ac5ff4f0c4a1029
results/plugin_arch_20260923/int_imunet_yaw_hn_s0.json	309314	42ff747bacbfc5a6c54fbea481f97738d1e92993239a5ae83f5e0190cd33c462
results/plugin_arch_20260923/int_imunet_yaw_hn_s1.json	309602	bfcb20a6f2b69b35cadb17739335e5c836283c1683fa6524833262c7ad8c37e2
results/plugin_arch_20260923/int_imunet_yaw_hn_s2.json	309362	52c7225c82ba38f4e03a66ab5fe2ef51a932e00cb51dd98020deda2861b6d1d3
results/plugin_arch_20260923/int_imunet_yaw_hn_s3.json	309405	9690d8e5a907afdc5230c8341d16ecdb8a9755edcac8b3d636dd71ee205307a9
results/plugin_arch_20260923/int_imunet_yaw_s0.json	307385	ca23f7bbd071f040c99f5996d2f52b3958e493d29a7fa0dc5000442c581040fa
results/plugin_arch_20260923/int_imunet_yaw_s1.json	307322	441c86819849b1043837390ac47d06954c444eb7ccb99e13e315e55fefa1d011
results/plugin_arch_20260923/int_imunet_yaw_s2.json	307497	f3d9aae8029946f3b9623e3ec63cbacba840e6cdd8e8a1514c64a369b537787d
results/plugin_arch_20260923/int_imunet_yaw_s3.json	307319	f4ad8719158eef9b47934911dd74ac63e298ae957aaa92c2579cd206fb318001
results/plugin_arch_20260923/int_transformer_yaw_hn_s0.json	313010	7e5c38b1ad76861f32c6370c280825a4ba5a97e5ae2a457d1ad4638c881e3fc4
results/plugin_arch_20260923/int_transformer_yaw_hn_s1.json	312956	0237f8b8755e0028bc5343b476af4627f3b1bf674120c1341e67789c313d588c
results/plugin_arch_20260923/int_transformer_yaw_hn_s2.json	312967	f9ebbab712ee10f1343539e93f1a8c9a150408b39cbad77ca73845ac0b5799f5
results/plugin_arch_20260923/int_transformer_yaw_hn_s3.json	312973	b043994140c3678f1548920450525b44779bfc51d7aa9847b69563a3a87feb59
results/plugin_arch_20260923/int_transformer_yaw_s0.json	310886	62947abcfba53ad33c6a4b8672edfbabd29e602ec59dca01d44040a49503032a
results/plugin_arch_20260923/int_transformer_yaw_s1.json	310943	567193d50a771f9b4a82b80cbf510ecf11920286f69171f09d39b2850c5cc732
results/plugin_arch_20260923/int_transformer_yaw_s2.json	310936	513983a395315edf46c7ad320f669d72fa29fae4c8201076a74199eb55445d44
results/plugin_arch_20260923/int_transformer_yaw_s3.json	310935	f12b95af565475b8f98e64fba6095a33d24a546d9bb54228e1b3fd06ec6f9ddf
results/plugin_arch_20260923/verdict.json	18218	45ea51cd3c0d2328d5db6129d839d89be18b54270082e297009f89855c92897f
results/sensors_v4/analysis.json	2604475	6cef84263cebd5df48d93a461f92435e3cc45fa2926be491ffbf8a3d56e70d84
results/sensors_v4/diagnostics.json	21244	2e425dbcabc98c8aae71b24353e2f48c4212f0e4c08729c02c7e2a506cd84d79
results/sensors_v4/evaluation/A6_v2_f100_s0.json	65458	2a4cf8122c58eafb98895821d39aeab3b7b919bb5928965fbbc2341869319161
results/sensors_v4/evaluation/A6_v2_f100_s1.json	65452	d09b037d5c4289946ba89b4fa24f6c97d58abee8d28f290069506bda7e6c80f3
results/sensors_v4/evaluation/A6_v2_f100_s2.json	65467	efb1e59bf4acf46c1ad28abd12871c32e63b8268f27334d90fc63f19f8ee0b12
results/sensors_v4/evaluation/A6_v2_f100_s3.json	65449	60f622069eb1caacc27015d6fafb6ae71b28d5ba577f642cda475796a1d245e7
results/sensors_v4/evaluation/IMUNet2024_v21_matched_s0.json	67013	1ba1b2ef64240628b7a63fbcf02c7d119f500bd8164a49b05b613e730f04eb6a
results/sensors_v4/evaluation/IMUNet2024_v21_matched_s1.json	67007	c197d86685b930fa86cbfda6b3c9e81e006b06b0a95a4c092e8d964183d5a202
results/sensors_v4/evaluation/IMUNet2024_v21_matched_s2.json	67009	0952715e7c13579246eac71bb997e0042f9d0f284fa8aa097f94a611d86c6ea5
results/sensors_v4/evaluation/IMUNet2024_v21_matched_s3.json	66982	0f7cbe4edfbebfe296f4576b785230b03d86970827e4e91d95ca44d5033092ff
results/sensors_v4/evaluation/ResNet18_v2_matched_s0.json	66601	1c5813f09f3ee866a5bd8a9db4f55abc97e091b750b59c273a43123c94e8811a
results/sensors_v4/evaluation/ResNet18_v2_matched_s1.json	66619	3c80c965f53937d78514774673054c00f3e0daebec1409157c61ed9d994f1bdc
results/sensors_v4/evaluation/ResNet18_v2_matched_s2.json	66610	c3c0ac0c24d3584816915e3b6d9dacdcbf68e544ca0b548c4f5a01629eabc5e4
results/sensors_v4/evaluation/ResNet18_v2_matched_s3.json	66584	d4f3c6c3b2d704b5875d81d8e7ca1b549754b8086471a6a2f54b51869b0219c3
results/sensors_v4/evaluation/ResNet18_v3_hn_gn_s0.json	480964	bb99f8d324ec54a95c9dac3711a558749aacb37225ccd422f5d5c9295b16842f
results/sensors_v4/evaluation/ResNet18_v3_hn_gn_s1.json	77518	f6b0b92897171f4ed6b3657de86f06e0a0f60e70b46836c7cc9971ec0282133b
results/sensors_v4/evaluation/ResNet18_v3_hn_gn_s2.json	77526	88f29a187c1f5ab10b064378a44703cd79dc74eed742cd1dc7d096195da84d26
results/sensors_v4/evaluation/ResNet18_v3_hn_gn_s3.json	77499	425c726a31a513b4d359121f6650f6b79e2a292c49866bd6ae2adf991b240140
results/sensors_v4/evaluation/Sensors_v4_budget_gn_s0.json	77922	dd0258fe1b27ecda98e2b44016ad39284609ffa8921a8978031e0262fa91a755
results/sensors_v4/evaluation/Sensors_v4_budget_hn_s0.json	77986	c4446962ca610c259b0d1fa68b2939ced1d06aeeaaeff83f80f62ffe6666ad19
results/sensors_v4/evaluation/Sensors_v4_budget_imunet_raw_s0.json	79165	042132c7e13af490dde780dbe4fc629f06571bf63b6d29d1f4e64a6edc74ade8
results/sensors_v4/evaluation/Sensors_v4_budget_mixed_pca_s0.json	79068	16bbe2739100e396868e9211b5e869685b82930dd9b27c11bb48a4d23d4012a8
results/sensors_v4/evaluation/Sensors_v4_budget_transformer_full_s0.json	80209	37e3c0717952dfdd33698b5016d53205d0a735c87793c8d29796e4f9c8d1b2c4
results/sensors_v4/evaluation/Sensors_v4_budget_yaw_s0.json	78102	8fece77ad45a61b44552673a8d70ffa3cb8dd517c101a5f8be73aeec5d94760a
results/sensors_v4/evaluation/Sensors_v4_resnet_gn_s0.json	481382	6b7fe7b6a93e49294ed82d4c6626aa9db76887f84d013371194ef31038f8dc15
results/sensors_v4/evaluation/Sensors_v4_resnet_gn_s1.json	77958	1abc001a116949511077bb8071d828c7bbb12d838d92984c750650933c549c99
results/sensors_v4/evaluation/Sensors_v4_resnet_gn_s2.json	77955	f6e784ac59630b5971707bbec77bd32f280b8de366c82f077ff454f89fdc31fd
results/sensors_v4/evaluation/Sensors_v4_resnet_gn_s3.json	77939	303eede8dd5927a05c1dc3b805bdf77f070af5fa1af9cc37053245f034f7a14e
results/sensors_v4/evaluation/Sensors_v4_resnet_mixed_pca_s0.json	482494	a1a618beaf4dc618a8fe7b5f6d92f4b3c814c2b40d3608a0c556bedfb448e9d0
results/sensors_v4/evaluation/Sensors_v4_resnet_mixed_pca_s1.json	79087	7be2000bb64193d57ae926c3f77418b11d7ba1394328fe8204ecdeb5a4d9e438
results/sensors_v4/evaluation/Sensors_v4_resnet_mixed_pca_s2.json	79086	65b73b2e6363473ab10678066b1566313708576cfe867db544d1275525c5aba6
results/sensors_v4/evaluation/Sensors_v4_resnet_mixed_pca_s3.json	79072	c69e936770872eb6e2bfa290c6287d76bec61b1aaba76e91da1c8d346cc17c6f
results/sensors_v4/evaluation/Sensors_v4_resnet_yaw_s0.json	481531	da61ee9f8638ab776fe34c8cc2d6d7c459a30dadd392bb715e37b67253e80283
results/sensors_v4/evaluation/Sensors_v4_resnet_yaw_s1.json	78125	426723a6a64f519abbea42fdf65fd74ad80c1e4d576f42452b7048ff09d694dd
results/sensors_v4/evaluation/Sensors_v4_resnet_yaw_s2.json	78120	614e58d80141ce6863747997bbb0f53fd374911f52009aff6fb40c85748f02fe
results/sensors_v4/evaluation/Sensors_v4_resnet_yaw_s3.json	78086	ed8f2656cf99f586d1b0e7a3dbc9ae6813c280b9a0eadb675f29a87d228ac9d2
results/sensors_v4/subject_mapping.csv	5634	90181fc18e77e89f08d3828920d48b6ed05bea9dc08aca135917f5be49dac1ab
results/shape_verdict_20260923/verdict.json	25974	87f84dabf2635bfcc14fd6af3a1f428be6cb3bb031caf2cc4f06a9df6f870b47
results/submission_frozen/eval_rq1_rq4_v3_registered.json	2895476	2f90ffd70931435897da9fb7d9a9f39304c5a0c757608ac201ca8975cc523d09
results/submission_frozen/eval_rq1_rq4_v3_registered_summary.json	980039	e5dcbb53575b2a5707a507012725574f27280804b4dab4553c1c3c64cb2e7a98
results/submission_frozen/eval_selfdata.json	71653	02252084ee3fc2a8d0da08ae861e695714391d94f7b42c046d89bdfe74eb4bb7
results/submission_frozen/eval_submission_v2_v21_registered.json	2060297	79951e00b502bc04c48272d78c507caf42dc6b3b54e989ecb60fa9cd9df04f4a
results/submission_frozen/eval_submission_v2_v21_registered_summary.json	48504	aad4e4bdba0bf45abc1dc952a39915714609746b2149737841da9d733f3960b7
results/submission_frozen/eval_tlio_posthoc_v22.json	264452	45c7a83541fc9b0181867b16eda57aa6d9c63b0bb913ca0762b485138211f267
results/submission_frozen/eval_tlio_posthoc_v22_summary.json	8244	d092eb08e1d0f44c163bd82385e6ef9d47da21b8cb8d2398841d36e06f3110c8
results/submission_frozen/numbers.json	7100	aade825e045f3e9dcde2b70a342aef577c94987253c73432bf9011cda04da069
results/submission_frozen/pool_docs12.json	1104	4a52afee7560cef8919e8e1ca28694e4c8937e56e164c0890932b33d54fe9c6d
results/submission_frozen/registered_numbers.json	7732	9cee6198ed12f0192c73a55fbb7708deb2c03e5b4833f64aa970b2116debbf0d
results/submission_frozen/residual_channels.json	2000	245a2aef8457f13fa9afec74ef91a19eaab4e912131fdf7f7d1c82ab10a11d89
results/supplement_sources_20260909/accuracy_euclidean_unrounded.csv	5864	5fe58583b0c3aae5e6ac853e71320c02d0340cbea0345ae7b981ee38ac49a668
results/supplement_sources_20260909/accuracy_unrounded.csv	5971	6e71b1e3bda24d5a790cea7d49d632f02908604e50e45d7959fdb6f4e9d7724d
results/supplement_sources_20260909/alignment_ranges_unrounded.csv	500	0d04fbd562dca54968204a0114d7894ff4af082f4879dc7d817df45f87f6566a
results/supplement_sources_20260909/data_manifest.json	46755	85140ba9b862fb6c45e135a517d63e68cabad9aa8a23598ff190983b7c0ba092
results/supplement_sources_20260909/direct_velocity_discrepancies.csv	1053	4173030010f99c41b72fcff7c5168247c5d80401e013c2db9a0d750caf95d56b
results/supplement_sources_20260909/docx_structure.json	578	bd3813b49a95b9dacaab13d8705acb60be931d92578af0202fbe20c114e0d540
results/supplement_sources_20260909/fig1_pipeline.csv	123	15d61454ac78e58992deefb58a03bbf35f5897c7819b9384a204c891c9cff11f
results/supplement_sources_20260909/fig2_rotation_range.csv	1583	e9b34a613d326564c608ab34d1057fc2ddf4688849a3f92ba8139dc044fa1ac7
results/supplement_sources_20260909/fig3_accuracy_contrasts.csv	970	45fbf827624d118ff89ed7803f558c900a1b7e0b77a4dc33fad51b967169c5f1
results/supplement_sources_20260909/fig4_elapsed_error.csv	1237	d17dd45216f8c4f4b87f0ab63568ddd3bba5a24b67e9e53f596af314971fde43
results/supplement_sources_20260909/figure_filename_map.json	367	8ecc9c50ca925df0493b24bef14190efce3a761534b4acc177ebc54d8ca4412a
results/supplement_sources_20260909/final_render_diff.json	912	211e3b866a41bf095e22db8dba4f31449089b4aac3f58bb5f410425ef0a7e188
results/supplement_sources_20260909/geometry_unrounded.csv	1425	4202cda661f5f27a511e62de1063654923ba943f45c0881f9be31b67389122e9
results/supplement_sources_20260909/independent_audit.json	376181	2ddb6fd36262cd374ae947d87185358b71bead7020524c7672152dd037559cd7
results/supplement_sources_20260909/loss_report.json	1827	e619d13b590e79026d22a2bb6ac4402e0216c542f1766dfecdd8f22907c50344
results/supplement_sources_20260909/numeric_tokens.json	15244	80b81c527445bebc8ca58a8fb395a0a10771425355d96432808dbd6242bda79e
results/supplement_sources_20260909/official_replay.csv	5252	96ed671425e79df095bfc29230357a437b573be6b9e3b96a52eeb5c59fbe2e3b
results/supplement_sources_20260909/official_report.json	885	2b7d6791d94b9e60db1f227743b8a78be924d66292682be64ee9235c9d4faf19
results/supplement_sources_20260909/paired_contrasts_unrounded.csv	2860	11beed403b91de7791999a7d63543c9225dff25dc4a36b05ab05e458c2fd8cc8
results/supplement_sources_20260909/reference_number_map.json	249	3873d32a3224904c228bd9cafd727ec2dfa337d8c418a07abd1dc8652b0cf84a
results/supplement_sources_20260909/rotation_ranges_unrounded.csv	4103	cc89ba23fc0198b57a009fab0cdbbb2285968da1f986b19f1224b2967a4c6f4c
results/supplement_sources_20260909/speed_adjusted_event_contrasts.csv	4667	a568a670dcabccdbf2b13a21434081f8b7ac5f853b8efdfac83b2389b60d82c3
results/supplement_sources_20260909/table_backbone_ate.csv	480	44be9eec6dad0b2c9e804b43882d5f4d496ea639c0796d091d25ca399d2a244a
results/supplement_sources_20260909/table_backbone_rte.csv	480	2e5ad6b64d5dc2b8e70d732ebe1b9b7de3773906f1e8171c2e08e6dc6a0ca67f
results/supplement_sources_20260909/table_data.csv	256	7c0f1d71f6ba11857de2a9d1bc734ef5618b465daca1d1359e839a7bba52ff64
results/supplement_sources_20260909/table_euclidean.csv	217	c03f72f58514f1d9c4e23ff219077875417f596a3bbaef3503d184dfb1245196
results/supplement_sources_20260909/table_frontend.csv	413	7bdcda61597e7a8b03fe2c64f0cf0c5ecb471305916051db351da54d75f090cb
results/supplement_sources_20260909/table_loss.csv	238	5264b89c3a3a67f726cb77eef570ebc811a7e292532f1a92385fd0eef1cdec08
results/supplement_sources_20260909/table_protocol.csv	942	b090c0bd4f77c14d84de0839f9cb1ac2e1b6055d5c3809d6a5491b28e0cc4921
results/supplement_sources_20260909/table_reconciliation.csv	193	fc448840e57c08f1b1178da49ee48cf4bb923e0e52f0ae6076480388b7a9be08
results/supplement_sources_20260909/table_s1.csv	687	fd4926456171d631f1a723f1e8f33cd9afab21e69339faf285d84b28d5e6d0e2
results/supplement_sources_20260909/table_s2.csv	536	55d9bf6a85d9c78481858629fb573dde1ec5b41ac57ae0e3c33c1701bf067970
results/supplement_sources_20260909/table_s3a.csv	347	9cd54053fc1a1a9531e789dc55241f491b9454126b2e0848bdd25020eba3017c
results/supplement_sources_20260909/table_s3b.csv	190	24e1d102edd84f8898d54a87ad0aa03474ece378d01e3738389d9415616dedbe
results/supplement_sources_20260909/table_s4a.csv	308	44b4c43eeadcdd16b21dea529bc798a1b6e67762325130c2e9c0b1aacdf909ab
results/supplement_sources_20260909/table_s4b.csv	342	1d8360b7895aecd6f5473b50f498e51221c66d974b6a272badf9215a8d4c638e
results/supplement_sources_20260909/table_s5.csv	482	eb59e49fbd3239853666609b1cbc237da0098b6db3d3fd056dd323d129bceb47
results/supplement_sources_20260909/table_s6.csv	211	5fa79278da8908a8cc26e67ac5d551a74abbb1b5d6f33c0143f721bf7efedbd1
results/supplement_sources_20260909/table_s7.csv	235	fdbd30ddd23856218814b3bab23d324fbdcad4cc53a971306345969f9e53290e
results/supplement_sources_20260909/table_s8.csv	237	35539f0766f11dadf7ef64b9b2bfb4c6d1e88a981ba6c24b4c147fb5a30e5a84
results/supplement_sources_20260909/table_s9.csv	656	280434b4b76c96396bbf0dfe6a67c88c0e0dc142929cd943241fbbea8129dea6
results/supplement_sources_20260909/table_tails.csv	449	d2e26181a59fa2648a3dfe9f36ad71a3c7100df1077d8978115d0b0a2d63e984
results/supplement_sources_20260909/table_temporal.csv	556	c4ed56e7a38b2224788ff124c788efc459bd2464abda50d1ce484a7472597168
results/supplement_sources_20260909/table_timing.csv	201	72ca2811ff08b64ecec89ef6e4464ad3a7d39bb74af7eb1e89e56f63bbe541a7
results/supplement_sources_20260909/temporal_acf.csv	74164	64818a6d2016e1995bbf8377dea23650aea291061150ce3c0b94118e51e83e81
results/supplement_sources_20260909/temporal_acf_subjects.csv	6916	440b9d934b700f3287200c1ace94085c86405bf4dffc25d7f4314b6afddfef03
results/supplement_sources_20260909/temporal_events.csv	181992	95d59e5620e501f2cf7aea9d88fc84a3d2f26726e81fbfe83741f66017d7ffe0
results/supplement_sources_20260909/temporal_geometry.csv	2377	5d748cdafb646b6531d44ab672310902b8d710d084f257d8af581e0bd53af4bd
results/supplement_sources_20260909/temporal_horizon_subjects.csv	16209	f40b451ddf589495815f89e7e3690e28a2d53038583bd53fa3dec4ebe2a41e4f
results/supplement_sources_20260909/temporal_horizons.csv	188913	a92d3cf32291fae329e2caf509098f19026c4e98a4aa017e8323df8cbdddc706
results/supplement_sources_20260909/temporal_protocol.json	853	11879ed529bcc0ba7e2e543fb0c39a79f673459f32b38ad1251e94396a2f6938
results/supplement_sources_20260909/temporal_report.json	5660	283204a351efed290221060110039438d0c800274cab1ecc80fd5cf9d4be9ae2
results/supplement_sources_20260909/temporal_scores.csv	32767	9bd4294ef1f90524c6d8ec60a7909ab50c8dce78d70407a8953d9e9b1581c08f
results/supplement_sources_20260909/temporal_speed_strata.csv	85303	dccfee219e87bae4bd02578bf58a05b5e6b0f4f951af67218d961bcabdf23c31
results/supplement_sources_20260909/temporal_summary.json	1379	50b83b9914e97cae9ffc43369c877188b56fbeb62224051db4f047d49c064dd4
results/supplement_sources_20260909/timescale_unrounded.csv	9191	d564e6676000e0c9a443d2ccee5d9aac612d867aae5533645f1cc60cf8d9c0a7
results/supplement_sources_20260909/training_recipes.json	25494	450a5553d531d3088cd07efe51640738ef3355e5fea4faab4883ba7cc7105061
results/supplement_sources_20260909/trajectory_illustration_scores.csv	1333	d737c4d68d10008b1edaad14e5d4afc1796023eb669cf433b7f7baf3d4baf8a5
results/supplement_sources_20260909/zero_angle_sequence_scores.csv	408540	783f615167ef0743a3af6fba9b1fe9553d9ad56cd6237d87683c34e7f8dd2ba0
results/timing_remeasure_20260926/run1.txt	1137	07076ea3aaf046012017d1bb3fe2cb67f2dc5617e2f493e5e44004e63cb6c240
results/timing_remeasure_20260926/run2_reversed.txt	287	b801b5e72886576dd2835088e2d2ca180e6919a69f545d947f6a45f239eb6366
results/tta_repeat_20260913/rows.json	206615	202cdf86bcf20c149448c1c1ba23fc05eff417a7e3f044cd825139edfd13eaeb
results/tta_repeat_20260913/verdict.json	7027	ffe5db18b1d1a781d16b90c03bef095cffd01c2482c6fdfa61560647bae423fe
results/unified_eval_20260913/eqnio_o2.json	110170	35271f8a044b80c5dfd484d4a255862fec35888b1e7fd8c4d58e4214516caa4e
results/unified_eval_20260913/eqnio_so2.json	110456	6ec3e1eded937ce7636308ad4c725e2791b93d28afd52fbfea5be709ccc1f33b
results/unified_eval_20260913/ext_lstm.json	110179	d6cdb61ac293b777c25e0abf308f579e90a3c3206b484acf621c28eb0311b11a
results/unified_eval_20260913/ext_lstm_hnseq.json	111572	35d186089f6dcfc4f7f77396d423d57e88a7577cc4571a8e0d2f8c5d6ad566e0
results/unified_eval_20260913/ext_resnet.json	110673	83086f3fa00ce7c2d254ef612f654e2e81e9b85dd6458a755479f74c403ccf96
results/unified_eval_20260913/ext_resnet_hn.json	111413	f80b332e51dafd94d36416ae5cddaa93944841c765b6d1e85409a712b4fa0953
results/unified_eval_20260913/ext_tcn.json	109950	f0fe7155631b7a9629576c72f3bcb7254ad79e6395bff751f904c5f7bd987646
results/unified_eval_20260913/ext_tcn_hnseq.json	111271	4def3d029658cd88eecb593b1210c2a831cae79ec3222fb6257e8ebfb622e2e4
results/unified_eval_20260913/ours_gn_s0.json	109154	2b6de48658b0100253dd7fdc9ae3e6dc4afbda0b1b766cc842f0fdd6cea1efe4
results/unified_eval_20260913/ours_gn_s1.json	109216	600226784975bc3b01aff5e4ba35ec45b38bb2510f1ec296becfe04ebc66f8e7
results/unified_eval_20260913/ours_gn_s2.json	109246	d6efd61d84aa9f34ee0e3554e839cb67cc0ec94b2998f8a0b4affe2116c45f39
results/unified_eval_20260913/ours_gn_s3.json	109184	4dce64da5eb2e95963220d4b9f1d3d184589feba8082288f62f2ffb9c1a32f78
results/unified_eval_20260913/ours_hn_s0.json	109235	7f6fc5ef257b20e2794202b21ba72ffbd9779c1c762ac87b3fc72fc157f0afb6
results/unified_eval_20260913/ours_hn_s1.json	109294	9d0a36b2f2786fd3406de4987f1d1f89e717c27d12b7749af414e467d612bb63
results/unified_eval_20260913/ours_hn_s2.json	109286	0a12557e8f9ddb04fae72756920697d6eeb031fcae340737c6be6c00639bf621
results/unified_eval_20260913/ours_hn_s3.json	109268	30b5b3d8d74b4717b505fb74b4907d6a7b268ad735d85a1c0191cda7b18ff9d5
results/unified_eval_20260913/ours_imunet_hn_s0.json	110860	4f33c5ce91e036d02fa0480e46bdf664c765c1802d6b2f840b4593a8de051476
results/unified_eval_20260913/ours_imunet_hn_s1.json	110919	a6a5033dc7a4cbd997ab7ab1d3695a1b38c25882a14a2b036d8fc14cf6c4ea6c
results/unified_eval_20260913/ours_imunet_hn_s2.json	110887	8ea050bd0b0072919c526a50b9760184cf99ada75a9de5e8b0b2c85f25ac9c0e
results/unified_eval_20260913/ours_imunet_hn_s3.json	110902	51dd4255faf3b2360cc4fbd2112cc2479bf81bbff8874c76667f73530a92f695
results/unified_eval_20260913/ours_pca_s0.json	109532	f3aabf1b40e76180ff35020adebf6ba3ff52671fdff364abd9233866b1abb13e
results/unified_eval_20260913/ours_pca_s1.json	109472	40dbc9be1de9e63e1e28c3d39a9b2f1fd2f1c622552c7cdc554c2b0628d3746a
results/unified_eval_20260913/ours_pca_s2.json	109567	8b71a03c0cee30bafc36129bcfe4f4f67a1cf2d8e1d299b35f03c6b9362162bd
results/unified_eval_20260913/ours_pca_s3.json	109502	6e516c76811bb60a63669d96ef5ae3656a4f926dda4105361a80fb43803fed97
results/unified_eval_20260913/ours_transformer_hn_s0.json	112133	5ae6dd6f7c8c1194e4e6593fe5078e5586aae076a177eca5533fa6cda3b5f122
results/unified_eval_20260913/ours_transformer_hn_s1.json	112090	ed4f77b933c7de9882791d7834f8691b1cf414f1bb927821c9d5b88689a7fe92
results/unified_eval_20260913/ours_transformer_hn_s2.json	112088	4e6737e78db274208e463733cbfe35761b15fb585cfeeaa3da088167e2ce4b8a
results/unified_eval_20260913/ours_transformer_hn_s3.json	112030	ca46fb2b0f3cd0149dab0505f85bf204ba0fac10ef3fc8111cd1ef442c130a12
results/unified_eval_20260913/ours_yaw_fa2_s0.json	110538	65c07b86e075af5371c6f44c208e17adebea426e21ae52819f44e9b9f51163b8
results/unified_eval_20260913/ours_yaw_fa2_s1.json	110479	fa21d0ee01415a2f57cb2fafab7f422590ad59a8b265f271e535ee13cbb098b9
results/unified_eval_20260913/ours_yaw_fa2_s2.json	110482	9571bb0c018997cf4fc76d62f4ddcce476c456f7c1e14774e8e648ddbad48e96
results/unified_eval_20260913/ours_yaw_fa2_s3.json	110476	69d3042ec66f3838e9b4ddea651c4aac8d2ae60d72bab2e4fb25115e6951860f
results/unified_eval_20260913/ours_yaw_hn_s0.json	110224	702d89125c203826ff0846ff62a556a687ca6e19470ff513043391e5f0571ee9
results/unified_eval_20260913/ours_yaw_hn_s1.json	110215	2b12e272d6c681315c6ea3de925903601a8dffc2d8dae26d7f4039fc726fd1b1
results/unified_eval_20260913/ours_yaw_hn_s2.json	110211	e76873dbf86d61d3c551f3f14735c7d60f2ecae4ec6fd6274ffb242715ccaeca
results/unified_eval_20260913/ours_yaw_hn_s3.json	110234	327257205b4453da6d83f1c5361cb6eb24f77528d6696a69c524438e3abd45c4
results/unified_eval_20260913/ours_yaw_s0.json	109497	5dce3765ac56fbca75e4218d3215d708c53a3ce5c3fbed4df45bb9c08966a7f9
results/unified_eval_20260913/ours_yaw_s1.json	109530	3c0b73b6283be71e664b2aa68195bdb7f7b075b0b07556c3d010ed2a267114ef
results/unified_eval_20260913/ours_yaw_s2.json	109478	4a5100d5936f9c87f9bba66a265fd53998ca9a1f88297c28a0f156ef51eaec84
results/unified_eval_20260913/ours_yaw_s3.json	109460	d5150b466a083cd0076ec2b1794e37093cc40f2a87940d04b9133c8129714b4a
results/unified_eval_20260913/ours_yaw_tta8_s0.json	110729	777a12b25ab1987be5c8ac05fed352c5360c3bc4fd5ea3e7e8cfa71a5c76abfe
results/unified_eval_20260913/ours_yaw_tta8_s1.json	110687	b53873429ade9ddaf789cc08d86f54d71fa7a0b1f3d8db5105001657d6d2850e
results/unified_eval_20260913/ours_yaw_tta8_s2.json	110646	5ba90219a0ee295b88c60867d33bfa63d83aebe978e90189fa852e965ab501af
results/unified_eval_20260913/ours_yaw_tta8_s3.json	110693	52a2578dcd87f56faeff2100d03bc5079f772c3693a7da8e459cf76f2657c3dd
results/unified_eval_20260913/significance.json	105859	1d469c040b93a1d5daa57e62981e2bd25ffa0e0a90bada83b1a98a9d391ebc31
results/unified_eval_20260913/summary.json	35455	bee7325e7fd338ddc11dbf99646b7b748be390e3ea0ca9badae21f2beb426c8b
results/unified_eval_20260913/yawhn_summary.json	6729	4c85b0ed97615dda8032cef53098fd878b65e24ebf7fbbc70bd63813afe4ce26
results/unified_eval_20260913/yawhn_verdict.json	4017	43f0a8407cb5bd11269c651ec909c502d1c9d37f6fc0e1d14cab78bfc295b6a0
src/e6_frontend.py	3609	dd00e3829ad2f500adb6a5b39323b7af016c3c4c35c70ad751a86601e48e499a
src/e9_eqnio_frontend.py	1364	bc20f53093864419c9ff992b9bdb6495b53ad4898b486a52ff6ea22554695ff8
src/eval_self_collected.py	3282	2f77bfeb144337b080340c28dc49fd487028d2f0dc94cfefcd39784aa039ba9e
src/eval_tlio_posthoc.py	4015	e77d188c50b5d479e4ef5932ed81993a58d464dc62868779af334d62c8e3efad
src/hn_paths.py	3524	5cc4e00176c9df85cdf72459256d942190eaf92a24bbd0cf07f03040c12c18ed
src/imunet_baseline.py	3973	be120807ceebe05f17a9d9176a200fd3410b648f2cab9540fe30f5a80eeec6b8
src/make_transformer_figures.py	14159	616c1b9520b7ed9e0f15c5b7fa677e41143f58d3b3417a689b4ea65010061fff
src/models.py	37278	4b1d81b90eea0fa15940883b32da43465c73f070dbb832cb2b1b6159f413c07f
src/pkg_common.py	8563	ffe3ddea376620e3be8b7c6ba96bd333e612cf5f1781c28826a13be7992d611e
src/pkg_eval.py	6372	da6f453a11faf55333a928b534c689a92f93456cd40dafc911d71a983cfe6b17
src/pkg_train.py	14485	cbf3578a2c842f1bedb8d51e4519c3669b09ef641db3f8798dd9ea273cab61c7
src/raw_data.py	12462	9d95978580be0195e780b28b92dd36aa41814fcda38fcebd75b20bced8eede38
src/sensors_frontend.py	2956	69f847ec1a568b67c4dbfbc347384d1a229efbb5bbd460c161c415c02c37cc75
src/sensors_train.py	8373	774e0db82c5e9c5a75a84e98ec7e117f5e0672c4546a1ba9c0418d407b91890c
supp_data/confirm_anglefair_per_angle.csv	1894	ab2c8c8e01796123d8e93c1947d972f59617d4d4956cb0dce8c584d161770d61
supp_data/literature_paired_ate.csv	2525	d9ae4e7ab3e903be5df0a3036f0db604a83fa15ba70c55d9d972b96b6b6e7707
supp_data/testtime_fa2_metrics.csv	512	c829cb32558d3e65848e9a912e51398b20a84eeb71fe75a2d174a191a0e63524
supp_data/testtime_fa2_paired.csv	7450	bedec432b700571b1a4d0b4618ff6831f6803c041c013fb7b05fa8ea3bf9aaed
supp_data/testtime_fa2_repeatability.csv	305	573ced553d185fc3511bbd547e3fca0a0a7164d197fd68d227d0bf45e337c24c
supp_data/testtime_plugin_metrics.csv	513	7d838a6bae7eb967a4506e0f313986fa1407646b1f8a964ad0335948ae9b1f15
supp_data/testtime_plugin_paired.csv	5126	f3e5bb9dd8600cb64956f4a78effb80bf73c01a11cb97c9399de759d479fa442
supp_data/unified_eval_full_metrics.csv	4986	57155d4b8baac4b53e89c91a3e6e2123cf557838cdd2a072baabc0700a71318b
supp_data/unified_paired_ate.csv	2533	580199fcb01c3226c851e50e0e957174734ce519b4ca5aa2cca0339682f6b2a7
tools/angle_fair_plugin_20260926.py	6443	4d7c73491aa42f75e8e6c699476fea60809c84216a4214a6244756032b570436
tools/archive_small_inputs_20261004.py	4891	f5cc9b00d62ebf53b688f9b05a89dcc0497cc62ed9af81ffbf859b3ffe3b20c5
tools/build_anglefair_tables_20260927.py	6245	9d675cecd41db050b0d694471bac7bc368b24ffcb300333e477eac6f703e000f
tools/build_confirm_caches_20260913.py	5559	e19e4da71d34316658211badd9acc0de2a955657107644d05a72318f77788a41
tools/build_imunet_cache_20260913.py	2736	4c054b17693daf50c2c969668235e7dd7f99d4fb39fda99b577622f54faca6f5
tools/build_priority_revision_20260909.py	4886	98f8fd26af30df53d34dbdcbe39f7f1ada2cb99598d970ab6693c6f55c7f45fe
tools/build_s39_angle_fair_20260926.py	2611	b94c60d24c466b8572955d4db77217fac32b61349519ab220bfe5299675234c0
tools/build_supplement_v3_20260915.py	26260	2736fef8560e73937c1663482ea9d86210dea501739232d1488785e6ad5a27eb
tools/check_paths_20261001.py	9261	99322251e386b8e76d29aaf05038aacddf13aaf31ad53401b8f2045b6703a2b7
tools/complex_gain_oracle_20260913.py	2623	91285da07b5766780de323bcba5386b5b4ec99d1045fd979d323fdab2ac8e858
tools/confirm_anglefair_eval_20260927.py	6234	89afb300be0777ca63f15675da8516de3db6c6799b28ef7678aa84ae5767f635
tools/confirm_anglefair_verdict_20260927.py	8168	9c41472b087d9bdaea6760ac44e8e0b421c56f55401031ae2db8237b43922fdd
tools/confirm_eval_20260913.py	5153	d9f1e008577c248fdd3c42fafe029d1c376f41ab2e409d46877038ad950d4c9a
tools/confirm_verdict_20260913.py	6995	95653ca617ee437806ffa76a6d31571382b0248e170b0c8fa37821cddc4ecfa6
tools/data_stats_20260929.py	2179	0b78f36d57b8ef746f89897b8634a8a6eea74621a8a2e4d4e564b96d11169c1e
tools/e0_plugin_overlay_20260929.py	3469	c442e38473b0761a9525f5bf505c428932cc25f741037e6feae3829177e1cf21
tools/e0_trajectory_overlay.py	4133	6d7f362e0c56e758fd317b4b2d48bbdcfbdad20876702b157b2ec8f2dbcebf4c
tools/e1_analyze.py	6220	8c1a66a70c7dc6ad641a1423f0ccc4cac7c00bbd7e5c6165b5d36efe1eec1e75
tools/e1_heading_repeatability.py	7799	6ef9a2588d665af2b4c586ab0d333015505d3a502177ecbbf915ed12836de3f1
tools/e1_repeatability_table.py	4861	08135ea5a0300845e4b5c2e129769b5971c5f4212ceaa141ffa3086858fc670d
tools/e1b_yaw_aligned.py	6633	d868e30b1a31265a196599c07c348c5e008dc91c9902824e20f590c271da5a4d
tools/e3_analyze.py	9260	cfc584875facf0b50e47d92188ad168a3033482b65251423524a11a7e9df88e4
tools/e3_chain.sh	651	08ae2c66c9a7f94dc53701f2e504984a4aad865de17ddc980520ea94bc22c7ba
tools/e3_evaluate.py	6171	9ef07d532291be567bd0f40e52474dff7856ebae854f4749468c7584c586e773
tools/e4_error_timescale.py	13027	a88f917787a497097c5cd4084fc3bc284b9710062557856abdc77ca9b4392832
tools/e4_intervals_20260913.py	4165	775c51b783b8c5328b4c9ae9f6fb5bbef318afdf7045aa0d9a56a0cda3c1b3d7
tools/e6_analytic_check.py	4836	ff6d6f66640a11d7155d3e9230a8bdee3570ef4773aa0b2c7d3820bd09da69fb
tools/e6_evaluate.py	5165	913cbc12aff31c2851ecbaeb127f86ca020552a6c80be15d3d410c6233c386c7
tools/e9_evaluate.py	5205	99777bd6880329649d1aad78a6e7089b37899633fde290c20be0f3bd6134d0ce
tools/e9_verdict.py	5162	1f58afb4c994d423505f6fb6647e5af4183101f0e5c3201411db086736a056a5
tools/eqnio_models_20260912.py	4331	43c077ee27a7591e90b77ae0f17f72f6552eb3adc8f81e090d9e69455aab5c75
tools/fa2_repeat_20260913.py	3415	38caae665eafd714e8f94d939726e86605ca0b7699863236fc2fb77d235d7bbf
tools/fa2_verdict_20260913.py	4897	97e69960495e0a8cb5a51c0a17be5f5440ef08a7f3c8fd0de130190ead6a6fc8
tools/hn_plugin_p0_20260912.py	15449	3fd60641ef65d0424a7d7ea173d3e42bf2a8c46236789b844d4e7eac7f5bcc30
tools/hn_plugin_p0_analyze_20260912.py	8736	223384806aa01ef720fb06d71e29c13689cde34225611950432585da3bd9687b
tools/hn_seq_p1_20260912.py	4595	410a97e0495eb0e5ddab7a44690ce25c00048df50b3929d045d05812df3bd1d5
tools/make_fig8_shape_example_20261001.py	7473	bf4d0aa222335ce6c98cce0f8cb6658a5e6cfd6980046b7f8173ebec8a8ac601
tools/make_figures_terms_20261001.py	15607	0bdfd5c705f5b585f1e7f99cb13d63ff3087d1577e2803cfcbf374c6598e39c1
tools/make_hn_pipeline_figures_20260929.py	10492	8917e70368cf3c28cdcf6e5edc0950632163c22766d290fbc784a38a9cfa745f
tools/make_plugin_provenance_figure_20260925.py	4133	c368ce0670cf1443399b4ebbac3afc44b71124b97d826747343a3cf9223fcd4b
tools/make_rq_paper_assets.py	15460	5e3a8a0c5aad1b188933995e057084bc8914827112215dfe53146c3f06570914
tools/make_rte_and_significance_tables.py	9432	34dd883d8715ee2e76a4a7c1cf6b89ad677e5999288cc4b3f311c5fcf97cdfde
tools/make_supp_figures_S1_S3_20260926.py	4927	dc6cf7a38d4904829ff7bad7910d7a97fb469b7bfbb56f13effed3cd19c0c390
tools/make_v2_figures_20260913.py	21021	2a14b940c96e82b6db4ebd8e7b393432244356ec438d1cbbd1b4c38232d4727a
tools/make_v3_figures_20260915.py	9000	fc557d870c66dcb279a785fbc8b6ec036402fe063eeb850df13016a85197e4af
tools/make_v4_figures_20260919.py	8142	ba98b14e0056a3547fe996f207a5f62e9016417468b2a01c3dc9793da1316314
tools/mst_figures.py	48441	167bdc6192d4353c7d5de699307d99635e2033c35b354f00711b2d7220eda59f
tools/plugin_arch_eval_20260923.py	3595	5c795e8b35697bb983f5592721882e7b711744e91b64e0f1c9606857ef720b0c
tools/plugin_arch_verdict_20260923.py	6328	969d73524ce8e09ec2856d13d34d0238b2155cffe15ff4a8f02ed6850fbe3fbb
tools/plugin_by_provenance_recheck_20260925.py	4806	0f21caac1faa1e270bf35a0a3de8c6478d02c6f58c841173b09b693a1bafdaf2
tools/rebuild_caches.py	7030	6316a2c94d392f9ff723f0b250fac1cff1cb7def374f774413c76cd7b36173bd
tools/rebuild_tlio_cache.py	3979	699981ce822605e1f72123bedb9e9334f2e2d9d0b38230995da7830e21c05b76
tools/replay_mst_illustration_20260909.py	3268	90dbd718438b6e52426d4a3dea0d6b4efa950130b98d5accd727b5f9e4adf60a
tools/review_priority_diagnostics_20260909.py	13770	1b5ffd3f1f19a354086f08a92cc502a89b7a7758ceed03011c581bf656430bef
tools/run_e3_train.py	9383	8e668ee01ae43b6a44b4e1a557c2288e01cfd442eb715046c308e68e8e6a6a28
tools/run_e6_train.py	5900	2594f2269bc2ac1a020f78dc6632a9b76f1382553445410e1ffde1592af83057
tools/run_e9_train.py	7519	60196366b4e2eff541154d1c599c6effbc050642c575bfc6b3edacf796cf5991
tools/run_priority_checks_20260909.py	1349	3efb9f36176cdea0b5fc12b33b727f237e9e43f410a8cc719a951c8dab28635f
tools/run_rq_experiment_matrix.py	4540	18692e62e27bee9f4e401aa888df7828bf33371907817f723b69d27a724528aa
tools/run_sensors_revision.py	3711	7eddf73cce34fee70e6ff859ce913b5cd2b2b4e63d15c44f11479b229627c27e
tools/sensors_analyze.py	8643	0da37b8c51fef73b844cbbcde76b6c6775717f0324e68810f23bf4d917860358
tools/sensors_diagnostics.py	4378	6b5d3c6bd750ebd1e76d50507b93d4cf5de01c91a564c19315869ff47a22ca5c
tools/sensors_evaluate.py	8189	f2f22e5aafa80f4a0bea0d62626070c20a7e0532750804b0f137673a2ae6e916
tools/shape_verdict_20260923.py	8046	70f4421e31100e63df253ae19eee9bb30e340d6e7aaf2f592879385e1e6e6858
tools/summarize_rq_experiments.py	11401	e7c0d5acb96f295175a2eb966e8bf723b3c5357305d2886d87b1dbcbfdbcae9e
tools/timing_remeasure_20260926.py	3679	eb5c8e8c2e38cee92dd2184c36493ae2699dc84ba050d027bd73dc99a6035a1c
tools/train_rq_matrix_all_20260927.py	2380	50cbef93eca1fa2b93abe7ff586e26ec05b13d86961fe37049d056d8c17a976f
tools/tta_repeat_20260913.py	3576	2ce3bade45be117af82a44f7c6c1bac846527d6e83fb26e0a15e6b550f3f349a
tools/tta_verdict_20260913.py	4941	13b84d73fff9e7fd4c07074a7424b1d4be1bc7d4e6bab45fab76864eb1a1354b
tools/unified_analyze_20260913.py	4110	4a21b936986d70895c444d38863592ab3b84e96f9fff89a4b12722cb7fe57c72
tools/unified_eval_20260913.py	10237	93180ad2cd0e3270655a0577e4aa1ec0a3916a6a0f7dd5c7d40461a81e0a765a
tools/unified_significance_20260913.py	4745	b6a714e89f1c264f7760f32a007014e517de1a51d6f14ba57e6b46ae75d48120
tools/verify_mst_velocity_20260909.py	1842	91426ab5034408ddade166376f2d05ee833ff0aec3c93564c9147243a29298d2
tools/verify_sensors_revision.py	3686	ed1103aec20cac1fad2710b49fd47ef0b8896bd92342bdccf2b9b91b2e024e13
tools/yawhn_summary_20260913.py	3461	26cc80605ee8f320d1d3631ae3bf2fad73771ee6d24d763ead0a992fd721470d
tools/yawhn_verdict_20260913.py	3874	3fd1b96982d68395512aa7b43fc40234b1baecaa3b738da34bff60ac64da5e0b
verification/mst_revision_20260909/075202_crossref.json	6095	7b5ad56eb57dd7ec27f537ae0fd0879015af27f88afba7eb803bf80581f7a8d0
verification/mst_revision_20260909/ace377_crossref.json	20990	21ac7640fae9de5f69e5ad90fbeea3cd515bdc0df1ec2923b7efee7911e53c07
verification/mst_revision_20260909/ae2289_crossref.json	20140	cb12f3b43a4ea42c133fea9e2955401c5b3a27c8a9e028c16993fc5c9f9c0b3d
verification/mst_revision_20260909/delivery_verification.json	3171	ab8609e0755563c95adc01f312364d3d7e3592ea3ed7ff51474bd6abd0b659c3
verification/mst_revision_20260909/direct_velocity_replay.json	2658	8d4c784995bd87c9009b27a13b83fe0f4cdcd99b145e76aae9bd2df9d43781fb
verification/mst_revision_20260909/docx_structure.json	568	c93add85d2e7c031e6766d1c92710424305b408447d6504b1a5603f665c76459
verification/mst_revision_20260909/illustration/report.json	5194	c0b647a2d4ba24ebc1645522a02a5b8575205d2f037e17ec538c83343a50b74c
verification/mst_revision_20260909/library_pdf_inventory.json	200624	cbff9c18124071b91f1f41fc48f478a94e5db557eb872987ddafdfa55ba83392
verification/mst_revision_20260909/magnetic_crossref.json	8091	05287c959dc1edcd5ff30d76d4aaffa410173c96d8bad73a4b4a96fe50086863
verification/mst_revision_20260909/render_comparison.json	232	964c99b2f80391fd68f6dbbc23e923d5e9f732bcd0ff2b79cf35d9f772f7d4c6
verification/mst_revision_20260909/style_audit.json	421	6343f69ebec9cfef4a9918fdfb0972a23493304747798de6a7b3342bfa07cb8c
verification/priority_revision_20260909/data_manifest.json	46755	85140ba9b862fb6c45e135a517d63e68cabad9aa8a23598ff190983b7c0ba092
verification/priority_revision_20260909/docx_structure.json	578	bd3813b49a95b9dacaab13d8705acb60be931d92578af0202fbe20c114e0d540
verification/priority_revision_20260909/final_render_diff.json	912	211e3b866a41bf095e22db8dba4f31449089b4aac3f58bb5f410425ef0a7e188
verification/priority_revision_20260909/fresh_wrapper_check/loss_report.json	1827	e619d13b590e79026d22a2bb6ac4402e0216c542f1766dfecdd8f22907c50344
verification/priority_revision_20260909/fresh_wrapper_check/run_manifest.json	176	91cf11f412032e2ab6e4963cfdbe3acc73440e9e2b26f54f11ab0d26072ac142
verification/priority_revision_20260909/independent_audit.json	376181	2ddb6fd36262cd374ae947d87185358b71bead7020524c7672152dd037559cd7
verification/priority_revision_20260909/literature/airio_crossref.json	18339	eef9ffd44c84b15423fbd0704c4b29177941355aa746a31fe22bfe5ceb0870bc
verification/priority_revision_20260909/literature/canonize_crossref.json	12594	ac40e0f1553b27dcd2095228f74dc24f6e65370430d3f15bc45d434f1758d305
verification/priority_revision_20260909/literature/magnetic.json	5555	e34e6ff32f8008d7e6770610397f3a695e1e42a7620b777f8a7187e0ede7d6f1
verification/priority_revision_20260909/literature/minf.json	3936	4ef058a5fb38fe95cbe82ad9643329580c5b9a6fe825b15642082e46635d3d7c
verification/priority_revision_20260909/literature/minf_crossref.json	19266	0121b240e636c0b4a501956851d7daadd34e41921b3229fbf0416f873470f7c6
verification/priority_revision_20260909/loss_report.json	1827	e619d13b590e79026d22a2bb6ac4402e0216c542f1766dfecdd8f22907c50344
verification/priority_revision_20260909/official_replay.csv	5252	96ed671425e79df095bfc29230357a437b573be6b9e3b96a52eeb5c59fbe2e3b
verification/priority_revision_20260909/official_report.json	885	2b7d6791d94b9e60db1f227743b8a78be924d66292682be64ee9235c9d4faf19
verification/priority_revision_20260909/style_audit.json	421	de45cbc07c8d262ae24f492da1b1eca54439dd28bd988149e6bee21e94983fe1
verification/priority_revision_20260909/temporal_acf.csv	74164	64818a6d2016e1995bbf8377dea23650aea291061150ce3c0b94118e51e83e81
verification/priority_revision_20260909/temporal_events.csv	181992	95d59e5620e501f2cf7aea9d88fc84a3d2f26726e81fbfe83741f66017d7ffe0
verification/priority_revision_20260909/temporal_geometry.csv	2377	5d748cdafb646b6531d44ab672310902b8d710d084f257d8af581e0bd53af4bd
verification/priority_revision_20260909/temporal_horizons.csv	188913	a92d3cf32291fae329e2caf509098f19026c4e98a4aa017e8323df8cbdddc706
verification/priority_revision_20260909/temporal_protocol.json	853	11879ed529bcc0ba7e2e543fb0c39a79f673459f32b38ad1251e94396a2f6938
verification/priority_revision_20260909/temporal_report.json	5660	283204a351efed290221060110039438d0c800274cab1ecc80fd5cf9d4be9ae2
verification/priority_revision_20260909/temporal_scores.csv	32767	9bd4294ef1f90524c6d8ec60a7909ab50c8dce78d70407a8953d9e9b1581c08f
verification/priority_revision_20260909/temporal_speed_strata.csv	85303	dccfee219e87bae4bd02578bf58a05b5e6b0f4f951af67218d961bcabdf23c31
verification/priority_revision_20260909/temporal_summary.json	1379	50b83b9914e97cae9ffc43369c877188b56fbeb62224051db4f047d49c064dd4
