sequence,subject,ate,rte,archived_ate,archived_rte,ate_difference,rte_difference,cache_sha256
a006_2,a006,3.843035826128188,2.866897288807559,3.843035826128188,2.866897288807559,0.0,0.0,9756513270a4c3f085535388ba93c11e184326ebeae379a391b73f7e767d61ec
a019_3,a019,5.953396020453391,5.379044458160591,5.953396020453391,5.379044458160591,0.0,0.0,5051adad36f5143445109a6b9a6e4e5d82822929598fa58dc5522fc9209c5cde
a024_1,a024,2.441358180195828,2.222529480570885,2.441358180195828,2.222529480570885,0.0,0.0,29840599d57befa7a8b09ba3f6edd8479e6b50e123f4b14de986ccd8673287fd
a024_3,a024,3.2412022617652525,2.4547305170352756,3.2412022617652525,2.4547305170352756,0.0,0.0,ba9320346fd1cbf298459e91afdf4002ca593524f15c5411ebe2b7d834f47629
a029_1,a029,4.167372392824304,6.871641508804814,4.167372392824304,6.871641508804814,0.0,0.0,bc5eaeb0d9bdeea0a66a08b75c2765c3e79fadfdfbb301f7ba9cd6ae86b544a4
a029_2,a029,2.8017311080233864,1.893043929388878,2.8017311080233864,1.893043929388878,0.0,0.0,2b4f8c68bca2fcf0ddf3120b449041a0341d71c298519a983cfcc2aee690491e
a032_1,a032,3.6134094099458376,4.926365868535567,3.6134094099458376,4.926365868535567,0.0,0.0,d158a779aea0fc8f31f4506b077ab85529b60f4ad6990b2e0bfa9461a6216357
a032_3,a032,14.609138266306578,6.788369509405485,14.609138266306578,6.788369509405485,0.0,0.0,4bba7dc40b2382e86969926032a3f5d3dbb7081a1380fd8b87f9884c139f5d89
a042_2,a042,4.669116454640585,5.054122148050978,4.669116454640585,5.054122148050979,0.0,-8.881784197001252e-16,4699cce473d01d2218dc3a8002c8c34363ac88238decbc9eb02d752df8ba69c9
a049_1,a049,4.3091928043640735,6.344337650826557,4.3091928043640735,6.3443376508265565,0.0,8.881784197001252e-16,1693063f5c4ee275845efded332e80abeb1c4644ab6d5a815e3a310db971718d
a049_2,a049,2.2395740200421423,2.364592658184931,2.2395740200421423,2.364592658184931,0.0,0.0,bb5761ef34bcc057cfe364bec1e8ef246f66952cfaa2a8f9130d65ec7503f794
a049_3,a049,2.1353173039973705,2.3592591156141527,2.1353173039973705,2.3592591156141527,0.0,0.0,72f73aec35b342afb34514d0bcce814f9a8d4f804a3050d27c000931b7939b48
a050_1,a050,10.288115725853501,6.277422977782292,10.288115725853501,6.277422977782292,0.0,0.0,188f3d9b7776b183c95ca0a7f7f5cd3a3972c35fa557c07f6906677b643800d9
a050_3,a050,13.846559596349575,7.3609562468259835,13.846559596349575,7.3609562468259835,0.0,0.0,f447f05ca604cf79cb6fddb4fe948f39b2c04b2242ed914c848b62c48ac42334
a051_1,a051,6.489641996934906,4.917069060732518,6.489641996934906,4.917069060732518,0.0,0.0,5b9c8f048830a59823c00484f60a0ce7a38d942e2b1a9b3b4e9a93d260004679
a051_2,a051,3.4771797128228465,1.366664908962712,3.4771797128228465,1.366664908962712,0.0,0.0,c980282b14179061e119bfba881f6736c21b8d617d8b6956c53e74875c08db5a
a051_3,a051,1.3557914312823836,1.5260522032033486,1.3557914312823836,1.5260522032033488,0.0,-2.220446049250313e-16,e0d10c6d34939f4eb077f9f742646405285cadec60ddebfa790289b24c76c26b
a052_2,a052,4.978017475222921,7.693135537603378,4.978017475222921,7.693135537603378,0.0,0.0,fc7db6ca1123d094b6c3562c79ca30d028d1c4a956844cabad5b4a4857e40299
a053_1,a053,2.958060742788486,3.8288766203457674,2.958060742788486,3.8288766203457674,0.0,0.0,68d585facbf1bd5d3c1b5f1b4253077cd7119c641023b38750701b98aee6652d
a053_2,a053,4.631177935086487,2.344863228871967,4.631177935086487,2.344863228871967,0.0,0.0,4f0207579ca3ec9f00fd4da211de560bcca4a3b005b83e0ec78a0a05a45d1d47
a053_3,a053,4.199969254875915,2.2656539184948166,4.199969254875915,2.2656539184948166,0.0,0.0,02c0baf9fddbf4f9a2689c1434bc23186bd6ed2753a450d5b8d61451898709d1
a054_1,a054,2.8830952550231914,3.9597747056008465,2.8830952550231914,3.9597747056008465,0.0,0.0,23f5cb7d3a9da29993526a5e2e0b8e4c03bfedadfcbd00fa55bb766268a14a34
a054_2,a054,2.418283084396345,2.7406723590438293,2.418283084396345,2.7406723590438293,0.0,0.0,b283c81d94dc811ffeb8710dd0590f7d950460dc7d6c28bdfbf3da6d60c580ee
a054_3,a054,5.2385103017927666,3.859546853104198,5.2385103017927666,3.859546853104198,0.0,0.0,e61f2f22d48446ee64cef00e1ddd35b83b0537e513b90b6b84bd5e17fa4f9172
a055_2,a055,7.215507256152696,5.019337421816207,7.215507256152696,5.019337421816207,0.0,0.0,f5317a98d39374326004967adc01f73adc0ce7f9860fc59b63edf6e50eb60038
a055_3,a055,8.791330928246184,5.295420866409167,8.791330928246184,5.295420866409167,0.0,0.0,a856bb0d3e2e606752732d2c9e0d446264b0211a991dabbd46ebdc1cfe338fc2
a057_1,a057,7.275125159621593,8.008449004442946,7.275125159621593,8.008449004442946,0.0,0.0,ce13e75aec1b5088a2b2f9952e8558465e4515a1a7e8815c68752123f32c8e8b
a057_2,a057,4.59091263805477,3.136824847919689,4.59091263805477,3.136824847919689,0.0,0.0,85cbcac17ecf90a4a7995ba00725397e89214d8e84d0645e7eba5a37e4d99a79
a057_3,a057,9.998659690432651,4.666131786038255,9.998659690432651,4.666131786038255,0.0,0.0,70b93bf85b3a85bb268c97be72edbca865159e340b9c2b3039ae687c8e519888
a058_1,a058,4.595612406095949,8.808051478993477,4.595612406095949,8.808051478993477,0.0,0.0,72db3237bd9d26adabd5293009bbc38556aea5cfa18c5c713b059a0f15982d24
a058_2,a058,2.3778868103317587,2.942717855469409,2.3778868103317587,2.942717855469409,0.0,0.0,c820b6453d12c70ffa9d997862d00b83da4af7e1119600e95a95bb797cfa0890
a058_3,a058,2.8602626875503043,4.517671735713757,2.8602626875503043,4.517671735713757,0.0,0.0,af112a20186db335472edf444e68cc8882f9169df9d71be7b62cfc9afea46602
