sequence,subject,seed,arm,lag_seconds,correlation
a006_2,a006,0,yaw,0.05,0.9281262598817019
a006_2,a006,0,yaw,0.5,0.5879413616288303
a006_2,a006,0,yaw,1,0.42697374194032095
a006_2,a006,0,yaw,5,0.3396899070824737
a006_2,a006,0,yaw,10,0.22900403619516263
a006_2,a006,0,yaw,30,-0.008805330832833724
a006_2,a006,0,yaw,60,-0.14260191095475472
a006_2,a006,0,hn,0.05,0.8840457883555024
a006_2,a006,0,hn,0.5,0.512368238367589
a006_2,a006,0,hn,1,0.3745941523279003
a006_2,a006,0,hn,5,0.3021128403310672
a006_2,a006,0,hn,10,0.18252535271452908
a006_2,a006,0,hn,30,-0.01608016184939613
a006_2,a006,0,hn,60,-0.11184396648225774
a006_2,a006,1,yaw,0.05,0.9202693202653687
a006_2,a006,1,yaw,0.5,0.5911653834459023
a006_2,a006,1,yaw,1,0.44143509980658846
a006_2,a006,1,yaw,5,0.396742333103476
a006_2,a006,1,yaw,10,0.26944775360569473
a006_2,a006,1,yaw,30,0.032425861790364184
a006_2,a006,1,yaw,60,-0.12818627185089473
a006_2,a006,1,hn,0.05,0.8814095443984854
a006_2,a006,1,hn,0.5,0.47616504500407175
a006_2,a006,1,hn,1,0.31557135198618935
a006_2,a006,1,hn,5,0.2588074507332697
a006_2,a006,1,hn,10,0.17881360702833105
a006_2,a006,1,hn,30,-0.007405686657261958
a006_2,a006,1,hn,60,-0.1000914047704176
a006_2,a006,2,yaw,0.05,0.9302004302653172
a006_2,a006,2,yaw,0.5,0.5754403138429377
a006_2,a006,2,yaw,1,0.38679562319967964
a006_2,a006,2,yaw,5,0.3112516086294131
a006_2,a006,2,yaw,10,0.20388975167708695
a006_2,a006,2,yaw,30,0.0009894013543221998
a006_2,a006,2,yaw,60,-0.12000577953039981
a006_2,a006,2,hn,0.05,0.886097252450638
a006_2,a006,2,hn,0.5,0.5238879991427369
a006_2,a006,2,hn,1,0.377653046144907
a006_2,a006,2,hn,5,0.3150620583972325
a006_2,a006,2,hn,10,0.20829069914701268
a006_2,a006,2,hn,30,0.005525003704089546
a006_2,a006,2,hn,60,-0.09390837666737849
a006_2,a006,3,yaw,0.05,0.9145128851814507
a006_2,a006,3,yaw,0.5,0.5872793748500854
a006_2,a006,3,yaw,1,0.44119200524252944
a006_2,a006,3,yaw,5,0.3691610616389658
a006_2,a006,3,yaw,10,0.24672081912382096
a006_2,a006,3,yaw,30,-0.004512818985844548
a006_2,a006,3,yaw,60,-0.14255074502571502
a006_2,a006,3,hn,0.05,0.8928324679796618
a006_2,a006,3,hn,0.5,0.5195041715234803
a006_2,a006,3,hn,1,0.43124576046687135
a006_2,a006,3,hn,5,0.3557592125858696
a006_2,a006,3,hn,10,0.23115245849972818
a006_2,a006,3,hn,30,-0.019161833788673203
a006_2,a006,3,hn,60,-0.10789498911141285
a019_3,a019,0,yaw,0.05,0.9479558789998586
a019_3,a019,0,yaw,0.5,0.6610649373282069
a019_3,a019,0,yaw,1,0.4768381937048139
a019_3,a019,0,yaw,5,0.1779142155456078
a019_3,a019,0,yaw,10,0.221524837298686
a019_3,a019,0,yaw,30,-0.03973477333559647
a019_3,a019,0,yaw,60,-0.036753384314269194
a019_3,a019,0,hn,0.05,0.9210902044980528
a019_3,a019,0,hn,0.5,0.6209985794709724
a019_3,a019,0,hn,1,0.4675713306402611
a019_3,a019,0,hn,5,0.21327131130931828
a019_3,a019,0,hn,10,0.18206723750502932
a019_3,a019,0,hn,30,-0.02274517745181468
a019_3,a019,0,hn,60,-0.04286653989399401
a019_3,a019,1,yaw,0.05,0.9528828350284116
a019_3,a019,1,yaw,0.5,0.6703326524429021
a019_3,a019,1,yaw,1,0.4833570878705636
a019_3,a019,1,yaw,5,0.16331554255842795
a019_3,a019,1,yaw,10,0.19311287239221883
a019_3,a019,1,yaw,30,-0.02915179110927469
a019_3,a019,1,yaw,60,-0.07388613586373044
a019_3,a019,1,hn,0.05,0.927434771924299
a019_3,a019,1,hn,0.5,0.5781623031754263
a019_3,a019,1,hn,1,0.40342971369649466
a019_3,a019,1,hn,5,0.15135050205707684
a019_3,a019,1,hn,10,0.13271429318488576
a019_3,a019,1,hn,30,-0.04187846970423092
a019_3,a019,1,hn,60,-0.025506584267517396
a019_3,a019,2,yaw,0.05,0.9492271730487251
a019_3,a019,2,yaw,0.5,0.6581213869210296
a019_3,a019,2,yaw,1,0.4670366305412581
a019_3,a019,2,yaw,5,0.15481708460327825
a019_3,a019,2,yaw,10,0.1663993732359904
a019_3,a019,2,yaw,30,-0.03776805905949248
a019_3,a019,2,yaw,60,-0.07741771812920849
a019_3,a019,2,hn,0.05,0.9196244851427792
a019_3,a019,2,hn,0.5,0.5729877945082679
a019_3,a019,2,hn,1,0.4187709448507839
a019_3,a019,2,hn,5,0.17096980684058063
a019_3,a019,2,hn,10,0.139524645580068
a019_3,a019,2,hn,30,-0.053989234798151375
a019_3,a019,2,hn,60,-0.016271496492618234
a019_3,a019,3,yaw,0.05,0.9484748615453135
a019_3,a019,3,yaw,0.5,0.6429940132126873
a019_3,a019,3,yaw,1,0.45255944735658704
a019_3,a019,3,yaw,5,0.16421680803800734
a019_3,a019,3,yaw,10,0.17634952103559207
a019_3,a019,3,yaw,30,0.0035208260770321093
a019_3,a019,3,yaw,60,-0.08813277357893338
a019_3,a019,3,hn,0.05,0.9150886447510223
a019_3,a019,3,hn,0.5,0.6124626235735555
a019_3,a019,3,hn,1,0.45805206076771193
a019_3,a019,3,hn,5,0.18882622876209754
a019_3,a019,3,hn,10,0.12645660067452855
a019_3,a019,3,hn,30,-0.03509670052984853
a019_3,a019,3,hn,60,-0.047499025536339716
a024_1,a024,0,yaw,0.05,0.9094897563985506
a024_1,a024,0,yaw,0.5,0.5937418240720969
a024_1,a024,0,yaw,1,0.42793662890108036
a024_1,a024,0,yaw,5,0.20038263510954632
a024_1,a024,0,yaw,10,0.06080586034816558
a024_1,a024,0,yaw,30,-0.1366481270215357
a024_1,a024,0,yaw,60,0.03068986276851729
a024_1,a024,0,hn,0.05,0.8923672040792118
a024_1,a024,0,hn,0.5,0.5592746160587954
a024_1,a024,0,hn,1,0.40468383781180234
a024_1,a024,0,hn,5,0.21083605501362354
a024_1,a024,0,hn,10,0.07676415874164952
a024_1,a024,0,hn,30,-0.1391667852532426
a024_1,a024,0,hn,60,0.031163762383307238
a024_1,a024,1,yaw,0.05,0.917421773614311
a024_1,a024,1,yaw,0.5,0.5690166442402403
a024_1,a024,1,yaw,1,0.38731463634093366
a024_1,a024,1,yaw,5,0.19515199700073488
a024_1,a024,1,yaw,10,0.06826291701583352
a024_1,a024,1,yaw,30,-0.14203271336248297
a024_1,a024,1,yaw,60,-0.009462872232524906
a024_1,a024,1,hn,0.05,0.8942920869414703
a024_1,a024,1,hn,0.5,0.5520918343689716
a024_1,a024,1,hn,1,0.40974369737109834
a024_1,a024,1,hn,5,0.20654418379453363
a024_1,a024,1,hn,10,0.06585422333858026
a024_1,a024,1,hn,30,-0.12005072054901726
a024_1,a024,1,hn,60,0.010232649642294896
a024_1,a024,2,yaw,0.05,0.9085757677540309
a024_1,a024,2,yaw,0.5,0.5827960556324921
a024_1,a024,2,yaw,1,0.39230981968340967
a024_1,a024,2,yaw,5,0.171131701509727
a024_1,a024,2,yaw,10,0.07565905779704796
a024_1,a024,2,yaw,30,-0.12732656731675043
a024_1,a024,2,yaw,60,0.014821363719337746
a024_1,a024,2,hn,0.05,0.8966366633143532
a024_1,a024,2,hn,0.5,0.5602632736923117
a024_1,a024,2,hn,1,0.4058626790906239
a024_1,a024,2,hn,5,0.24537821971814233
a024_1,a024,2,hn,10,0.10212133356778035
a024_1,a024,2,hn,30,-0.13589558926140985
a024_1,a024,2,hn,60,0.026006425862352158
a024_1,a024,3,yaw,0.05,0.9062727080227881
a024_1,a024,3,yaw,0.5,0.5967497849614697
a024_1,a024,3,yaw,1,0.42227130449504274
a024_1,a024,3,yaw,5,0.19729301524544285
a024_1,a024,3,yaw,10,0.08657826546223578
a024_1,a024,3,yaw,30,-0.16460149209180017
a024_1,a024,3,yaw,60,0.019035526648795202
a024_1,a024,3,hn,0.05,0.8998786811461396
a024_1,a024,3,hn,0.5,0.5810145407667654
a024_1,a024,3,hn,1,0.4285186405051964
a024_1,a024,3,hn,5,0.26378886701760224
a024_1,a024,3,hn,10,0.07837097690455488
a024_1,a024,3,hn,30,-0.1693336966031624
a024_1,a024,3,hn,60,0.04157239488463797
a024_3,a024,0,yaw,0.05,0.9402489894410978
a024_3,a024,0,yaw,0.5,0.6189287699148508
a024_3,a024,0,yaw,1,0.3991565073629711
a024_3,a024,0,yaw,5,0.21511564947221182
a024_3,a024,0,yaw,10,0.06503159618136338
a024_3,a024,0,yaw,30,-0.06045895924292722
a024_3,a024,0,yaw,60,-0.08568153456178228
a024_3,a024,0,hn,0.05,0.9014774040242188
a024_3,a024,0,hn,0.5,0.581721326341568
a024_3,a024,0,hn,1,0.4010304460272041
a024_3,a024,0,hn,5,0.2059503493868352
a024_3,a024,0,hn,10,0.0335330638620937
a024_3,a024,0,hn,30,-0.05487766024918307
a024_3,a024,0,hn,60,-0.09295274212372222
a024_3,a024,1,yaw,0.05,0.9227598684865386
a024_3,a024,1,yaw,0.5,0.5897159928553094
a024_3,a024,1,yaw,1,0.38366936038209243
a024_3,a024,1,yaw,5,0.20652097017431437
a024_3,a024,1,yaw,10,0.07289271074198694
a024_3,a024,1,yaw,30,-0.04031584554701354
a024_3,a024,1,yaw,60,-0.1027101005382172
a024_3,a024,1,hn,0.05,0.903904332446152
a024_3,a024,1,hn,0.5,0.5529937728924654
a024_3,a024,1,hn,1,0.3775057165146419
a024_3,a024,1,hn,5,0.16863333949059164
a024_3,a024,1,hn,10,0.03590832943239647
a024_3,a024,1,hn,30,-0.03179799271580292
a024_3,a024,1,hn,60,-0.078375927035838
a024_3,a024,2,yaw,0.05,0.9316979177170209
a024_3,a024,2,yaw,0.5,0.5944241903903488
a024_3,a024,2,yaw,1,0.3833424151412595
a024_3,a024,2,yaw,5,0.20618209643340085
a024_3,a024,2,yaw,10,0.06807931863914043
a024_3,a024,2,yaw,30,-0.039194871598301706
a024_3,a024,2,yaw,60,-0.09271605880131485
a024_3,a024,2,hn,0.05,0.9109334538068111
a024_3,a024,2,hn,0.5,0.5711617370178922
a024_3,a024,2,hn,1,0.3797552256541312
a024_3,a024,2,hn,5,0.20559415359832428
a024_3,a024,2,hn,10,0.042174593525034935
a024_3,a024,2,hn,30,-0.03615105851151556
a024_3,a024,2,hn,60,-0.09829779027830889
a024_3,a024,3,yaw,0.05,0.9368535880490199
a024_3,a024,3,yaw,0.5,0.6166018086033805
a024_3,a024,3,yaw,1,0.41363938168625625
a024_3,a024,3,yaw,5,0.21409572261935567
a024_3,a024,3,yaw,10,0.060092552538920416
a024_3,a024,3,yaw,30,-0.06751577949395486
a024_3,a024,3,yaw,60,-0.063589787963298
a024_3,a024,3,hn,0.05,0.918704878396315
a024_3,a024,3,hn,0.5,0.5862307927350763
a024_3,a024,3,hn,1,0.43669884808680914
a024_3,a024,3,hn,5,0.22946317774348224
a024_3,a024,3,hn,10,0.05234504291768626
a024_3,a024,3,hn,30,-0.05380409706256395
a024_3,a024,3,hn,60,-0.09366040811720659
a029_1,a029,0,yaw,0.05,0.9813682067100367
a029_1,a029,0,yaw,0.5,0.8936187933214302
a029_1,a029,0,yaw,1,0.8469038274278904
a029_1,a029,0,yaw,5,0.5379098181069794
a029_1,a029,0,yaw,10,0.2522842499249907
a029_1,a029,0,yaw,30,-0.19623867824824748
a029_1,a029,0,yaw,60,-0.15163026456887474
a029_1,a029,0,hn,0.05,0.9612797641556275
a029_1,a029,0,hn,0.5,0.8486538486038742
a029_1,a029,0,hn,1,0.8232562949578481
a029_1,a029,0,hn,5,0.5010675668193714
a029_1,a029,0,hn,10,0.19127553320848176
a029_1,a029,0,hn,30,-0.17116260670943823
a029_1,a029,0,hn,60,-0.14536084279736966
a029_1,a029,1,yaw,0.05,0.9784965049593362
a029_1,a029,1,yaw,0.5,0.8811811927069345
a029_1,a029,1,yaw,1,0.8371147979002593
a029_1,a029,1,yaw,5,0.5013911156333064
a029_1,a029,1,yaw,10,0.22256763855230546
a029_1,a029,1,yaw,30,-0.1782985377638541
a029_1,a029,1,yaw,60,-0.1202520257728329
a029_1,a029,1,hn,0.05,0.9604658853904281
a029_1,a029,1,hn,0.5,0.791148809510559
a029_1,a029,1,hn,1,0.7765310578900755
a029_1,a029,1,hn,5,0.47795791932041864
a029_1,a029,1,hn,10,0.18177197390618804
a029_1,a029,1,hn,30,-0.16236213827536855
a029_1,a029,1,hn,60,-0.10815918782202727
a029_1,a029,2,yaw,0.05,0.9821991217174721
a029_1,a029,2,yaw,0.5,0.8899585398997586
a029_1,a029,2,yaw,1,0.843730789993417
a029_1,a029,2,yaw,5,0.5350750141321392
a029_1,a029,2,yaw,10,0.24731008977874933
a029_1,a029,2,yaw,30,-0.1551211733370713
a029_1,a029,2,yaw,60,-0.1774346014005185
a029_1,a029,2,hn,0.05,0.9622158064176222
a029_1,a029,2,hn,0.5,0.8384184595782154
a029_1,a029,2,hn,1,0.8039973486162174
a029_1,a029,2,hn,5,0.5086902199151283
a029_1,a029,2,hn,10,0.22449283373632872
a029_1,a029,2,hn,30,-0.1834311944440879
a029_1,a029,2,hn,60,-0.1423098480678267
a029_1,a029,3,yaw,0.05,0.9808512540413685
a029_1,a029,3,yaw,0.5,0.9038828104355222
a029_1,a029,3,yaw,1,0.856678804409231
a029_1,a029,3,yaw,5,0.5516640351350824
a029_1,a029,3,yaw,10,0.2762057664659395
a029_1,a029,3,yaw,30,-0.17643082786533926
a029_1,a029,3,yaw,60,-0.20571685371673576
a029_1,a029,3,hn,0.05,0.9608722628004625
a029_1,a029,3,hn,0.5,0.8246713672189544
a029_1,a029,3,hn,1,0.8049803063795423
a029_1,a029,3,hn,5,0.5005323514943976
a029_1,a029,3,hn,10,0.20772010806504715
a029_1,a029,3,hn,30,-0.1636754587784965
a029_1,a029,3,hn,60,-0.14606399002141038
a029_2,a029,0,yaw,0.05,0.9381907566202098
a029_2,a029,0,yaw,0.5,0.6252417151839347
a029_2,a029,0,yaw,1,0.4557167788507624
a029_2,a029,0,yaw,5,0.21629937413387582
a029_2,a029,0,yaw,10,0.06625338453855324
a029_2,a029,0,yaw,30,0.010890445299682073
a029_2,a029,0,yaw,60,-0.11565035265643302
a029_2,a029,0,hn,0.05,0.8985547753504765
a029_2,a029,0,hn,0.5,0.5889491732502854
a029_2,a029,0,hn,1,0.44594500214673716
a029_2,a029,0,hn,5,0.18329126762548764
a029_2,a029,0,hn,10,0.08792034279889309
a029_2,a029,0,hn,30,0.011452299711811212
a029_2,a029,0,hn,60,-0.0976119353841808
a029_2,a029,1,yaw,0.05,0.9417723232146196
a029_2,a029,1,yaw,0.5,0.653967175128664
a029_2,a029,1,yaw,1,0.4691401287795991
a029_2,a029,1,yaw,5,0.21198702588059903
a029_2,a029,1,yaw,10,0.10682234642757872
a029_2,a029,1,yaw,30,-0.02905145876253357
a029_2,a029,1,yaw,60,-0.08167578693427129
a029_2,a029,1,hn,0.05,0.9127697825836124
a029_2,a029,1,hn,0.5,0.5735145652317972
a029_2,a029,1,hn,1,0.4309660359224178
a029_2,a029,1,hn,5,0.17979369886216107
a029_2,a029,1,hn,10,0.06166120982535168
a029_2,a029,1,hn,30,-0.006583882808314807
a029_2,a029,1,hn,60,-0.09013554560050585
a029_2,a029,2,yaw,0.05,0.9382677849741763
a029_2,a029,2,yaw,0.5,0.6130539392545684
a029_2,a029,2,yaw,1,0.4468232078597833
a029_2,a029,2,yaw,5,0.19481672139444212
a029_2,a029,2,yaw,10,0.07505602024926773
a029_2,a029,2,yaw,30,0.0019066508964942074
a029_2,a029,2,yaw,60,-0.12894927316126872
a029_2,a029,2,hn,0.05,0.896094591786345
a029_2,a029,2,hn,0.5,0.5349221585251851
a029_2,a029,2,hn,1,0.40492916649525545
a029_2,a029,2,hn,5,0.18074992915530042
a029_2,a029,2,hn,10,0.0551677465220083
a029_2,a029,2,hn,30,-0.007141389151354729
a029_2,a029,2,hn,60,-0.06977369839620268
a029_2,a029,3,yaw,0.05,0.9305904760591946
a029_2,a029,3,yaw,0.5,0.599027489690774
a029_2,a029,3,yaw,1,0.4173860815749331
a029_2,a029,3,yaw,5,0.17220740067133752
a029_2,a029,3,yaw,10,0.08655741920225235
a029_2,a029,3,yaw,30,-0.00367964083172037
a029_2,a029,3,yaw,60,-0.09001332789629833
a029_2,a029,3,hn,0.05,0.8947610271128116
a029_2,a029,3,hn,0.5,0.5597648715995771
a029_2,a029,3,hn,1,0.41179474464583155
a029_2,a029,3,hn,5,0.19320185844599938
a029_2,a029,3,hn,10,0.07301661114909266
a029_2,a029,3,hn,30,-0.006132226155860457
a029_2,a029,3,hn,60,-0.07130413697535955
a032_1,a032,0,yaw,0.05,0.9655588746900996
a032_1,a032,0,yaw,0.5,0.8220909530810127
a032_1,a032,0,yaw,1,0.7749023331428868
a032_1,a032,0,yaw,5,0.576377338642831
a032_1,a032,0,yaw,10,0.4200329168883976
a032_1,a032,0,yaw,30,0.05373853075124997
a032_1,a032,0,yaw,60,-0.2574879602222781
a032_1,a032,0,hn,0.05,0.9428821033497681
a032_1,a032,0,hn,0.5,0.7709745639473581
a032_1,a032,0,hn,1,0.6952007210069145
a032_1,a032,0,hn,5,0.5158639557406612
a032_1,a032,0,hn,10,0.36629763476299754
a032_1,a032,0,hn,30,0.017465891881738166
a032_1,a032,0,hn,60,-0.257081145838371
a032_1,a032,1,yaw,0.05,0.9659653597209727
a032_1,a032,1,yaw,0.5,0.8186380690361745
a032_1,a032,1,yaw,1,0.7480610015978589
a032_1,a032,1,yaw,5,0.5708138780374982
a032_1,a032,1,yaw,10,0.4114794755814066
a032_1,a032,1,yaw,30,0.05862121016807917
a032_1,a032,1,yaw,60,-0.27379533448796334
a032_1,a032,1,hn,0.05,0.9461636541345321
a032_1,a032,1,hn,0.5,0.7659450396951887
a032_1,a032,1,hn,1,0.6978266656907438
a032_1,a032,1,hn,5,0.5174874731188008
a032_1,a032,1,hn,10,0.3693179425612499
a032_1,a032,1,hn,30,0.011457578978912166
a032_1,a032,1,hn,60,-0.24341712785646571
a032_1,a032,2,yaw,0.05,0.96368436789988
a032_1,a032,2,yaw,0.5,0.8229863519562443
a032_1,a032,2,yaw,1,0.7474176228939315
a032_1,a032,2,yaw,5,0.5721229465895644
a032_1,a032,2,yaw,10,0.4121807972022426
a032_1,a032,2,yaw,30,0.044935603444883225
a032_1,a032,2,yaw,60,-0.2757078993605998
a032_1,a032,2,hn,0.05,0.9499045339360247
a032_1,a032,2,hn,0.5,0.7754373232233849
a032_1,a032,2,hn,1,0.7124699685421132
a032_1,a032,2,hn,5,0.5239831193347408
a032_1,a032,2,hn,10,0.35648131499699565
a032_1,a032,2,hn,30,0.026548978723200112
a032_1,a032,2,hn,60,-0.26641760004930937
a032_1,a032,3,yaw,0.05,0.9663682080005357
a032_1,a032,3,yaw,0.5,0.824114257471823
a032_1,a032,3,yaw,1,0.749393264608774
a032_1,a032,3,yaw,5,0.5720446766107685
a032_1,a032,3,yaw,10,0.3996132178001697
a032_1,a032,3,yaw,30,0.04598948283378584
a032_1,a032,3,yaw,60,-0.258648168793397
a032_1,a032,3,hn,0.05,0.9367865200184406
a032_1,a032,3,hn,0.5,0.7360038531804202
a032_1,a032,3,hn,1,0.6681978598260699
a032_1,a032,3,hn,5,0.5003787895341115
a032_1,a032,3,hn,10,0.3715062036308111
a032_1,a032,3,hn,30,0.036694797479561676
a032_1,a032,3,hn,60,-0.246142766713684
a032_3,a032,0,yaw,0.05,0.8624565902959276
a032_3,a032,0,yaw,0.5,0.46939012746824804
a032_3,a032,0,yaw,1,0.3870480686864929
a032_3,a032,0,yaw,5,0.2744953999276615
a032_3,a032,0,yaw,10,0.19478486390315608
a032_3,a032,0,yaw,30,-0.028908953832219687
a032_3,a032,0,yaw,60,-0.09233711179028302
a032_3,a032,0,hn,0.05,0.8721495567869724
a032_3,a032,0,hn,0.5,0.5363656759194606
a032_3,a032,0,hn,1,0.5181394548649328
a032_3,a032,0,hn,5,0.366715797121296
a032_3,a032,0,hn,10,0.2493790620533371
a032_3,a032,0,hn,30,-0.01162509915334111
a032_3,a032,0,hn,60,-0.12955218793081708
a032_3,a032,1,yaw,0.05,0.8579217586321007
a032_3,a032,1,yaw,0.5,0.4989517904758261
a032_3,a032,1,yaw,1,0.3973402212142554
a032_3,a032,1,yaw,5,0.2827004175801039
a032_3,a032,1,yaw,10,0.2019375495695741
a032_3,a032,1,yaw,30,-0.0015944461135810237
a032_3,a032,1,yaw,60,-0.07779454045835098
a032_3,a032,1,hn,0.05,0.8562500249403245
a032_3,a032,1,hn,0.5,0.47057531934345626
a032_3,a032,1,hn,1,0.4183707884934039
a032_3,a032,1,hn,5,0.2944515533427875
a032_3,a032,1,hn,10,0.23413199984997551
a032_3,a032,1,hn,30,-0.003773249252617579
a032_3,a032,1,hn,60,-0.11777536811889681
a032_3,a032,2,yaw,0.05,0.8629670923600363
a032_3,a032,2,yaw,0.5,0.4968701913281958
a032_3,a032,2,yaw,1,0.37700292230391397
a032_3,a032,2,yaw,5,0.29015656031756404
a032_3,a032,2,yaw,10,0.21936002202834914
a032_3,a032,2,yaw,30,-0.015007476583503975
a032_3,a032,2,yaw,60,-0.10260676359515745
a032_3,a032,2,hn,0.05,0.8798726922890973
a032_3,a032,2,hn,0.5,0.5159978031881886
a032_3,a032,2,hn,1,0.486761409147076
a032_3,a032,2,hn,5,0.3212147146501785
a032_3,a032,2,hn,10,0.24309937975717605
a032_3,a032,2,hn,30,0.0027012690912026362
a032_3,a032,2,hn,60,-0.1546434950859423
a032_3,a032,3,yaw,0.05,0.874098718983429
a032_3,a032,3,yaw,0.5,0.5447371182497023
a032_3,a032,3,yaw,1,0.4369595907080164
a032_3,a032,3,yaw,5,0.29128491846683485
a032_3,a032,3,yaw,10,0.23827192482302334
a032_3,a032,3,yaw,30,-0.004932483307446814
a032_3,a032,3,yaw,60,-0.09777381068624673
a032_3,a032,3,hn,0.05,0.8679266645365151
a032_3,a032,3,hn,0.5,0.5232914020899913
a032_3,a032,3,hn,1,0.48056203342479525
a032_3,a032,3,hn,5,0.3364109808773298
a032_3,a032,3,hn,10,0.2447547528220773
a032_3,a032,3,hn,30,-0.0018462308515833873
a032_3,a032,3,hn,60,-0.14228951093517386
a042_2,a042,0,yaw,0.05,0.8911745157782068
a042_2,a042,0,yaw,0.5,0.5383726698597446
a042_2,a042,0,yaw,1,0.34777356944791693
a042_2,a042,0,yaw,5,0.18519867687783306
a042_2,a042,0,yaw,10,0.11837635436218771
a042_2,a042,0,yaw,30,0.01633355940882983
a042_2,a042,0,yaw,60,-0.050642417713142804
a042_2,a042,0,hn,0.05,0.8643774442048705
a042_2,a042,0,hn,0.5,0.44125893349772916
a042_2,a042,0,hn,1,0.3280773955668676
a042_2,a042,0,hn,5,0.16293520906090395
a042_2,a042,0,hn,10,0.09819966174166378
a042_2,a042,0,hn,30,0.02601598392387171
a042_2,a042,0,hn,60,-0.054980982574162014
a042_2,a042,1,yaw,0.05,0.8976581991249664
a042_2,a042,1,yaw,0.5,0.5431745487059406
a042_2,a042,1,yaw,1,0.3581091252569028
a042_2,a042,1,yaw,5,0.17760192495986551
a042_2,a042,1,yaw,10,0.10154572358373992
a042_2,a042,1,yaw,30,0.018983453152687502
a042_2,a042,1,yaw,60,-0.055423098103611346
a042_2,a042,1,hn,0.05,0.8712994184903219
a042_2,a042,1,hn,0.5,0.43969180848792566
a042_2,a042,1,hn,1,0.29861680879279245
a042_2,a042,1,hn,5,0.14498722967749333
a042_2,a042,1,hn,10,0.10667324590555183
a042_2,a042,1,hn,30,0.025526987582727093
a042_2,a042,1,hn,60,-0.015740837808569188
a042_2,a042,2,yaw,0.05,0.8880804402465047
a042_2,a042,2,yaw,0.5,0.5091091979275734
a042_2,a042,2,yaw,1,0.3293905657795312
a042_2,a042,2,yaw,5,0.13662279034803293
a042_2,a042,2,yaw,10,0.05704210159781854
a042_2,a042,2,yaw,30,0.008899580357315267
a042_2,a042,2,yaw,60,-0.0419231936721328
a042_2,a042,2,hn,0.05,0.889581256614908
a042_2,a042,2,hn,0.5,0.5224632077643759
a042_2,a042,2,hn,1,0.35703549117461236
a042_2,a042,2,hn,5,0.2127274391414624
a042_2,a042,2,hn,10,0.11829800792416777
a042_2,a042,2,hn,30,0.03271662682270764
a042_2,a042,2,hn,60,-0.05037756157280031
a042_2,a042,3,yaw,0.05,0.8869862608893196
a042_2,a042,3,yaw,0.5,0.5084588627438973
a042_2,a042,3,yaw,1,0.32642608389826305
a042_2,a042,3,yaw,5,0.18963106767004598
a042_2,a042,3,yaw,10,0.11212642222151158
a042_2,a042,3,yaw,30,0.031066941290903104
a042_2,a042,3,yaw,60,-0.036170186808499205
a042_2,a042,3,hn,0.05,0.8972770532320089
a042_2,a042,3,hn,0.5,0.5586996525457877
a042_2,a042,3,hn,1,0.4364826868152149
a042_2,a042,3,hn,5,0.2233226103748369
a042_2,a042,3,hn,10,0.15836211389506338
a042_2,a042,3,hn,30,0.027537902825772387
a042_2,a042,3,hn,60,-0.06984669199132293
a049_1,a049,0,yaw,0.05,0.9746682411412891
a049_1,a049,0,yaw,0.5,0.9013144337991911
a049_1,a049,0,yaw,1,0.8468662036546187
a049_1,a049,0,yaw,5,0.5362073247301434
a049_1,a049,0,yaw,10,0.29896358272433876
a049_1,a049,0,yaw,30,-0.23741176718365098
a049_1,a049,0,yaw,60,-0.1673023966408506
a049_1,a049,0,hn,0.05,0.9633178932583527
a049_1,a049,0,hn,0.5,0.8812455005485812
a049_1,a049,0,hn,1,0.8361323243270862
a049_1,a049,0,hn,5,0.5456606711129627
a049_1,a049,0,hn,10,0.31237974308935157
a049_1,a049,0,hn,30,-0.21757444082675018
a049_1,a049,0,hn,60,-0.15843365627246986
a049_1,a049,1,yaw,0.05,0.9765078258999598
a049_1,a049,1,yaw,0.5,0.8960461511305933
a049_1,a049,1,yaw,1,0.8468863688806788
a049_1,a049,1,yaw,5,0.5172424343884645
a049_1,a049,1,yaw,10,0.2799315431796974
a049_1,a049,1,yaw,30,-0.23081592941815943
a049_1,a049,1,yaw,60,-0.1592781097788765
a049_1,a049,1,hn,0.05,0.968628068099512
a049_1,a049,1,hn,0.5,0.8802285104816291
a049_1,a049,1,hn,1,0.8352777913485133
a049_1,a049,1,hn,5,0.5412691459847419
a049_1,a049,1,hn,10,0.3131095425721357
a049_1,a049,1,hn,30,-0.21672048433926888
a049_1,a049,1,hn,60,-0.13606721655229187
a049_1,a049,2,yaw,0.05,0.9773980848882853
a049_1,a049,2,yaw,0.5,0.9023818905183014
a049_1,a049,2,yaw,1,0.8489868005171234
a049_1,a049,2,yaw,5,0.5273797783915954
a049_1,a049,2,yaw,10,0.2937255303200921
a049_1,a049,2,yaw,30,-0.25872932331774523
a049_1,a049,2,yaw,60,-0.13789186181118201
a049_1,a049,2,hn,0.05,0.9622333914050996
a049_1,a049,2,hn,0.5,0.8405491458700292
a049_1,a049,2,hn,1,0.8073760424931817
a049_1,a049,2,hn,5,0.538430818062783
a049_1,a049,2,hn,10,0.29601441412018165
a049_1,a049,2,hn,30,-0.2175307748385893
a049_1,a049,2,hn,60,-0.14477151856519452
a049_1,a049,3,yaw,0.05,0.9768773673737943
a049_1,a049,3,yaw,0.5,0.9016228318643128
a049_1,a049,3,yaw,1,0.8624180323234595
a049_1,a049,3,yaw,5,0.5516844049389343
a049_1,a049,3,yaw,10,0.326711798464776
a049_1,a049,3,yaw,30,-0.2410110986706869
a049_1,a049,3,yaw,60,-0.15994206576777978
a049_1,a049,3,hn,0.05,0.9642200418340574
a049_1,a049,3,hn,0.5,0.8709662298842107
a049_1,a049,3,hn,1,0.8345992117727874
a049_1,a049,3,hn,5,0.5295482258358324
a049_1,a049,3,hn,10,0.3112109267531587
a049_1,a049,3,hn,30,-0.20186887914376048
a049_1,a049,3,hn,60,-0.16724029326754267
a049_2,a049,0,yaw,0.05,0.8883661211132662
a049_2,a049,0,yaw,0.5,0.5395634294119872
a049_2,a049,0,yaw,1,0.30952391281313024
a049_2,a049,0,yaw,5,0.1845079395251608
a049_2,a049,0,yaw,10,0.10214385082179346
a049_2,a049,0,yaw,30,-0.059390556903252234
a049_2,a049,0,yaw,60,-0.0554896574599727
a049_2,a049,0,hn,0.05,0.8278906743966021
a049_2,a049,0,hn,0.5,0.4388078100399454
a049_2,a049,0,hn,1,0.27610088942136146
a049_2,a049,0,hn,5,0.15832655386139552
a049_2,a049,0,hn,10,0.0848812823141139
a049_2,a049,0,hn,30,-0.03363722994107095
a049_2,a049,0,hn,60,-0.03900834463402068
a049_2,a049,1,yaw,0.05,0.9069398290105856
a049_2,a049,1,yaw,0.5,0.5961101234756742
a049_2,a049,1,yaw,1,0.3997218594957026
a049_2,a049,1,yaw,5,0.25461913318833196
a049_2,a049,1,yaw,10,0.15695292522181764
a049_2,a049,1,yaw,30,-0.07552888315661312
a049_2,a049,1,yaw,60,-0.0895297060454535
a049_2,a049,1,hn,0.05,0.8476341250235166
a049_2,a049,1,hn,0.5,0.38012181424321195
a049_2,a049,1,hn,1,0.22266050752842406
a049_2,a049,1,hn,5,0.08527453406920019
a049_2,a049,1,hn,10,0.0276045300398081
a049_2,a049,1,hn,30,-0.034274929004487864
a049_2,a049,1,hn,60,-0.01847413441552805
a049_2,a049,2,yaw,0.05,0.887349022058671
a049_2,a049,2,yaw,0.5,0.5142800865800665
a049_2,a049,2,yaw,1,0.3069777741981058
a049_2,a049,2,yaw,5,0.17106944380015257
a049_2,a049,2,yaw,10,0.09990558116386272
a049_2,a049,2,yaw,30,-0.058642323622268136
a049_2,a049,2,yaw,60,-0.03947244127291573
a049_2,a049,2,hn,0.05,0.8602689950344296
a049_2,a049,2,hn,0.5,0.3708880281293143
a049_2,a049,2,hn,1,0.2957158379622953
a049_2,a049,2,hn,5,0.13825444354564317
a049_2,a049,2,hn,10,0.06658033857830185
a049_2,a049,2,hn,30,-0.0502052580066328
a049_2,a049,2,hn,60,-0.016611080155107767
a049_2,a049,3,yaw,0.05,0.9038289295515086
a049_2,a049,3,yaw,0.5,0.5602504863821066
a049_2,a049,3,yaw,1,0.3739874419497383
a049_2,a049,3,yaw,5,0.2246901069621123
a049_2,a049,3,yaw,10,0.12173695198215134
a049_2,a049,3,yaw,30,-0.06619563748070252
a049_2,a049,3,yaw,60,-0.08643018993968618
a049_2,a049,3,hn,0.05,0.845921387070101
a049_2,a049,3,hn,0.5,0.4448905358453523
a049_2,a049,3,hn,1,0.3356745811155688
a049_2,a049,3,hn,5,0.16199336354647995
a049_2,a049,3,hn,10,0.09017988572185243
a049_2,a049,3,hn,30,-0.04609616972120356
a049_2,a049,3,hn,60,-0.024684213145885637
a049_3,a049,0,yaw,0.05,0.9168166139617597
a049_3,a049,0,yaw,0.5,0.70205411811876
a049_3,a049,0,yaw,1,0.577655934040465
a049_3,a049,0,yaw,5,0.31225956132926597
a049_3,a049,0,yaw,10,0.20457110558708427
a049_3,a049,0,yaw,30,-0.055192771930129246
a049_3,a049,0,yaw,60,-0.10986717438195698
a049_3,a049,0,hn,0.05,0.8481730487680375
a049_3,a049,0,hn,0.5,0.5515397344684513
a049_3,a049,0,hn,1,0.4250292516968995
a049_3,a049,0,hn,5,0.1916961196726651
a049_3,a049,0,hn,10,0.1246220818957535
a049_3,a049,0,hn,30,-0.04975430839597402
a049_3,a049,0,hn,60,-0.08018144065299755
a049_3,a049,1,yaw,0.05,0.9279296181576272
a049_3,a049,1,yaw,0.5,0.7464679002962956
a049_3,a049,1,yaw,1,0.6184767813901235
a049_3,a049,1,yaw,5,0.3721850259973376
a049_3,a049,1,yaw,10,0.2280967241099837
a049_3,a049,1,yaw,30,-0.07848905111910937
a049_3,a049,1,yaw,60,-0.11255388197847631
a049_3,a049,1,hn,0.05,0.873580641896308
a049_3,a049,1,hn,0.5,0.5189062003615994
a049_3,a049,1,hn,1,0.4242060963176005
a049_3,a049,1,hn,5,0.18529677195787805
a049_3,a049,1,hn,10,0.10898202992723129
a049_3,a049,1,hn,30,-0.027642908806278788
a049_3,a049,1,hn,60,-0.0659996558275473
a049_3,a049,2,yaw,0.05,0.9180739928658502
a049_3,a049,2,yaw,0.5,0.6720940215717977
a049_3,a049,2,yaw,1,0.5226213183122845
a049_3,a049,2,yaw,5,0.2592117840897212
a049_3,a049,2,yaw,10,0.17502399400993915
a049_3,a049,2,yaw,30,-0.05325362608935689
a049_3,a049,2,yaw,60,-0.08710831074724125
a049_3,a049,2,hn,0.05,0.8926135144033047
a049_3,a049,2,hn,0.5,0.5206439972197916
a049_3,a049,2,hn,1,0.5022160582486707
a049_3,a049,2,hn,5,0.22362113582649398
a049_3,a049,2,hn,10,0.13475080851814839
a049_3,a049,2,hn,30,-0.05161745902206834
a049_3,a049,2,hn,60,-0.08870150215767314
a049_3,a049,3,yaw,0.05,0.9325886213244238
a049_3,a049,3,yaw,0.5,0.7363305991708889
a049_3,a049,3,yaw,1,0.6258177435977428
a049_3,a049,3,yaw,5,0.36247225160120494
a049_3,a049,3,yaw,10,0.2108325661786106
a049_3,a049,3,yaw,30,-0.0569140102845029
a049_3,a049,3,yaw,60,-0.13293171291093897
a049_3,a049,3,hn,0.05,0.8694227341504783
a049_3,a049,3,hn,0.5,0.5442111180741896
a049_3,a049,3,hn,1,0.4521204968164991
a049_3,a049,3,hn,5,0.23764636047378476
a049_3,a049,3,hn,10,0.13996805134298024
a049_3,a049,3,hn,30,-0.06431608156101275
a049_3,a049,3,hn,60,-0.06221647652231434
a050_1,a050,0,yaw,0.05,0.9525800253404005
a050_1,a050,0,yaw,0.5,0.8100150401461392
a050_1,a050,0,yaw,1,0.7223819536747816
a050_1,a050,0,yaw,5,0.5084231323509555
a050_1,a050,0,yaw,10,0.3328560626398201
a050_1,a050,0,yaw,30,-0.00955123655838079
a050_1,a050,0,yaw,60,-0.21955819504027432
a050_1,a050,0,hn,0.05,0.9309670652231667
a050_1,a050,0,hn,0.5,0.7265526317754418
a050_1,a050,0,hn,1,0.6828826446075468
a050_1,a050,0,hn,5,0.4758174880021442
a050_1,a050,0,hn,10,0.2993937427183345
a050_1,a050,0,hn,30,-0.007418942049853688
a050_1,a050,0,hn,60,-0.20148352202702532
a050_1,a050,1,yaw,0.05,0.9568660398015586
a050_1,a050,1,yaw,0.5,0.8030732227529709
a050_1,a050,1,yaw,1,0.715921623902248
a050_1,a050,1,yaw,5,0.4887234414804855
a050_1,a050,1,yaw,10,0.3012352760924651
a050_1,a050,1,yaw,30,-0.009887427997577056
a050_1,a050,1,yaw,60,-0.20423357333534364
a050_1,a050,1,hn,0.05,0.91778943551217
a050_1,a050,1,hn,0.5,0.6931884481586021
a050_1,a050,1,hn,1,0.6470607187305284
a050_1,a050,1,hn,5,0.44745201426122505
a050_1,a050,1,hn,10,0.26169274357188194
a050_1,a050,1,hn,30,-0.017005403860135063
a050_1,a050,1,hn,60,-0.16971014497526768
a050_1,a050,2,yaw,0.05,0.9525035166719205
a050_1,a050,2,yaw,0.5,0.7689340512620657
a050_1,a050,2,yaw,1,0.6579344682887813
a050_1,a050,2,yaw,5,0.4545706091195336
a050_1,a050,2,yaw,10,0.29217583895254057
a050_1,a050,2,yaw,30,-0.02397886539026606
a050_1,a050,2,yaw,60,-0.23831084868120103
a050_1,a050,2,hn,0.05,0.924508985677461
a050_1,a050,2,hn,0.5,0.6858749941565513
a050_1,a050,2,hn,1,0.6359580482960748
a050_1,a050,2,hn,5,0.4288265000299752
a050_1,a050,2,hn,10,0.2573415806874
a050_1,a050,2,hn,30,-0.016362326453035748
a050_1,a050,2,hn,60,-0.1964154039457867
a050_1,a050,3,yaw,0.05,0.9578834139225304
a050_1,a050,3,yaw,0.5,0.7924668998251753
a050_1,a050,3,yaw,1,0.6847539360748264
a050_1,a050,3,yaw,5,0.4818544712237797
a050_1,a050,3,yaw,10,0.2964986052675878
a050_1,a050,3,yaw,30,-0.044101464988152476
a050_1,a050,3,yaw,60,-0.2043373530767744
a050_1,a050,3,hn,0.05,0.9168367290981231
a050_1,a050,3,hn,0.5,0.6873359572833042
a050_1,a050,3,hn,1,0.6233076247591557
a050_1,a050,3,hn,5,0.4353669888402138
a050_1,a050,3,hn,10,0.2625232134056915
a050_1,a050,3,hn,30,-0.00823515459192098
a050_1,a050,3,hn,60,-0.18432986658324657
a050_3,a050,0,yaw,0.05,0.9250472317427224
a050_3,a050,0,yaw,0.5,0.6189913890278101
a050_3,a050,0,yaw,1,0.48884016704250316
a050_3,a050,0,yaw,5,0.32605200583896676
a050_3,a050,0,yaw,10,0.18345836238049198
a050_3,a050,0,yaw,30,-0.012991926836685649
a050_3,a050,0,yaw,60,0.025811916910249245
a050_3,a050,0,hn,0.05,0.8879988766444677
a050_3,a050,0,hn,0.5,0.5776642346037283
a050_3,a050,0,hn,1,0.4971410436852506
a050_3,a050,0,hn,5,0.3384236404932211
a050_3,a050,0,hn,10,0.2117870270119016
a050_3,a050,0,hn,30,0.022444871845504272
a050_3,a050,0,hn,60,0.03410921195659836
a050_3,a050,1,yaw,0.05,0.9193846433678313
a050_3,a050,1,yaw,0.5,0.6045510058994289
a050_3,a050,1,yaw,1,0.4583936957777963
a050_3,a050,1,yaw,5,0.3197894469771887
a050_3,a050,1,yaw,10,0.19033456121923345
a050_3,a050,1,yaw,30,0.023278915571484506
a050_3,a050,1,yaw,60,0.030447183522937262
a050_3,a050,1,hn,0.05,0.8864988013236186
a050_3,a050,1,hn,0.5,0.5801877876832211
a050_3,a050,1,hn,1,0.4690619379642197
a050_3,a050,1,hn,5,0.33418648634463416
a050_3,a050,1,hn,10,0.18414382369846102
a050_3,a050,1,hn,30,0.0003336272817817649
a050_3,a050,1,hn,60,0.06253578632104043
a050_3,a050,2,yaw,0.05,0.9224467785860556
a050_3,a050,2,yaw,0.5,0.6453755611862961
a050_3,a050,2,yaw,1,0.4962116965936983
a050_3,a050,2,yaw,5,0.34320058180217977
a050_3,a050,2,yaw,10,0.17864856092195688
a050_3,a050,2,yaw,30,0.007812618552837464
a050_3,a050,2,yaw,60,0.014001347248094625
a050_3,a050,2,hn,0.05,0.9131499458164354
a050_3,a050,2,hn,0.5,0.6229165784395289
a050_3,a050,2,hn,1,0.5226718182493011
a050_3,a050,2,hn,5,0.37073186506148453
a050_3,a050,2,hn,10,0.21352838468601648
a050_3,a050,2,hn,30,0.03130569347714927
a050_3,a050,2,hn,60,0.030307637516063555
a050_3,a050,3,yaw,0.05,0.9251733588136625
a050_3,a050,3,yaw,0.5,0.635173612740255
a050_3,a050,3,yaw,1,0.5197344262717685
a050_3,a050,3,yaw,5,0.3680357486402232
a050_3,a050,3,yaw,10,0.2115008472454152
a050_3,a050,3,yaw,30,0.02308145362213854
a050_3,a050,3,yaw,60,0.04795403652993014
a050_3,a050,3,hn,0.05,0.891598893815036
a050_3,a050,3,hn,0.5,0.6066939247240299
a050_3,a050,3,hn,1,0.48453500295025875
a050_3,a050,3,hn,5,0.3406295968752816
a050_3,a050,3,hn,10,0.19282618979931992
a050_3,a050,3,hn,30,0.02197842694779481
a050_3,a050,3,hn,60,0.03622084515596493
a051_1,a051,0,yaw,0.05,0.9626624459553106
a051_1,a051,0,yaw,0.5,0.7656645004663015
a051_1,a051,0,yaw,1,0.6296993034134826
a051_1,a051,0,yaw,5,0.40825301466821573
a051_1,a051,0,yaw,10,0.252437171853565
a051_1,a051,0,yaw,30,-0.021189223231849068
a051_1,a051,0,yaw,60,0.004336223312217583
a051_1,a051,0,hn,0.05,0.9444571096925589
a051_1,a051,0,hn,0.5,0.7138964988622468
a051_1,a051,0,hn,1,0.5811800208933563
a051_1,a051,0,hn,5,0.34976192929245803
a051_1,a051,0,hn,10,0.2284925286244632
a051_1,a051,0,hn,30,-0.03524885754028313
a051_1,a051,0,hn,60,0.020316982086807274
a051_1,a051,1,yaw,0.05,0.9612265118731274
a051_1,a051,1,yaw,0.5,0.7638577238364825
a051_1,a051,1,yaw,1,0.6175581367783004
a051_1,a051,1,yaw,5,0.386443423829328
a051_1,a051,1,yaw,10,0.24494526812597642
a051_1,a051,1,yaw,30,-0.019757029083630456
a051_1,a051,1,yaw,60,0.010253206568692478
a051_1,a051,1,hn,0.05,0.9458541932718039
a051_1,a051,1,hn,0.5,0.6788021520678928
a051_1,a051,1,hn,1,0.5243544481354246
a051_1,a051,1,hn,5,0.333390966386859
a051_1,a051,1,hn,10,0.20801043208234785
a051_1,a051,1,hn,30,-0.033956384197883924
a051_1,a051,1,hn,60,0.012125352527959763
a051_1,a051,2,yaw,0.05,0.9656960879481827
a051_1,a051,2,yaw,0.5,0.7686308730772528
a051_1,a051,2,yaw,1,0.6303959597571148
a051_1,a051,2,yaw,5,0.41433217909639003
a051_1,a051,2,yaw,10,0.26173433530250007
a051_1,a051,2,yaw,30,-0.02573641858455866
a051_1,a051,2,yaw,60,0.009541439450342503
a051_1,a051,2,hn,0.05,0.9433977377689069
a051_1,a051,2,hn,0.5,0.6881497405078524
a051_1,a051,2,hn,1,0.5353229840406397
a051_1,a051,2,hn,5,0.35350957283781886
a051_1,a051,2,hn,10,0.222938602508399
a051_1,a051,2,hn,30,-0.03532802542324065
a051_1,a051,2,hn,60,0.0029765701905331947
a051_1,a051,3,yaw,0.05,0.9648204418134075
a051_1,a051,3,yaw,0.5,0.7613220855363707
a051_1,a051,3,yaw,1,0.6172458056277786
a051_1,a051,3,yaw,5,0.404818317186067
a051_1,a051,3,yaw,10,0.26470082898931485
a051_1,a051,3,yaw,30,-0.012764917426490236
a051_1,a051,3,yaw,60,0.007162543674910467
a051_1,a051,3,hn,0.05,0.9452883601236216
a051_1,a051,3,hn,0.5,0.7098578276360413
a051_1,a051,3,hn,1,0.5625236125441084
a051_1,a051,3,hn,5,0.37767117605460565
a051_1,a051,3,hn,10,0.24671899300334513
a051_1,a051,3,hn,30,-0.01843555126521854
a051_1,a051,3,hn,60,0.012614215784703172
a051_2,a051,0,yaw,0.05,0.9167489488558758
a051_2,a051,0,yaw,0.5,0.5235798218297195
a051_2,a051,0,yaw,1,0.3539772745511491
a051_2,a051,0,yaw,5,0.19168168656755818
a051_2,a051,0,yaw,10,0.13239237288462363
a051_2,a051,0,yaw,30,-0.028234102350638
a051_2,a051,0,yaw,60,-0.02344246069019798
a051_2,a051,0,hn,0.05,0.8829270660280698
a051_2,a051,0,hn,0.5,0.46367580046869034
a051_2,a051,0,hn,1,0.29649093284378897
a051_2,a051,0,hn,5,0.11657548250521287
a051_2,a051,0,hn,10,0.05490768009697833
a051_2,a051,0,hn,30,-0.05420855865825569
a051_2,a051,0,hn,60,-0.012120446121489116
a051_2,a051,1,yaw,0.05,0.916074337327478
a051_2,a051,1,yaw,0.5,0.5758438823020675
a051_2,a051,1,yaw,1,0.4132904317095562
a051_2,a051,1,yaw,5,0.19057175964027998
a051_2,a051,1,yaw,10,0.10036354391040135
a051_2,a051,1,yaw,30,-0.020759109165911456
a051_2,a051,1,yaw,60,-0.017960616248385398
a051_2,a051,1,hn,0.05,0.8709483849944526
a051_2,a051,1,hn,0.5,0.3912760772058088
a051_2,a051,1,hn,1,0.19973586424475115
a051_2,a051,1,hn,5,0.08363224603729169
a051_2,a051,1,hn,10,0.03924858709271921
a051_2,a051,1,hn,30,-0.02093609078706749
a051_2,a051,1,hn,60,-0.006353420103380224
a051_2,a051,2,yaw,0.05,0.9207576232183899
a051_2,a051,2,yaw,0.5,0.5734760021635565
a051_2,a051,2,yaw,1,0.40054231075908964
a051_2,a051,2,yaw,5,0.24959878200458252
a051_2,a051,2,yaw,10,0.13363860149577628
a051_2,a051,2,yaw,30,-0.015784587024445112
a051_2,a051,2,yaw,60,-0.020220383932601577
a051_2,a051,2,hn,0.05,0.8895246999099873
a051_2,a051,2,hn,0.5,0.4766228440565433
a051_2,a051,2,hn,1,0.27798992795780697
a051_2,a051,2,hn,5,0.09646428952239132
a051_2,a051,2,hn,10,0.06861834440067728
a051_2,a051,2,hn,30,-0.018710751422241663
a051_2,a051,2,hn,60,-0.00857388160918273
a051_2,a051,3,yaw,0.05,0.9135044014399926
a051_2,a051,3,yaw,0.5,0.5153687135764421
a051_2,a051,3,yaw,1,0.3323241308044708
a051_2,a051,3,yaw,5,0.19122400916506502
a051_2,a051,3,yaw,10,0.10847669141927695
a051_2,a051,3,yaw,30,-0.0368808202354054
a051_2,a051,3,yaw,60,-0.00873203179829002
a051_2,a051,3,hn,0.05,0.8785090630209671
a051_2,a051,3,hn,0.5,0.4339909994680279
a051_2,a051,3,hn,1,0.2996123989762632
a051_2,a051,3,hn,5,0.1340235496063773
a051_2,a051,3,hn,10,0.06756664062544983
a051_2,a051,3,hn,30,-0.02491061655704611
a051_2,a051,3,hn,60,-0.005343746191133561
a051_3,a051,0,yaw,0.05,0.9271070865101727
a051_3,a051,0,yaw,0.5,0.525833540221873
a051_3,a051,0,yaw,1,0.2699443866408115
a051_3,a051,0,yaw,5,0.017377065350002992
a051_3,a051,0,yaw,10,-0.04256278635489563
a051_3,a051,0,yaw,30,-0.008826371289118125
a051_3,a051,0,yaw,60,-0.01418655468849748
a051_3,a051,0,hn,0.05,0.8760455151425961
a051_3,a051,0,hn,0.5,0.4380748113689986
a051_3,a051,0,hn,1,0.23932909812003578
a051_3,a051,0,hn,5,0.02013541346621501
a051_3,a051,0,hn,10,-0.009199857176569789
a051_3,a051,0,hn,30,-9.631337554317422e-05
a051_3,a051,0,hn,60,-0.007286209419495687
a051_3,a051,1,yaw,0.05,0.9324454325811148
a051_3,a051,1,yaw,0.5,0.5868317577942646
a051_3,a051,1,yaw,1,0.2887784867353545
a051_3,a051,1,yaw,5,0.012743239966833913
a051_3,a051,1,yaw,10,-0.015314374693991028
a051_3,a051,1,yaw,30,-0.01592448320250351
a051_3,a051,1,yaw,60,-0.012317005937967787
a051_3,a051,1,hn,0.05,0.8773309880107296
a051_3,a051,1,hn,0.5,0.46628504186798164
a051_3,a051,1,hn,1,0.20050196441157178
a051_3,a051,1,hn,5,-0.0212800706830794
a051_3,a051,1,hn,10,-0.006419526668662131
a051_3,a051,1,hn,30,-0.0013931110692956643
a051_3,a051,1,hn,60,-0.014197247947526609
a051_3,a051,2,yaw,0.05,0.9326837386411733
a051_3,a051,2,yaw,0.5,0.5478716505796544
a051_3,a051,2,yaw,1,0.2572484079837895
a051_3,a051,2,yaw,5,0.01346434738481629
a051_3,a051,2,yaw,10,-0.003159019271137292
a051_3,a051,2,yaw,30,-0.02150368497826425
a051_3,a051,2,yaw,60,-0.008510573250222435
a051_3,a051,2,hn,0.05,0.8757138461703702
a051_3,a051,2,hn,0.5,0.4391051901295171
a051_3,a051,2,hn,1,0.21224349761295228
a051_3,a051,2,hn,5,-0.003441092014475645
a051_3,a051,2,hn,10,-0.005382136475742868
a051_3,a051,2,hn,30,0.007542752911231759
a051_3,a051,2,hn,60,-0.009183277374499704
a051_3,a051,3,yaw,0.05,0.9278480332844485
a051_3,a051,3,yaw,0.5,0.5322673216529417
a051_3,a051,3,yaw,1,0.25114750899461163
a051_3,a051,3,yaw,5,0.003303808658480368
a051_3,a051,3,yaw,10,-0.017948463697401183
a051_3,a051,3,yaw,30,0.009151353401227863
a051_3,a051,3,yaw,60,-0.009806826683310716
a051_3,a051,3,hn,0.05,0.885872191546659
a051_3,a051,3,hn,0.5,0.4981795136471333
a051_3,a051,3,hn,1,0.25191779437935763
a051_3,a051,3,hn,5,-0.012376370143983599
a051_3,a051,3,hn,10,-0.009903223787124365
a051_3,a051,3,hn,30,0.00031252071471349357
a051_3,a051,3,hn,60,-0.017004063898519987
a052_2,a052,0,yaw,0.05,0.9511462948947381
a052_2,a052,0,yaw,0.5,0.6808703817166363
a052_2,a052,0,yaw,1,0.5101204796173977
a052_2,a052,0,yaw,5,0.26841450428757296
a052_2,a052,0,yaw,10,0.21794077751320817
a052_2,a052,0,yaw,30,-0.015088800058077206
a052_2,a052,0,yaw,60,-0.15566840255832295
a052_2,a052,0,hn,0.05,0.9212513828408452
a052_2,a052,0,hn,0.5,0.6183613728387845
a052_2,a052,0,hn,1,0.5500839514744207
a052_2,a052,0,hn,5,0.2917204022861809
a052_2,a052,0,hn,10,0.19562200242086758
a052_2,a052,0,hn,30,-0.02698069921763407
a052_2,a052,0,hn,60,-0.15160218179612764
a052_2,a052,1,yaw,0.05,0.9500591937578122
a052_2,a052,1,yaw,0.5,0.6467282529075415
a052_2,a052,1,yaw,1,0.5652894798399701
a052_2,a052,1,yaw,5,0.26482256486437383
a052_2,a052,1,yaw,10,0.2345943859172739
a052_2,a052,1,yaw,30,-0.03495284017331851
a052_2,a052,1,yaw,60,-0.14858215199320107
a052_2,a052,1,hn,0.05,0.9229870845718113
a052_2,a052,1,hn,0.5,0.605458792759885
a052_2,a052,1,hn,1,0.5628234790186085
a052_2,a052,1,hn,5,0.2406230475016908
a052_2,a052,1,hn,10,0.19085920100390374
a052_2,a052,1,hn,30,-0.018404677657063738
a052_2,a052,1,hn,60,-0.1377007306101587
a052_2,a052,2,yaw,0.05,0.9480362428764044
a052_2,a052,2,yaw,0.5,0.6723040129370668
a052_2,a052,2,yaw,1,0.5277485247710717
a052_2,a052,2,yaw,5,0.27330845357976685
a052_2,a052,2,yaw,10,0.19468804877480522
a052_2,a052,2,yaw,30,0.009312922465535606
a052_2,a052,2,yaw,60,-0.15412048748705487
a052_2,a052,2,hn,0.05,0.9308646767254817
a052_2,a052,2,hn,0.5,0.6479093509530639
a052_2,a052,2,hn,1,0.5458032482358814
a052_2,a052,2,hn,5,0.3161749205725421
a052_2,a052,2,hn,10,0.2605210520097953
a052_2,a052,2,hn,30,0.007044985903380939
a052_2,a052,2,hn,60,-0.16128459496960218
a052_2,a052,3,yaw,0.05,0.95275378373004
a052_2,a052,3,yaw,0.5,0.6759010294576862
a052_2,a052,3,yaw,1,0.5916560526156814
a052_2,a052,3,yaw,5,0.28045450862917104
a052_2,a052,3,yaw,10,0.19183512020998678
a052_2,a052,3,yaw,30,-0.03962049033504304
a052_2,a052,3,yaw,60,-0.14637425290392433
a052_2,a052,3,hn,0.05,0.9289648966491522
a052_2,a052,3,hn,0.5,0.6393363167234382
a052_2,a052,3,hn,1,0.5732552946261403
a052_2,a052,3,hn,5,0.31103226527095895
a052_2,a052,3,hn,10,0.2448386483711498
a052_2,a052,3,hn,30,-0.008174021314573473
a052_2,a052,3,hn,60,-0.17063974922791614
a053_1,a053,0,yaw,0.05,0.9300010884852189
a053_1,a053,0,yaw,0.5,0.6313181842016234
a053_1,a053,0,yaw,1,0.5169235340248023
a053_1,a053,0,yaw,5,0.3544206110339992
a053_1,a053,0,yaw,10,0.20975417559732348
a053_1,a053,0,yaw,30,-0.07679431616481447
a053_1,a053,0,yaw,60,-0.16978512743094087
a053_1,a053,0,hn,0.05,0.9009384308548671
a053_1,a053,0,hn,0.5,0.6307326396880459
a053_1,a053,0,hn,1,0.5061980336699401
a053_1,a053,0,hn,5,0.36911206752168635
a053_1,a053,0,hn,10,0.1986356383029168
a053_1,a053,0,hn,30,-0.08231256908438284
a053_1,a053,0,hn,60,-0.1730626564095249
a053_1,a053,1,yaw,0.05,0.9325542372226334
a053_1,a053,1,yaw,0.5,0.6414948183895219
a053_1,a053,1,yaw,1,0.4696762395702112
a053_1,a053,1,yaw,5,0.36461572452469826
a053_1,a053,1,yaw,10,0.19816099255539663
a053_1,a053,1,yaw,30,-0.06309805318217275
a053_1,a053,1,yaw,60,-0.1389200748171919
a053_1,a053,1,hn,0.05,0.8748970084615736
a053_1,a053,1,hn,0.5,0.5426931723297712
a053_1,a053,1,hn,1,0.412254712310992
a053_1,a053,1,hn,5,0.29339393351153376
a053_1,a053,1,hn,10,0.16206920704991926
a053_1,a053,1,hn,30,-0.032105366421528836
a053_1,a053,1,hn,60,-0.11465910685918505
a053_1,a053,2,yaw,0.05,0.936090229325882
a053_1,a053,2,yaw,0.5,0.6457816961005082
a053_1,a053,2,yaw,1,0.48980299000098715
a053_1,a053,2,yaw,5,0.35118975479995684
a053_1,a053,2,yaw,10,0.20668404128758167
a053_1,a053,2,yaw,30,-0.05175073229657765
a053_1,a053,2,yaw,60,-0.18309491846526194
a053_1,a053,2,hn,0.05,0.9229008314489703
a053_1,a053,2,hn,0.5,0.6749762905397523
a053_1,a053,2,hn,1,0.5131982841229366
a053_1,a053,2,hn,5,0.37089519409827465
a053_1,a053,2,hn,10,0.19732238759227402
a053_1,a053,2,hn,30,-0.057195459584933876
a053_1,a053,2,hn,60,-0.18479688229245358
a053_1,a053,3,yaw,0.05,0.9376637654387822
a053_1,a053,3,yaw,0.5,0.6749464307463622
a053_1,a053,3,yaw,1,0.5342280804640387
a053_1,a053,3,yaw,5,0.3727780967037366
a053_1,a053,3,yaw,10,0.24788236370899486
a053_1,a053,3,yaw,30,-0.05315348407824346
a053_1,a053,3,yaw,60,-0.2068472688112124
a053_1,a053,3,hn,0.05,0.9067373965465534
a053_1,a053,3,hn,0.5,0.6689639390986543
a053_1,a053,3,hn,1,0.5085722268124397
a053_1,a053,3,hn,5,0.34298825985566406
a053_1,a053,3,hn,10,0.19360628341563468
a053_1,a053,3,hn,30,-0.059542506519075174
a053_1,a053,3,hn,60,-0.18484583162950516
a053_2,a053,0,yaw,0.05,0.9339044212029697
a053_2,a053,0,yaw,0.5,0.7735691092336235
a053_2,a053,0,yaw,1,0.6937104967996855
a053_2,a053,0,yaw,5,0.520522340902704
a053_2,a053,0,yaw,10,0.34003503022439113
a053_2,a053,0,yaw,30,-0.09803954701246397
a053_2,a053,0,yaw,60,-0.3257305796111704
a053_2,a053,0,hn,0.05,0.8904987011621207
a053_2,a053,0,hn,0.5,0.7143901921787595
a053_2,a053,0,hn,1,0.621286134453939
a053_2,a053,0,hn,5,0.4968224146442021
a053_2,a053,0,hn,10,0.3413084143054281
a053_2,a053,0,hn,30,-0.0947215323771721
a053_2,a053,0,hn,60,-0.3166012450757042
a053_2,a053,1,yaw,0.05,0.9316297757341554
a053_2,a053,1,yaw,0.5,0.7574870079183609
a053_2,a053,1,yaw,1,0.6515269544241648
a053_2,a053,1,yaw,5,0.4654590235813564
a053_2,a053,1,yaw,10,0.3069894061011966
a053_2,a053,1,yaw,30,-0.07693089291357942
a053_2,a053,1,yaw,60,-0.2909226764943095
a053_2,a053,1,hn,0.05,0.8822061191414765
a053_2,a053,1,hn,0.5,0.6603640328352207
a053_2,a053,1,hn,1,0.5444728708710819
a053_2,a053,1,hn,5,0.434747722381169
a053_2,a053,1,hn,10,0.290084786381116
a053_2,a053,1,hn,30,-0.08413977124292686
a053_2,a053,1,hn,60,-0.26256439122848296
a053_2,a053,2,yaw,0.05,0.9295807954563418
a053_2,a053,2,yaw,0.5,0.7628958296827945
a053_2,a053,2,yaw,1,0.6469239450778009
a053_2,a053,2,yaw,5,0.4580711725710543
a053_2,a053,2,yaw,10,0.290696011207598
a053_2,a053,2,yaw,30,-0.08625673573271486
a053_2,a053,2,yaw,60,-0.2632520849106331
a053_2,a053,2,hn,0.05,0.8595060573883705
a053_2,a053,2,hn,0.5,0.5962083902871522
a053_2,a053,2,hn,1,0.5309201866823016
a053_2,a053,2,hn,5,0.4138622843698946
a053_2,a053,2,hn,10,0.2742187271809003
a053_2,a053,2,hn,30,-0.06765393038228323
a053_2,a053,2,hn,60,-0.27110183518315656
a053_2,a053,3,yaw,0.05,0.919357273420074
a053_2,a053,3,yaw,0.5,0.7270255564546775
a053_2,a053,3,yaw,1,0.6175646887845492
a053_2,a053,3,yaw,5,0.46346026813012925
a053_2,a053,3,yaw,10,0.3227544167918948
a053_2,a053,3,yaw,30,-0.06944174679664308
a053_2,a053,3,yaw,60,-0.29269740372490405
a053_2,a053,3,hn,0.05,0.882831710188294
a053_2,a053,3,hn,0.5,0.6700800839568891
a053_2,a053,3,hn,1,0.5853702794416888
a053_2,a053,3,hn,5,0.4555141111687633
a053_2,a053,3,hn,10,0.31676370259839254
a053_2,a053,3,hn,30,-0.09219274281459269
a053_2,a053,3,hn,60,-0.2984206126463288
a053_3,a053,0,yaw,0.05,0.9238986583033447
a053_3,a053,0,yaw,0.5,0.7672604006859639
a053_3,a053,0,yaw,1,0.6700228255684181
a053_3,a053,0,yaw,5,0.48383467656814283
a053_3,a053,0,yaw,10,0.3391672536148243
a053_3,a053,0,yaw,30,-0.05596965552081808
a053_3,a053,0,yaw,60,-0.20817417147371942
a053_3,a053,0,hn,0.05,0.8878123168599542
a053_3,a053,0,hn,0.5,0.6655841076810036
a053_3,a053,0,hn,1,0.5747811205029125
a053_3,a053,0,hn,5,0.41145042390587516
a053_3,a053,0,hn,10,0.2746697128869954
a053_3,a053,0,hn,30,-0.06956619574687165
a053_3,a053,0,hn,60,-0.20831206031196747
a053_3,a053,1,yaw,0.05,0.9212716409309315
a053_3,a053,1,yaw,0.5,0.7260752673764039
a053_3,a053,1,yaw,1,0.6329476382543853
a053_3,a053,1,yaw,5,0.4554744227766025
a053_3,a053,1,yaw,10,0.31516037772970673
a053_3,a053,1,yaw,30,-0.06547230008935014
a053_3,a053,1,yaw,60,-0.1930621407428073
a053_3,a053,1,hn,0.05,0.8733026238426221
a053_3,a053,1,hn,0.5,0.6291751061631595
a053_3,a053,1,hn,1,0.5217309014669964
a053_3,a053,1,hn,5,0.3966092218889977
a053_3,a053,1,hn,10,0.2607265006023095
a053_3,a053,1,hn,30,-0.04658592858885034
a053_3,a053,1,hn,60,-0.16998234672111415
a053_3,a053,2,yaw,0.05,0.9243451593147602
a053_3,a053,2,yaw,0.5,0.7250841718753788
a053_3,a053,2,yaw,1,0.6095327534060142
a053_3,a053,2,yaw,5,0.40887109735803207
a053_3,a053,2,yaw,10,0.2621224961306398
a053_3,a053,2,yaw,30,-0.05168951703288226
a053_3,a053,2,yaw,60,-0.1690030097464153
a053_3,a053,2,hn,0.05,0.8459017641782763
a053_3,a053,2,hn,0.5,0.5419397579477588
a053_3,a053,2,hn,1,0.46201426013741387
a053_3,a053,2,hn,5,0.3303798688562764
a053_3,a053,2,hn,10,0.22231992766980968
a053_3,a053,2,hn,30,-0.02068959519005805
a053_3,a053,2,hn,60,-0.17170427296855598
a053_3,a053,3,yaw,0.05,0.8979960115325998
a053_3,a053,3,yaw,0.5,0.6871606840155476
a053_3,a053,3,yaw,1,0.5900145613083906
a053_3,a053,3,yaw,5,0.45335218609159406
a053_3,a053,3,yaw,10,0.3147737989083802
a053_3,a053,3,yaw,30,-0.03929769307299979
a053_3,a053,3,yaw,60,-0.25259635861373053
a053_3,a053,3,hn,0.05,0.875247142781243
a053_3,a053,3,hn,0.5,0.6319758047770181
a053_3,a053,3,hn,1,0.536565986786752
a053_3,a053,3,hn,5,0.4033584512190994
a053_3,a053,3,hn,10,0.26416473504729315
a053_3,a053,3,hn,30,-0.054140460579251856
a053_3,a053,3,hn,60,-0.20215600007828816
a054_1,a054,0,yaw,0.05,0.9464173864873557
a054_1,a054,0,yaw,0.5,0.7279993764403444
a054_1,a054,0,yaw,1,0.615828782258688
a054_1,a054,0,yaw,5,0.37801533566468426
a054_1,a054,0,yaw,10,0.26958746452045096
a054_1,a054,0,yaw,30,-0.15033495514663345
a054_1,a054,0,yaw,60,-0.06385168148670008
a054_1,a054,0,hn,0.05,0.9175965184923254
a054_1,a054,0,hn,0.5,0.6387402773188057
a054_1,a054,0,hn,1,0.5688487787355626
a054_1,a054,0,hn,5,0.3850512511732894
a054_1,a054,0,hn,10,0.262086965930959
a054_1,a054,0,hn,30,-0.10281717866267409
a054_1,a054,0,hn,60,-0.10902535974706716
a054_1,a054,1,yaw,0.05,0.9435356268631403
a054_1,a054,1,yaw,0.5,0.729515814754898
a054_1,a054,1,yaw,1,0.6245066276612643
a054_1,a054,1,yaw,5,0.4126917390019163
a054_1,a054,1,yaw,10,0.2838604085090045
a054_1,a054,1,yaw,30,-0.12745160428083124
a054_1,a054,1,yaw,60,-0.08226879976005838
a054_1,a054,1,hn,0.05,0.9142912188189006
a054_1,a054,1,hn,0.5,0.634817297691335
a054_1,a054,1,hn,1,0.5591312145761175
a054_1,a054,1,hn,5,0.3376608495113759
a054_1,a054,1,hn,10,0.236999110969621
a054_1,a054,1,hn,30,-0.07521233658787461
a054_1,a054,1,hn,60,-0.15531444029768848
a054_1,a054,2,yaw,0.05,0.949568152237532
a054_1,a054,2,yaw,0.5,0.7530678130998092
a054_1,a054,2,yaw,1,0.6098125739714664
a054_1,a054,2,yaw,5,0.4135788808687372
a054_1,a054,2,yaw,10,0.29319374406733184
a054_1,a054,2,yaw,30,-0.134238626033
a054_1,a054,2,yaw,60,-0.108171991933314
a054_1,a054,2,hn,0.05,0.9226370472828457
a054_1,a054,2,hn,0.5,0.6571029400490004
a054_1,a054,2,hn,1,0.5986856388114933
a054_1,a054,2,hn,5,0.39657820607655436
a054_1,a054,2,hn,10,0.26066089909930173
a054_1,a054,2,hn,30,-0.09179017385546875
a054_1,a054,2,hn,60,-0.1639710710555508
a054_1,a054,3,yaw,0.05,0.9530521849096171
a054_1,a054,3,yaw,0.5,0.7671562905354645
a054_1,a054,3,yaw,1,0.6536692570330953
a054_1,a054,3,yaw,5,0.43971044966710854
a054_1,a054,3,yaw,10,0.3043764117650624
a054_1,a054,3,yaw,30,-0.143458328416608
a054_1,a054,3,yaw,60,-0.09083372152207295
a054_1,a054,3,hn,0.05,0.924230690379301
a054_1,a054,3,hn,0.5,0.6915981303764496
a054_1,a054,3,hn,1,0.5993657381989234
a054_1,a054,3,hn,5,0.4065817147677693
a054_1,a054,3,hn,10,0.28224484976919917
a054_1,a054,3,hn,30,-0.0861037573199764
a054_1,a054,3,hn,60,-0.19074192670244733
a054_2,a054,0,yaw,0.05,0.9330503938584056
a054_2,a054,0,yaw,0.5,0.6314574073448815
a054_2,a054,0,yaw,1,0.5017037473950332
a054_2,a054,0,yaw,5,0.2908570244895772
a054_2,a054,0,yaw,10,0.13477438620413176
a054_2,a054,0,yaw,30,-0.055519396072129724
a054_2,a054,0,yaw,60,-0.061355214282074036
a054_2,a054,0,hn,0.05,0.8841393787799691
a054_2,a054,0,hn,0.5,0.4993998738524199
a054_2,a054,0,hn,1,0.4808516115060432
a054_2,a054,0,hn,5,0.2848634041244302
a054_2,a054,0,hn,10,0.14377430774203892
a054_2,a054,0,hn,30,-0.05328960378994776
a054_2,a054,0,hn,60,-0.06692332722825774
a054_2,a054,1,yaw,0.05,0.9224662260088683
a054_2,a054,1,yaw,0.5,0.634593031412906
a054_2,a054,1,yaw,1,0.5447151007353118
a054_2,a054,1,yaw,5,0.3117481556762314
a054_2,a054,1,yaw,10,0.13933190369053863
a054_2,a054,1,yaw,30,-0.0584904416548266
a054_2,a054,1,yaw,60,-0.05291964848206788
a054_2,a054,1,hn,0.05,0.8680193256867583
a054_2,a054,1,hn,0.5,0.5365625125319868
a054_2,a054,1,hn,1,0.4578378381369411
a054_2,a054,1,hn,5,0.301967292499744
a054_2,a054,1,hn,10,0.1532413775989029
a054_2,a054,1,hn,30,-0.05625980729794773
a054_2,a054,1,hn,60,-0.048605854740700734
a054_2,a054,2,yaw,0.05,0.9353476125161978
a054_2,a054,2,yaw,0.5,0.6779991155703128
a054_2,a054,2,yaw,1,0.5747885691443603
a054_2,a054,2,yaw,5,0.36161681236205445
a054_2,a054,2,yaw,10,0.15444406622408421
a054_2,a054,2,yaw,30,-0.039525438931932416
a054_2,a054,2,yaw,60,-0.0658863754680308
a054_2,a054,2,hn,0.05,0.8652138848255875
a054_2,a054,2,hn,0.5,0.5339351698853274
a054_2,a054,2,hn,1,0.4660986799552957
a054_2,a054,2,hn,5,0.2932482036492463
a054_2,a054,2,hn,10,0.14659384130122421
a054_2,a054,2,hn,30,-0.04569438171367514
a054_2,a054,2,hn,60,-0.04638193127986688
a054_2,a054,3,yaw,0.05,0.9304290636854162
a054_2,a054,3,yaw,0.5,0.6633480485567742
a054_2,a054,3,yaw,1,0.5565419215209824
a054_2,a054,3,yaw,5,0.30636374284456025
a054_2,a054,3,yaw,10,0.145786808219061
a054_2,a054,3,yaw,30,-0.012925876017719563
a054_2,a054,3,yaw,60,-0.05145108242742506
a054_2,a054,3,hn,0.05,0.9079591695742492
a054_2,a054,3,hn,0.5,0.592768637980708
a054_2,a054,3,hn,1,0.5369767477650998
a054_2,a054,3,hn,5,0.3061267319809038
a054_2,a054,3,hn,10,0.15197998321915807
a054_2,a054,3,hn,30,-0.053689661372493994
a054_2,a054,3,hn,60,-0.04015674308685762
a054_3,a054,0,yaw,0.05,0.9481346358900302
a054_3,a054,0,yaw,0.5,0.761273975231823
a054_3,a054,0,yaw,1,0.6596989773661209
a054_3,a054,0,yaw,5,0.4262493836844294
a054_3,a054,0,yaw,10,0.2209411465340896
a054_3,a054,0,yaw,30,-0.150591992346225
a054_3,a054,0,yaw,60,-0.01352735009392176
a054_3,a054,0,hn,0.05,0.9130624817707427
a054_3,a054,0,hn,0.5,0.6466165056618777
a054_3,a054,0,hn,1,0.573218677117259
a054_3,a054,0,hn,5,0.36974671194733044
a054_3,a054,0,hn,10,0.20489511678136393
a054_3,a054,0,hn,30,-0.15574800464718397
a054_3,a054,0,hn,60,-0.05651119356192456
a054_3,a054,1,yaw,0.05,0.9547069144683847
a054_3,a054,1,yaw,0.5,0.785352525610989
a054_3,a054,1,yaw,1,0.6784617098423086
a054_3,a054,1,yaw,5,0.4150410943846211
a054_3,a054,1,yaw,10,0.22458920456233486
a054_3,a054,1,yaw,30,-0.14763699880222275
a054_3,a054,1,yaw,60,-0.04022652206664228
a054_3,a054,1,hn,0.05,0.9140946301827423
a054_3,a054,1,hn,0.5,0.6656810440197372
a054_3,a054,1,hn,1,0.5843634038274708
a054_3,a054,1,hn,5,0.34731679938225407
a054_3,a054,1,hn,10,0.2024185985753048
a054_3,a054,1,hn,30,-0.16233593067081634
a054_3,a054,1,hn,60,-0.0417792248092044
a054_3,a054,2,yaw,0.05,0.9622038287306951
a054_3,a054,2,yaw,0.5,0.7970880038716666
a054_3,a054,2,yaw,1,0.7063685628182735
a054_3,a054,2,yaw,5,0.45242587687907626
a054_3,a054,2,yaw,10,0.2408525693656558
a054_3,a054,2,yaw,30,-0.16571521114632803
a054_3,a054,2,yaw,60,-0.044110350989999055
a054_3,a054,2,hn,0.05,0.9075129128220569
a054_3,a054,2,hn,0.5,0.6429092078142256
a054_3,a054,2,hn,1,0.5690735330327674
a054_3,a054,2,hn,5,0.3622537025005029
a054_3,a054,2,hn,10,0.21257406498531178
a054_3,a054,2,hn,30,-0.16568641430280534
a054_3,a054,2,hn,60,-0.04611674631759656
a054_3,a054,3,yaw,0.05,0.9510942099333839
a054_3,a054,3,yaw,0.5,0.7385121257700793
a054_3,a054,3,yaw,1,0.6497053272540315
a054_3,a054,3,yaw,5,0.4050083171242547
a054_3,a054,3,yaw,10,0.24332142667658438
a054_3,a054,3,yaw,30,-0.15300469991977256
a054_3,a054,3,yaw,60,-0.03563668985474185
a054_3,a054,3,hn,0.05,0.9234815995282069
a054_3,a054,3,hn,0.5,0.7135771792576837
a054_3,a054,3,hn,1,0.643349041089377
a054_3,a054,3,hn,5,0.4232445143096533
a054_3,a054,3,hn,10,0.24076279795465522
a054_3,a054,3,hn,30,-0.14898321727618336
a054_3,a054,3,hn,60,-0.045012865532356325
a055_2,a055,0,yaw,0.05,0.9407472338798305
a055_2,a055,0,yaw,0.5,0.631723977020048
a055_2,a055,0,yaw,1,0.43754633791531367
a055_2,a055,0,yaw,5,0.27062162133368123
a055_2,a055,0,yaw,10,0.10140769677767518
a055_2,a055,0,yaw,30,-0.04998857154587573
a055_2,a055,0,yaw,60,-0.13542744023544953
a055_2,a055,0,hn,0.05,0.8987830364865428
a055_2,a055,0,hn,0.5,0.5412629169367638
a055_2,a055,0,hn,1,0.3718154685639756
a055_2,a055,0,hn,5,0.17815880936150758
a055_2,a055,0,hn,10,0.10999781094279874
a055_2,a055,0,hn,30,-0.05187699312568537
a055_2,a055,0,hn,60,-0.11514391963962192
a055_2,a055,1,yaw,0.05,0.9393172217504846
a055_2,a055,1,yaw,0.5,0.6456464176823029
a055_2,a055,1,yaw,1,0.47481877443830117
a055_2,a055,1,yaw,5,0.26504477411342237
a055_2,a055,1,yaw,10,0.1201905447532675
a055_2,a055,1,yaw,30,-0.06950476379465084
a055_2,a055,1,yaw,60,-0.07600906641838343
a055_2,a055,1,hn,0.05,0.9005725814392875
a055_2,a055,1,hn,0.5,0.5454231814130642
a055_2,a055,1,hn,1,0.3931658658759604
a055_2,a055,1,hn,5,0.2171495771556698
a055_2,a055,1,hn,10,0.10925309645515807
a055_2,a055,1,hn,30,-0.03988320434551203
a055_2,a055,1,hn,60,-0.1098416117581601
a055_2,a055,2,yaw,0.05,0.9420123347590278
a055_2,a055,2,yaw,0.5,0.6475362942243349
a055_2,a055,2,yaw,1,0.47482946414840393
a055_2,a055,2,yaw,5,0.2637685106658534
a055_2,a055,2,yaw,10,0.11147278952855373
a055_2,a055,2,yaw,30,-0.07526508588224165
a055_2,a055,2,yaw,60,-0.10805957587444102
a055_2,a055,2,hn,0.05,0.9073865830920949
a055_2,a055,2,hn,0.5,0.560703318482534
a055_2,a055,2,hn,1,0.4136708619141818
a055_2,a055,2,hn,5,0.19970542183005646
a055_2,a055,2,hn,10,0.10523594480337872
a055_2,a055,2,hn,30,-0.0395949730433928
a055_2,a055,2,hn,60,-0.10473535716847976
a055_2,a055,3,yaw,0.05,0.9386926828033834
a055_2,a055,3,yaw,0.5,0.6243310751855295
a055_2,a055,3,yaw,1,0.4536925724494177
a055_2,a055,3,yaw,5,0.23857176177438366
a055_2,a055,3,yaw,10,0.11915903824200508
a055_2,a055,3,yaw,30,-0.061253485035853185
a055_2,a055,3,yaw,60,-0.10616235140154041
a055_2,a055,3,hn,0.05,0.9016688144421752
a055_2,a055,3,hn,0.5,0.5561146424311274
a055_2,a055,3,hn,1,0.39911909821469693
a055_2,a055,3,hn,5,0.2251422985258501
a055_2,a055,3,hn,10,0.13953898880381313
a055_2,a055,3,hn,30,-0.05595170903051953
a055_2,a055,3,hn,60,-0.13794735757779275
a055_3,a055,0,yaw,0.05,0.9399297615211347
a055_3,a055,0,yaw,0.5,0.6634710155080581
a055_3,a055,0,yaw,1,0.5105373208483504
a055_3,a055,0,yaw,5,0.3154974592682611
a055_3,a055,0,yaw,10,0.21038181688310076
a055_3,a055,0,yaw,30,-0.14302019123560006
a055_3,a055,0,yaw,60,-0.07840742486337932
a055_3,a055,0,hn,0.05,0.8911164602898822
a055_3,a055,0,hn,0.5,0.5655864813795343
a055_3,a055,0,hn,1,0.4294822874905886
a055_3,a055,0,hn,5,0.2608400084498685
a055_3,a055,0,hn,10,0.16419532372277504
a055_3,a055,0,hn,30,-0.1013938262866982
a055_3,a055,0,hn,60,-0.03511503294663239
a055_3,a055,1,yaw,0.05,0.9323359295480611
a055_3,a055,1,yaw,0.5,0.6678858081965764
a055_3,a055,1,yaw,1,0.5215804431890448
a055_3,a055,1,yaw,5,0.33478595771004666
a055_3,a055,1,yaw,10,0.2126220852392174
a055_3,a055,1,yaw,30,-0.1499839524675104
a055_3,a055,1,yaw,60,-0.04937515934366499
a055_3,a055,1,hn,0.05,0.891699809063769
a055_3,a055,1,hn,0.5,0.5535945108577829
a055_3,a055,1,hn,1,0.42101469827047927
a055_3,a055,1,hn,5,0.2603164702928833
a055_3,a055,1,hn,10,0.16087337432194249
a055_3,a055,1,hn,30,-0.1294111424291204
a055_3,a055,1,hn,60,-0.005697692237505999
a055_3,a055,2,yaw,0.05,0.9362570048747473
a055_3,a055,2,yaw,0.5,0.6544607715310097
a055_3,a055,2,yaw,1,0.5155936363659913
a055_3,a055,2,yaw,5,0.3076725532753828
a055_3,a055,2,yaw,10,0.20806474866984728
a055_3,a055,2,yaw,30,-0.12887638783121452
a055_3,a055,2,yaw,60,-0.07547134164777373
a055_3,a055,2,hn,0.05,0.9037185608841648
a055_3,a055,2,hn,0.5,0.5828332279324038
a055_3,a055,2,hn,1,0.4409939679480825
a055_3,a055,2,hn,5,0.2665896985731662
a055_3,a055,2,hn,10,0.173135293837788
a055_3,a055,2,hn,30,-0.10802508925494922
a055_3,a055,2,hn,60,-0.028347264895453844
a055_3,a055,3,yaw,0.05,0.9356718353803738
a055_3,a055,3,yaw,0.5,0.6277052988376124
a055_3,a055,3,yaw,1,0.507118104767907
a055_3,a055,3,yaw,5,0.32320458210747927
a055_3,a055,3,yaw,10,0.20621030519883218
a055_3,a055,3,yaw,30,-0.1506998493244895
a055_3,a055,3,yaw,60,-0.053729679689601434
a055_3,a055,3,hn,0.05,0.8954504688062109
a055_3,a055,3,hn,0.5,0.5915716543902768
a055_3,a055,3,hn,1,0.452145647347636
a055_3,a055,3,hn,5,0.2829607963717938
a055_3,a055,3,hn,10,0.18493613808585255
a055_3,a055,3,hn,30,-0.1355382967356619
a055_3,a055,3,hn,60,-0.053933744446865335
a057_1,a057,0,yaw,0.05,0.9366180095776956
a057_1,a057,0,yaw,0.5,0.7883695921118937
a057_1,a057,0,yaw,1,0.6917519873162323
a057_1,a057,0,yaw,5,0.4819711547974151
a057_1,a057,0,yaw,10,0.38204142325111695
a057_1,a057,0,yaw,30,-0.08894493130854113
a057_1,a057,0,yaw,60,-0.1674163621956878
a057_1,a057,0,hn,0.05,0.9157258387395643
a057_1,a057,0,hn,0.5,0.7596359877032919
a057_1,a057,0,hn,1,0.6709051670286118
a057_1,a057,0,hn,5,0.4575502046908576
a057_1,a057,0,hn,10,0.3267792752641028
a057_1,a057,0,hn,30,-0.09904854386587246
a057_1,a057,0,hn,60,-0.14070692617238434
a057_1,a057,1,yaw,0.05,0.9348938139299393
a057_1,a057,1,yaw,0.5,0.7819573695577766
a057_1,a057,1,yaw,1,0.6763329996520833
a057_1,a057,1,yaw,5,0.4751329086351964
a057_1,a057,1,yaw,10,0.3621883982322153
a057_1,a057,1,yaw,30,-0.10254321423822868
a057_1,a057,1,yaw,60,-0.16130837395044126
a057_1,a057,1,hn,0.05,0.9175761919665497
a057_1,a057,1,hn,0.5,0.745242475267469
a057_1,a057,1,hn,1,0.6445442039761782
a057_1,a057,1,hn,5,0.4346391773596237
a057_1,a057,1,hn,10,0.32207047995180504
a057_1,a057,1,hn,30,-0.0719881635541237
a057_1,a057,1,hn,60,-0.15195111520048027
a057_1,a057,2,yaw,0.05,0.9381229999779213
a057_1,a057,2,yaw,0.5,0.785564031829127
a057_1,a057,2,yaw,1,0.6767626670441885
a057_1,a057,2,yaw,5,0.4826761473310914
a057_1,a057,2,yaw,10,0.35430831494311305
a057_1,a057,2,yaw,30,-0.11572154264493897
a057_1,a057,2,yaw,60,-0.13970152613013628
a057_1,a057,2,hn,0.05,0.9287859289791344
a057_1,a057,2,hn,0.5,0.7418627976724829
a057_1,a057,2,hn,1,0.6631319235976301
a057_1,a057,2,hn,5,0.43824085791149914
a057_1,a057,2,hn,10,0.3475424188625423
a057_1,a057,2,hn,30,-0.07784636488869272
a057_1,a057,2,hn,60,-0.16683143597460287
a057_1,a057,3,yaw,0.05,0.9399455655110199
a057_1,a057,3,yaw,0.5,0.7914070209440581
a057_1,a057,3,yaw,1,0.6886263650421497
a057_1,a057,3,yaw,5,0.4673314631183144
a057_1,a057,3,yaw,10,0.3542760084816921
a057_1,a057,3,yaw,30,-0.10189760156191005
a057_1,a057,3,yaw,60,-0.15506945702109345
a057_1,a057,3,hn,0.05,0.9346006168105192
a057_1,a057,3,hn,0.5,0.7368192951064545
a057_1,a057,3,hn,1,0.6687858623866884
a057_1,a057,3,hn,5,0.43719147709304573
a057_1,a057,3,hn,10,0.333565666403475
a057_1,a057,3,hn,30,-0.08152767340915694
a057_1,a057,3,hn,60,-0.1783043701390554
a057_2,a057,0,yaw,0.05,0.9215125195758512
a057_2,a057,0,yaw,0.5,0.6490533840553226
a057_2,a057,0,yaw,1,0.46241640632040387
a057_2,a057,0,yaw,5,0.20242279021795395
a057_2,a057,0,yaw,10,0.10015723452177244
a057_2,a057,0,yaw,30,-0.025271140869326008
a057_2,a057,0,yaw,60,-0.0028577185699698395
a057_2,a057,0,hn,0.05,0.908029317706139
a057_2,a057,0,hn,0.5,0.5879218963850354
a057_2,a057,0,hn,1,0.45265600061821126
a057_2,a057,0,hn,5,0.253123748518838
a057_2,a057,0,hn,10,0.06409529213978316
a057_2,a057,0,hn,30,-0.04650291404305585
a057_2,a057,0,hn,60,0.01414329676694526
a057_2,a057,1,yaw,0.05,0.9314360775930788
a057_2,a057,1,yaw,0.5,0.6409834299123065
a057_2,a057,1,yaw,1,0.4749999142599025
a057_2,a057,1,yaw,5,0.26953361494635286
a057_2,a057,1,yaw,10,0.1217566504429354
a057_2,a057,1,yaw,30,-0.05484327191876596
a057_2,a057,1,yaw,60,0.0002844441444915504
a057_2,a057,1,hn,0.05,0.8934213166451693
a057_2,a057,1,hn,0.5,0.5316985392027109
a057_2,a057,1,hn,1,0.3947662070415489
a057_2,a057,1,hn,5,0.20619824667071027
a057_2,a057,1,hn,10,0.05194986467327576
a057_2,a057,1,hn,30,-0.04981742597242739
a057_2,a057,1,hn,60,0.034304168485664886
a057_2,a057,2,yaw,0.05,0.9286805222215556
a057_2,a057,2,yaw,0.5,0.6146460559479696
a057_2,a057,2,yaw,1,0.42461990539985894
a057_2,a057,2,yaw,5,0.2107106246427256
a057_2,a057,2,yaw,10,0.06270227579088666
a057_2,a057,2,yaw,30,-0.04325638329917757
a057_2,a057,2,yaw,60,-0.010977670825635997
a057_2,a057,2,hn,0.05,0.8928389744812275
a057_2,a057,2,hn,0.5,0.548431026980304
a057_2,a057,2,hn,1,0.41615362198661177
a057_2,a057,2,hn,5,0.19195641269943362
a057_2,a057,2,hn,10,0.09373430386426743
a057_2,a057,2,hn,30,-0.05584718558266697
a057_2,a057,2,hn,60,0.011201476291698488
a057_2,a057,3,yaw,0.05,0.9265757384676797
a057_2,a057,3,yaw,0.5,0.6333634758363131
a057_2,a057,3,yaw,1,0.4592913571653738
a057_2,a057,3,yaw,5,0.22996617094134095
a057_2,a057,3,yaw,10,0.07895194665237107
a057_2,a057,3,yaw,30,-0.046748810029971444
a057_2,a057,3,yaw,60,0.006928365610061591
a057_2,a057,3,hn,0.05,0.9110263042507587
a057_2,a057,3,hn,0.5,0.5863267580790902
a057_2,a057,3,hn,1,0.45382380488235774
a057_2,a057,3,hn,5,0.23832587287770635
a057_2,a057,3,hn,10,0.06842592683480189
a057_2,a057,3,hn,30,-0.039548051849599884
a057_2,a057,3,hn,60,0.04364949724672278
a057_3,a057,0,yaw,0.05,0.9306119853468319
a057_3,a057,0,yaw,0.5,0.6417972806760449
a057_3,a057,0,yaw,1,0.4787084468882749
a057_3,a057,0,yaw,5,0.23511046407278527
a057_3,a057,0,yaw,10,0.1211118401340264
a057_3,a057,0,yaw,30,-0.005212584277611658
a057_3,a057,0,yaw,60,-0.04704676046323046
a057_3,a057,0,hn,0.05,0.8828630892050906
a057_3,a057,0,hn,0.5,0.5618988944166217
a057_3,a057,0,hn,1,0.4162677901374348
a057_3,a057,0,hn,5,0.20287168219030882
a057_3,a057,0,hn,10,0.11052971523859817
a057_3,a057,0,hn,30,0.010460980661173737
a057_3,a057,0,hn,60,-0.04681253702085228
a057_3,a057,1,yaw,0.05,0.9292271664679965
a057_3,a057,1,yaw,0.5,0.6253005982225904
a057_3,a057,1,yaw,1,0.45766686249134464
a057_3,a057,1,yaw,5,0.2371899002844071
a057_3,a057,1,yaw,10,0.12986501649666157
a057_3,a057,1,yaw,30,0.003575689733985655
a057_3,a057,1,yaw,60,-0.03214992970202822
a057_3,a057,1,hn,0.05,0.8915311602749496
a057_3,a057,1,hn,0.5,0.5392087182344352
a057_3,a057,1,hn,1,0.3932862979291242
a057_3,a057,1,hn,5,0.1627531533627716
a057_3,a057,1,hn,10,0.09190513662902464
a057_3,a057,1,hn,30,0.011731679251727481
a057_3,a057,1,hn,60,-0.04168072749165421
a057_3,a057,2,yaw,0.05,0.9234014213652665
a057_3,a057,2,yaw,0.5,0.6229983086337864
a057_3,a057,2,yaw,1,0.4438376664114112
a057_3,a057,2,yaw,5,0.23524901151670807
a057_3,a057,2,yaw,10,0.1171740514982931
a057_3,a057,2,yaw,30,0.017351647319713445
a057_3,a057,2,yaw,60,-0.044658412863390576
a057_3,a057,2,hn,0.05,0.8981564248475779
a057_3,a057,2,hn,0.5,0.563189384621694
a057_3,a057,2,hn,1,0.4527283765468016
a057_3,a057,2,hn,5,0.19880971641160863
a057_3,a057,2,hn,10,0.1126613551808826
a057_3,a057,2,hn,30,0.02016367767112923
a057_3,a057,2,hn,60,-0.04511106819180685
a057_3,a057,3,yaw,0.05,0.9256237624275523
a057_3,a057,3,yaw,0.5,0.6137512703639648
a057_3,a057,3,yaw,1,0.4699265256379675
a057_3,a057,3,yaw,5,0.23428083326735283
a057_3,a057,3,yaw,10,0.13233032886332907
a057_3,a057,3,yaw,30,0.01174221728478563
a057_3,a057,3,yaw,60,-0.04274531728775912
a057_3,a057,3,hn,0.05,0.8951027523387463
a057_3,a057,3,hn,0.5,0.5702396478448359
a057_3,a057,3,hn,1,0.456426315049423
a057_3,a057,3,hn,5,0.23527185446615215
a057_3,a057,3,hn,10,0.1157577046205668
a057_3,a057,3,hn,30,0.0077274314551183726
a057_3,a057,3,hn,60,-0.05123147392898214
a058_1,a058,0,yaw,0.05,0.9696331032772969
a058_1,a058,0,yaw,0.5,0.8619042783165081
a058_1,a058,0,yaw,1,0.809509591213568
a058_1,a058,0,yaw,5,0.6004905163811778
a058_1,a058,0,yaw,10,0.4945228008303617
a058_1,a058,0,yaw,30,-0.04837774641374152
a058_1,a058,0,yaw,60,-0.4636649546160124
a058_1,a058,0,hn,0.05,0.9692232065197414
a058_1,a058,0,hn,0.5,0.8527931579061347
a058_1,a058,0,hn,1,0.7952765404339035
a058_1,a058,0,hn,5,0.5660046792618177
a058_1,a058,0,hn,10,0.46413093080992357
a058_1,a058,0,hn,30,-0.03648187548607921
a058_1,a058,0,hn,60,-0.4540987594109063
a058_1,a058,1,yaw,0.05,0.971084709842295
a058_1,a058,1,yaw,0.5,0.8631396961772687
a058_1,a058,1,yaw,1,0.7916370462313488
a058_1,a058,1,yaw,5,0.5580205424706606
a058_1,a058,1,yaw,10,0.4585206975646191
a058_1,a058,1,yaw,30,-0.0446186342138575
a058_1,a058,1,yaw,60,-0.43947666597084956
a058_1,a058,1,hn,0.05,0.9599837589421479
a058_1,a058,1,hn,0.5,0.8449997582780705
a058_1,a058,1,hn,1,0.7838391681021416
a058_1,a058,1,hn,5,0.5315932631205318
a058_1,a058,1,hn,10,0.41341428309463485
a058_1,a058,1,hn,30,-0.012266426438273453
a058_1,a058,1,hn,60,-0.4256359008490214
a058_1,a058,2,yaw,0.05,0.97105726621445
a058_1,a058,2,yaw,0.5,0.8694059653879332
a058_1,a058,2,yaw,1,0.8215509566713051
a058_1,a058,2,yaw,5,0.60255581783017
a058_1,a058,2,yaw,10,0.5044155559943275
a058_1,a058,2,yaw,30,-0.06334213826590207
a058_1,a058,2,yaw,60,-0.46578016876515305
a058_1,a058,2,hn,0.05,0.9573113213336413
a058_1,a058,2,hn,0.5,0.830727966951462
a058_1,a058,2,hn,1,0.7760825210463904
a058_1,a058,2,hn,5,0.555160303656467
a058_1,a058,2,hn,10,0.4182007340335464
a058_1,a058,2,hn,30,-0.03841197384794848
a058_1,a058,2,hn,60,-0.4226031427484777
a058_1,a058,3,yaw,0.05,0.9764725312131292
a058_1,a058,3,yaw,0.5,0.8864989249563291
a058_1,a058,3,yaw,1,0.8388860046897655
a058_1,a058,3,yaw,5,0.6067482688774886
a058_1,a058,3,yaw,10,0.5115205067491273
a058_1,a058,3,yaw,30,-0.03430894672967058
a058_1,a058,3,yaw,60,-0.48630775822150074
a058_1,a058,3,hn,0.05,0.9730121032282979
a058_1,a058,3,hn,0.5,0.881598758232224
a058_1,a058,3,hn,1,0.8348174720839822
a058_1,a058,3,hn,5,0.6086717630993185
a058_1,a058,3,hn,10,0.48254143202171207
a058_1,a058,3,hn,30,-0.01936577980652166
a058_1,a058,3,hn,60,-0.49030364985368
a058_2,a058,0,yaw,0.05,0.9586084469218349
a058_2,a058,0,yaw,0.5,0.8411818446726814
a058_2,a058,0,yaw,1,0.781755459354107
a058_2,a058,0,yaw,5,0.5666068093173365
a058_2,a058,0,yaw,10,0.39059020000387196
a058_2,a058,0,yaw,30,0.05107382348191622
a058_2,a058,0,yaw,60,-0.16582857237618445
a058_2,a058,0,hn,0.05,0.9331041176532047
a058_2,a058,0,hn,0.5,0.7950919115919898
a058_2,a058,0,hn,1,0.7023710266329665
a058_2,a058,0,hn,5,0.49580917140916386
a058_2,a058,0,hn,10,0.3467943042907817
a058_2,a058,0,hn,30,0.03759673999816173
a058_2,a058,0,hn,60,-0.16037502480617544
a058_2,a058,1,yaw,0.05,0.9497163662576096
a058_2,a058,1,yaw,0.5,0.840982335986452
a058_2,a058,1,yaw,1,0.7638370294632743
a058_2,a058,1,yaw,5,0.5458823597053252
a058_2,a058,1,yaw,10,0.3764954039346637
a058_2,a058,1,yaw,30,0.008616910560683535
a058_2,a058,1,yaw,60,-0.14458520866074304
a058_2,a058,1,hn,0.05,0.9466975871955086
a058_2,a058,1,hn,0.5,0.8068195125678078
a058_2,a058,1,hn,1,0.7389621294718876
a058_2,a058,1,hn,5,0.5096535035733326
a058_2,a058,1,hn,10,0.3591672703111099
a058_2,a058,1,hn,30,0.026916080170177777
a058_2,a058,1,hn,60,-0.1599104060600408
a058_2,a058,2,yaw,0.05,0.9389274379914988
a058_2,a058,2,yaw,0.5,0.8082721877927302
a058_2,a058,2,yaw,1,0.7097728071312107
a058_2,a058,2,yaw,5,0.5024866052781544
a058_2,a058,2,yaw,10,0.3423651861139022
a058_2,a058,2,yaw,30,0.034127067478451324
a058_2,a058,2,yaw,60,-0.1505378434122198
a058_2,a058,2,hn,0.05,0.9376642055049964
a058_2,a058,2,hn,0.5,0.8046069730326643
a058_2,a058,2,hn,1,0.7517091930102664
a058_2,a058,2,hn,5,0.5186723702857693
a058_2,a058,2,hn,10,0.35673496725429915
a058_2,a058,2,hn,30,0.026191074768173596
a058_2,a058,2,hn,60,-0.16141095211247497
a058_2,a058,3,yaw,0.05,0.955774157817991
a058_2,a058,3,yaw,0.5,0.8404815084487075
a058_2,a058,3,yaw,1,0.773208748906972
a058_2,a058,3,yaw,5,0.5501153088793207
a058_2,a058,3,yaw,10,0.36396266293280993
a058_2,a058,3,yaw,30,0.023366999375955842
a058_2,a058,3,yaw,60,-0.15020148391882696
a058_2,a058,3,hn,0.05,0.9246098938324114
a058_2,a058,3,hn,0.5,0.7831035631572193
a058_2,a058,3,hn,1,0.7030835209929643
a058_2,a058,3,hn,5,0.4763567112917419
a058_2,a058,3,hn,10,0.3260783177494369
a058_2,a058,3,hn,30,0.025351813560273315
a058_2,a058,3,hn,60,-0.13591737965644712
a058_3,a058,0,yaw,0.05,0.953147470592128
a058_3,a058,0,yaw,0.5,0.7626837479675111
a058_3,a058,0,yaw,1,0.6689500336140144
a058_3,a058,0,yaw,5,0.4606829001228729
a058_3,a058,0,yaw,10,0.28424708620971456
a058_3,a058,0,yaw,30,-0.04442960255438848
a058_3,a058,0,yaw,60,-0.23981513638583787
a058_3,a058,0,hn,0.05,0.9252376272722865
a058_3,a058,0,hn,0.5,0.6796091041558306
a058_3,a058,0,hn,1,0.584221090230215
a058_3,a058,0,hn,5,0.35930909816807227
a058_3,a058,0,hn,10,0.20182180194781194
a058_3,a058,0,hn,30,-0.05253351876947357
a058_3,a058,0,hn,60,-0.17500413348975805
a058_3,a058,1,yaw,0.05,0.9486378528940876
a058_3,a058,1,yaw,0.5,0.7513865574708921
a058_3,a058,1,yaw,1,0.6452754848716572
a058_3,a058,1,yaw,5,0.4282136969004366
a058_3,a058,1,yaw,10,0.24692937940035495
a058_3,a058,1,yaw,30,-0.07436241587530175
a058_3,a058,1,yaw,60,-0.1989716059502796
a058_3,a058,1,hn,0.05,0.9254572272868837
a058_3,a058,1,hn,0.5,0.649808436056363
a058_3,a058,1,hn,1,0.5373679697235652
a058_3,a058,1,hn,5,0.34927101121242793
a058_3,a058,1,hn,10,0.22340659039457608
a058_3,a058,1,hn,30,-0.031066522934401646
a058_3,a058,1,hn,60,-0.16754898592337605
a058_3,a058,2,yaw,0.05,0.9462627861255963
a058_3,a058,2,yaw,0.5,0.7319022153366815
a058_3,a058,2,yaw,1,0.6039092155397535
a058_3,a058,2,yaw,5,0.405052757824504
a058_3,a058,2,yaw,10,0.23635237090058805
a058_3,a058,2,yaw,30,-0.06886614626804963
a058_3,a058,2,yaw,60,-0.1894418577530881
a058_3,a058,2,hn,0.05,0.9287913843261502
a058_3,a058,2,hn,0.5,0.6656705020319222
a058_3,a058,2,hn,1,0.5833278244703134
a058_3,a058,2,hn,5,0.3825585307676182
a058_3,a058,2,hn,10,0.23213001370231534
a058_3,a058,2,hn,30,-0.04621326246458972
a058_3,a058,2,hn,60,-0.17572930628840372
a058_3,a058,3,yaw,0.05,0.9503890385504606
a058_3,a058,3,yaw,0.5,0.7560116953204571
a058_3,a058,3,yaw,1,0.64807715308217
a058_3,a058,3,yaw,5,0.4176865366676959
a058_3,a058,3,yaw,10,0.26569305340021443
a058_3,a058,3,yaw,30,-0.06079946407402678
a058_3,a058,3,yaw,60,-0.19611750599412073
a058_3,a058,3,hn,0.05,0.917589447473809
a058_3,a058,3,hn,0.5,0.6197124635381411
a058_3,a058,3,hn,1,0.5285005987801918
a058_3,a058,3,hn,5,0.3480779759541221
a058_3,a058,3,hn,10,0.20859902091753915
a058_3,a058,3,hn,30,-0.023529306212320186
a058_3,a058,3,hn,60,-0.19703058278173097
