sequence,subject,windows,transitions,jumps,near_windows,low_kappa_windows,low_gap_windows,low_endpoint_transitions,jumps_with_low_endpoint,raw_axis_branch_crossings,raw_branch_without_frame_jump,jumps60,jumps120
a006_2,a006,16737,16736,1528,13668,1254,195,2071,803,370,308,1556,1505
a019_3,a019,8831,8830,462,4489,412,83,670,249,230,205,482,453
a024_1,a024,9146,9145,699,6523,558,220,936,381,267,207,725,677
a024_3,a024,10363,10362,698,6220,538,248,876,350,289,240,729,666
a029_1,a029,8397,8396,689,6659,594,71,997,399,158,130,695,680
a029_2,a029,10434,10433,885,8209,689,135,1153,439,350,289,914,863
a032_1,a032,8540,8539,849,6286,858,227,1401,524,247,200,865,838
a032_3,a032,13833,13832,677,6995,335,392,551,219,365,309,760,627
a042_2,a042,14313,14312,866,7342,572,186,933,382,309,270,895,840
a049_1,a049,6917,6916,846,6280,631,431,1047,435,290,229,865,818
a049_2,a049,13218,13217,1399,11059,1205,316,2010,814,626,522,1420,1371
a049_3,a049,12916,12915,1235,9172,1140,251,1832,741,490,425,1256,1219
a050_1,a050,7117,7116,881,6187,764,443,1293,520,308,249,903,864
a050_3,a050,13266,13265,1318,10830,1059,460,1793,763,368,284,1354,1285
a051_1,a051,18068,18067,1443,13022,1106,682,1797,699,680,542,1519,1384
a051_2,a051,14416,14415,1345,11534,999,525,1667,654,590,477,1404,1278
a051_3,a051,7521,7520,728,6043,479,315,811,324,274,218,763,688
a052_2,a052,7260,7259,393,3636,394,183,615,230,208,179,406,384
a053_1,a053,9149,9148,723,5979,453,736,774,344,660,556,777,670
a053_2,a053,12750,12749,794,7502,509,1625,857,333,438,326,911,695
a053_3,a053,11772,11771,744,6629,432,1382,746,272,488,414,841,637
a054_1,a054,6821,6820,647,5329,415,120,712,297,80,62,661,636
a054_2,a054,12133,12132,1272,10583,915,291,1532,615,241,193,1307,1249
a054_3,a054,13374,13373,1328,10511,890,395,1497,635,279,208,1351,1300
a055_2,a055,13414,13413,1213,9806,985,300,1613,616,477,393,1251,1174
a055_3,a055,13735,13734,1323,10561,1062,336,1733,721,392,313,1362,1279
a057_1,a057,10610,10609,734,6858,358,173,590,266,208,162,750,714
a057_2,a057,13524,13523,1206,10604,1014,303,1640,608,320,256,1238,1162
a057_3,a057,12000,11999,1080,9081,893,344,1426,544,252,178,1114,1037
a058_1,a058,7895,7894,803,7138,363,40,593,228,468,364,811,795
a058_2,a058,13234,13233,1391,11556,655,157,1117,462,225,176,1420,1372
a058_3,a058,13020,13019,1053,9350,672,180,1130,470,202,167,1073,1031
