group,sequence,participant_prefix,current_training_participant,current_validation_participant
seen,a000_11,a000,True,False
seen,a000_7,a000,True,False
seen,a001_2,a001,True,False
seen,a003_3,a003,False,True
seen,a004_3,a004,False,True
seen,a005_3,a005,True,False
seen,a009_1,a009,False,True
seen,a010_2,a010,True,False
seen,a011_2,a011,False,True
seen,a012_2,a012,True,False
seen,a013_2,a013,False,True
seen,a014_2,a014,True,False
seen,a016_1,a016,False,True
seen,a017_2,a017,True,False
seen,a020_2,a020,True,False
seen,a021_2,a021,True,False
seen,a022_2,a022,True,False
seen,a023_1,a023,True,False
seen,a025_2,a025,True,False
seen,a026_2,a026,True,False
seen,a027_2,a027,True,False
seen,a030_3,a030,True,False
seen,a031_2,a031,True,False
seen,a033_2,a033,True,False
seen,a035_3,a035,True,False
seen,a036_2,a036,True,False
seen,a037_1,a037,True,False
seen,a038_2,a038,True,False
seen,a044_2,a044,True,False
seen,a046_2,a046,True,False
seen,a047_2,a047,True,False
seen,a059_2,a059,True,False
unseen,a006_2,a006,False,False
unseen,a019_3,a019,False,False
unseen,a024_1,a024,False,False
unseen,a024_3,a024,False,False
unseen,a029_1,a029,False,False
unseen,a029_2,a029,False,False
unseen,a032_1,a032,False,False
unseen,a032_3,a032,False,False
unseen,a042_2,a042,False,False
unseen,a049_1,a049,False,False
unseen,a049_2,a049,False,False
unseen,a049_3,a049,False,False
unseen,a050_1,a050,False,False
unseen,a050_3,a050,False,False
unseen,a051_1,a051,False,False
unseen,a051_2,a051,False,False
unseen,a051_3,a051,False,False
unseen,a052_2,a052,False,False
unseen,a053_1,a053,False,False
unseen,a053_2,a053,False,False
unseen,a053_3,a053,False,False
unseen,a054_1,a054,False,False
unseen,a054_2,a054,False,False
unseen,a054_3,a054,False,False
unseen,a055_2,a055,False,False
unseen,a055_3,a055,False,False
unseen,a057_1,a057,False,False
unseen,a057_2,a057,False,False
unseen,a057_3,a057,False,False
unseen,a058_1,a058,False,False
unseen,a058_2,a058,False,False
unseen,a058_3,a058,False,False
ridi,dan_bag1,dan,False,False
ridi,dan_bag2,dan,False,False
ridi,dan_body1,dan,False,False
ridi,dan_body2,dan,False,False
ridi,dan_body3,dan,False,False
ridi,dan_handheld1,dan,False,False
ridi,dan_handheld2,dan,False,False
ridi,dan_leg1,dan,False,False
ridi,dan_leg2,dan,False,False
ridi,hang_bag_normal1,hang,False,False
ridi,hang_bag_normal2,hang,False,False
ridi,hang_bag_side1,hang,False,False
ridi,hang_bag_speed1,hang,False,False
ridi,hang_bag_speed2,hang,False,False
ridi,hang_bag_stop1,hang,False,False
ridi,hang_body_backward1,hang,False,False
ridi,hang_body_backward2,hang,False,False
ridi,hang_body_backward3,hang,False,False
ridi,hang_body_backward4,hang,False,False
ridi,hang_body_fast1,hang,False,False
ridi,hang_body_normal1,hang,False,False
ridi,hang_body_side1,hang,False,False
ridi,hang_body_slow1,hang,False,False
ridi,hang_body_stop1,hang,False,False
ridi,hang_body_test1,hang,False,False
ridi,hang_handheld_normal1,hang,False,False
ridi,hang_handheld_side3,hang,False,False
ridi,hang_handheld_side4,hang,False,False
ridi,hang_handheld_side_test2,hang,False,False
ridi,hang_handheld_speed1,hang,False,False
ridi,hang_handheld_speed2,hang,False,False
ridi,hang_handheld_test1,hang,False,False
ridi,hang_leg_new1,hang,False,False
ridi,hang_leg_new2,hang,False,False
ridi,hao_bag1,hao,False,False
ridi,hao_bag2,hao,False,False
ridi,hao_body1,hao,False,False
ridi,hao_body2,hao,False,False
ridi,hao_handheld1,hao,False,False
ridi,hao_handheld2,hao,False,False
ridi,hao_leg1,hao,False,False
ridi,hao_leg2,hao,False,False
ridi,huayi_bag1,huayi,False,False
ridi,huayi_bag2,huayi,False,False
ridi,huayi_bag_test1,huayi,False,False
ridi,huayi_body_test1,huayi,False,False
ridi,huayi_handheld1,huayi,False,False
ridi,huayi_handheld2,huayi,False,False
ridi,huayi_leg_front1,huayi,False,False
ridi,huayi_leg_front2,huayi,False,False
ridi,huayi_leg_front3,huayi,False,False
ridi,huayi_lopata1,huayi,False,False
ridi,ma_bag_low2,ma,False,False
ridi,ma_bag_low3,ma,False,False
ridi,ma_body1,ma,False,False
ridi,ma_body2,ma,False,False
ridi,ma_handheld1,ma,False,False
ridi,ma_handheld2,ma,False,False
ridi,ma_handheld3,ma,False,False
ridi,ruixuan_bag1,ruixuan,False,False
ridi,ruixuan_bag2,ruixuan,False,False
ridi,ruixuan_body1,ruixuan,False,False
ridi,ruixuan_body2,ruixuan,False,False
ridi,ruixuan_handheld1,ruixuan,False,False
ridi,ruixuan_handheld2,ruixuan,False,False
ridi,ruixuan_leg1,ruixuan,False,False
ridi,ruixuan_leg2,ruixuan,False,False
ridi,shali_bag1,shali,False,False
ridi,shali_handheld1,shali,False,False
ridi,shali_leg1,shali,False,False
ridi,tang_bag1,tang,False,False
ridi,tang_bag2,tang,False,False
ridi,tang_body1,tang,False,False
ridi,tang_body2,tang,False,False
ridi,tang_handheld1,tang,False,False
ridi,tang_handheld2,tang,False,False
ridi,xiaojing_body1,xiaojing,False,False
ridi,xiaojing_body2,xiaojing,False,False
ridi,xiaojing_handheld1,xiaojing,False,False
ridi,xiaojing_handheld2,xiaojing,False,False
ridi,xiaojing_leg1,xiaojing,False,False
ridi,yajie_bag1,yajie,False,False
ridi,yajie_body1,yajie,False,False
ridi,yajie_body2,yajie,False,False
ridi,yajie_handheld1,yajie,False,False
ridi,yajie_handheld2,yajie,False,False
ridi,zhicheng_bag1,zhicheng,False,False
ridi,zhicheng_bag2,zhicheng,False,False
ridi,zhicheng_body1,zhicheng,False,False
ridi,zhicheng_body2,zhicheng,False,False
ridi,zhicheng_handheld1,zhicheng,False,False
ridi,zhicheng_handheld2,zhicheng,False,False
ridi,zhicheng_leg1,zhicheng,False,False
ridi,zhicheng_leg2,zhicheng,False,False
