arm,backbone,frontend,group,metric,mean,seed_sd,sequence_macro,sequence_macro_seed_sd
gn,ResNet18,GN only,U,ate,8.054516716172587,0.3467242195381936,7.952631163659951,0.24810080730798892
gn,ResNet18,GN only,U,rte,5.434052424050471,0.0991812024112915,5.212056263021751,0.08033697089573923
gn,ResNet18,GN only,R,ate,4.28243017358301,0.17711847323542135,4.230090610725153,0.19436401132573053
gn,ResNet18,GN only,R,rte,4.9710822463578275,0.2472653721787272,5.019165421077298,0.2035480257742569
gn,ResNet18,GN only,S,ate,5.640221234577686,0.14985921441672057,5.583515058067805,0.14190369959861948
gn,ResNet18,GN only,S,rte,3.5008971036376146,0.04090677169990842,3.4964986424774844,0.04268696853357353
yaw,ResNet18,Yaw augmentation,U,ate,6.19501282790897,0.22026021172710686,6.012488975590145,0.26597416608126834
yaw,ResNet18,Yaw augmentation,U,rte,4.8303491003901815,0.06975824443001123,4.656573362292925,0.06330287067890938
yaw,ResNet18,Yaw augmentation,R,ate,3.1223153200696565,0.05779243541194876,3.118683099095697,0.07832970358667905
yaw,ResNet18,Yaw augmentation,R,rte,3.618870508022158,0.017806104182644847,3.7426870172037674,0.06294683541486087
yaw,ResNet18,Yaw augmentation,S,ate,5.008997149676627,0.08003446940901589,4.9752055569156655,0.08149279337150406
yaw,ResNet18,Yaw augmentation,S,rte,3.418766171418724,0.029264431187092883,3.425335295896601,0.030090479364666186
pca,ResNet18,Adapted mixed-sensor PCA,U,ate,7.239333855925036,0.7022936318612942,7.023088472472981,0.7013468893262187
pca,ResNet18,Adapted mixed-sensor PCA,U,rte,5.34383270126693,0.2176772085891226,5.130038533488981,0.2408660880764609
pca,ResNet18,Adapted mixed-sensor PCA,R,ate,3.7431766677404994,0.10854340881488711,3.7255321625632636,0.10392567305002301
pca,ResNet18,Adapted mixed-sensor PCA,R,rte,4.493395047406189,0.3375836727279036,4.562249438029162,0.33129819861427445
pca,ResNet18,Adapted mixed-sensor PCA,S,ate,5.573562991956379,0.3976215608076962,5.50646990938487,0.40268390708723667
pca,ResNet18,Adapted mixed-sensor PCA,S,rte,3.6367301877256093,0.12302247406248655,3.626881770458507,0.125647485445434
ns,ResNet18,HN without sign rule,U,ate,6.898521164878355,0.22859827701208196,6.658944607082008,0.1815318996332573
ns,ResNet18,HN without sign rule,U,rte,5.180688158830028,0.11889369802474274,4.96148045634124,0.08639705552261405
ns,ResNet18,HN without sign rule,R,ate,3.5017912564323064,0.09739041130449112,3.6000473177053576,0.07389418986491297
ns,ResNet18,HN without sign rule,R,rte,4.2190592288529505,0.14383621986090211,4.435633637227201,0.16811762001570796
ns,ResNet18,HN without sign rule,S,ate,5.237651326781507,0.36237547226428946,5.1849980105132865,0.3540455533147948
ns,ResNet18,HN without sign rule,S,rte,3.493273092292892,0.05650305300053959,3.4836613671565404,0.05321749904671679
hn,ResNet18,HN,U,ate,5.825385045645053,0.15319077089910585,5.588630403397264,0.17728484704552347
hn,ResNet18,HN,U,rte,5.087349729755886,0.056339628239058956,4.841999382029044,0.04604090142031538
hn,ResNet18,HN,R,ate,3.0989839014810867,0.09229401448797232,3.1193756651365687,0.09325665153368981
hn,ResNet18,HN,R,rte,3.6210800164534924,0.10566272575877525,3.783857038734269,0.12104809820415095
hn,ResNet18,HN,S,ate,4.936215300889701,0.24333836065989106,4.894809308216381,0.2401666731827447
hn,ResNet18,HN,S,rte,3.3929448867193592,0.08537023131916852,3.3921413353472576,0.0874177434187463
tyaw,Transformer,Yaw augmentation,U,ate,5.662657840228992,0.2620145786390727,5.544458620724699,0.265234390086704
tyaw,Transformer,Yaw augmentation,U,rte,4.619138758574014,0.07783861702136506,4.413834366757662,0.07070089119114258
tyaw,Transformer,Yaw augmentation,R,ate,2.6599428874888034,0.09172701129247243,2.617960782428793,0.06733647371950902
tyaw,Transformer,Yaw augmentation,R,rte,3.1293958104397666,0.042117282037193594,3.134591625896867,0.02644602089264593
tyaw,Transformer,Yaw augmentation,S,ate,4.854912364495828,0.11408567661320773,4.811038125208338,0.11295586353586455
tyaw,Transformer,Yaw augmentation,S,rte,3.2830073973917147,0.03089383857107829,3.2855366487948103,0.037703782212396925
thn,Transformer,HN,U,ate,5.726494097533061,0.2095553788163084,5.502340608643558,0.1973774472667413
thn,Transformer,HN,U,rte,4.954171764486022,0.16697521049360806,4.710031885121113,0.14199557123688653
thn,Transformer,HN,R,ate,2.7969528452805372,0.1658184344024467,2.7920189874924772,0.15981292175003595
thn,Transformer,HN,R,rte,3.2455562819983426,0.16147775369186723,3.308937340814411,0.18009698680607183
thn,Transformer,HN,S,ate,4.96475806000087,0.12548239866754798,4.911953187659162,0.1177078090824212
thn,Transformer,HN,S,rte,3.384758902925926,0.09959780996662303,3.3774960490581933,0.10006612808830843
iyaw,IMUNet,Yaw augmentation,U,ate,6.403522731159699,0.5301195566176303,6.150672536651446,0.4585498163809763
iyaw,IMUNet,Yaw augmentation,U,rte,4.838248278527953,0.1001524713944628,4.624279219557227,0.08494406154823092
iyaw,IMUNet,Yaw augmentation,R,ate,3.0993689247653813,0.041827855082468605,3.0593723725499795,0.06042097243554185
iyaw,IMUNet,Yaw augmentation,R,rte,3.5928116092085265,0.03785452992707006,3.629350270167386,0.08119997960542795
iyaw,IMUNet,Yaw augmentation,S,ate,5.060623687457535,0.06604677387319853,5.013461890734597,0.07640766183064239
iyaw,IMUNet,Yaw augmentation,S,rte,3.413411464039359,0.01750006274286825,3.4062742341429386,0.026028630193522792
ihn,IMUNet,HN,U,ate,5.718390786216888,0.05292328954705589,5.551783674014702,0.06728280226033789
ihn,IMUNet,HN,U,rte,5.1363504656223,0.03463678947276164,4.895008092124211,0.034516659746012354
ihn,IMUNet,HN,R,ate,3.068517333615943,0.08788306277961914,3.053114797023091,0.06685165336553356
ihn,IMUNet,HN,R,rte,3.563840005111016,0.10741012373645621,3.683750390420011,0.08500737338209786
ihn,IMUNet,HN,S,ate,4.840312335018808,0.07146029083388443,4.795405064284147,0.06682098687700413
ihn,IMUNet,HN,S,rte,3.368975672547912,0.018982764336602138,3.3610261205442837,0.019370527473716665
