frontend,angle_degrees,windows,mean_discrepancy_mps,maximum_discrepancy_mps
GN only,30,72,0.14048942923545837,0.7706276178359985
GN only,90,72,0.16986002027988434,1.4920158386230469
GN only,180,72,0.1640375554561615,1.3664408922195435
GN only,300,72,0.18129536509513855,1.3876806497573853
Yaw augmentation,30,72,0.04578288272023201,0.2579796314239502
Yaw augmentation,90,72,0.06464660167694092,0.5275257229804993
Yaw augmentation,180,72,0.056673333048820496,0.38462749123573303
Yaw augmentation,300,72,0.062134988605976105,0.5588326454162598
Adapted mixed-sensor PCA,30,72,0.011780799366533756,0.2218542993068695
Adapted mixed-sensor PCA,90,72,0.0810091570019722,1.5378103256225586
Adapted mixed-sensor PCA,180,72,0.13213326036930084,1.537810206413269
Adapted mixed-sensor PCA,300,72,0.03288137540221214,0.6872392892837524
HN,30,72,1.213654599041547e-07,5.20475168741541e-07
HN,90,72,1.224398289423334e-07,6.14390614828153e-07
HN,180,72,1.1937792976368655e-07,5.960464477539062e-07
HN,300,72,9.780548992921467e-08,5.272569296721485e-07
