arm,backbone,frontend,group,mean_per_seed_median_m,maximum_m,seed0_median_m,seed1_median_m,seed2_median_m,seed3_median_m
gn,ResNet18,GN only,U,5.681443427991283,24.682545964597917,5.550390101310967,5.33157738474239,5.487216893117077,6.356589332794699
gn,ResNet18,GN only,R,2.821954141345521,15.780033322291661,2.5517759160395155,3.0545002616134953,2.6728096781370048,3.008730709592068
yaw,ResNet18,Yaw augmentation,U,2.377401027853961,12.070788552319303,2.4432105448315737,2.428867993312217,1.8964647878279755,2.741060785444077
yaw,ResNet18,Yaw augmentation,R,1.2023265922449617,12.263874190154548,1.0918919260311264,1.1565363611907449,1.1405760064459183,1.4203020753120572
pca,ResNet18,Adapted mixed-sensor PCA,U,2.7861348982963077,20.660008643202037,2.413172958196207,3.001334803948321,2.657680149906164,3.0723516811345384
pca,ResNet18,Adapted mixed-sensor PCA,R,1.3507606426777032,11.524101717265296,1.3073250944335153,1.8575291903732603,1.1358941327347212,1.1022941531693162
ns,ResNet18,HN without sign rule,U,2.8215264326930787,20.729318582996985,3.298624592539489,2.777467289883817,2.582267271957619,2.6277465763913903
ns,ResNet18,HN without sign rule,R,1.2102633652396884,9.273218138392878,1.165875318617699,1.1984397246221072,1.1817783502791823,1.2949600674397648
hn,ResNet18,HN,U,6.857303480045651e-07,3.329693022635638e-06,5.618075533675437e-07,7.81170957475652e-07,7.432121376105272e-07,6.567307435645375e-07
hn,ResNet18,HN,R,4.297775408057536e-07,2.9834775769899124e-06,4.216505076204413e-07,4.695216497818677e-07,3.5546743593073415e-07,4.7247056988997116e-07
