backbone,group,metric,difference,ci_lower,ci_upper
ResNet18,U,ate,-0.3696277822639164,-0.8664879629955604,0.15606132747914975
ResNet18,U,rte,0.25700062936570295,0.04926006133974703,0.504648062858601
ResNet18,R,ate,-0.02333141858857016,-0.1788755993552092,0.18599060685503238
ResNet18,R,rte,0.0022095084313342073,-0.19000955333361422,0.24594793006665702
Transformer,U,ate,0.06383625730406842,-0.44052666840510885,0.5738999113884883
Transformer,U,rte,0.3350330059120075,0.11335865650275814,0.5914141771016846
Transformer,R,ate,0.13700995779173367,0.02123723688547175,0.2503293268949435
Transformer,R,rte,0.11616047155857669,-0.08149257644313661,0.31119897800127594
IMUNet,U,ate,-0.6851319449428108,-1.3831123205295717,-0.1462237702595203
IMUNet,U,rte,0.29810218709434666,0.16223241193130497,0.4466035469754416
IMUNet,R,ate,-0.030851591149438726,-0.20562926859803193,0.16041855719783119
IMUNet,R,rte,-0.02897160409751055,-0.3026576965819376,0.2530240039317162
