variable,arm,lower,upper,windows,share_pct,mean_velocity_error_mps
relative_eigenvalue_gap,yaw,0,0.1,11745,3.220243252431976,0.20102318046243223
relative_eigenvalue_gap,yaw,0.1,0.3,87974,24.120704971430452,0.21438754634952478
relative_eigenvalue_gap,yaw,0.3,0.6,177473,48.659534332810566,0.2208431224607671
relative_eigenvalue_gap,yaw,0.6,,87532,23.999517443327008,0.22416203928788142
relative_eigenvalue_gap,hn,0,0.1,11745,3.220243252431976,0.23473037518396253
relative_eigenvalue_gap,hn,0.1,0.3,87974,24.120704971430452,0.23915337295404493
relative_eigenvalue_gap,hn,0.3,0.6,177473,48.659534332810566,0.23783847415127687
relative_eigenvalue_gap,hn,0.6,,87532,23.999517443327008,0.2417020449744948
absolute_standardized_third_moment,yaw,0,0.05,23203,6.361796865575065,0.215947005744359
absolute_standardized_third_moment,yaw,0.05,0.2,66656,18.27573726982595,0.2128819053871921
absolute_standardized_third_moment,yaw,0.2,1,206674,56.66586240554501,0.21624437916698494
absolute_standardized_third_moment,yaw,1,,68191,18.696603459053968,0.23674714951794842
absolute_standardized_third_moment,hn,0,0.05,23203,6.361796865575065,0.22942158633133242
absolute_standardized_third_moment,hn,0.05,0.2,66656,18.27573726982595,0.22945308147436672
absolute_standardized_third_moment,hn,0.2,1,206674,56.66586240554501,0.2309922293427609
absolute_standardized_third_moment,hn,1,,68191,18.696603459053968,0.2757691827215435
