treatment,control,group,metric,difference,lo,hi,improved_subjects
hn,gn,U,ate,-2.229131670527534,-3.3164384587592535,-1.237657593224852,13
hn,gn,U,rte,-0.34670269429458417,-0.612840315519258,-0.08312825214174988,10
hn,gn,R,ate,-1.1834462721019232,-1.7622228338376835,-0.7733414157686158,11
hn,gn,R,rte,-1.3500022299043342,-2.017511043717203,-0.8072409442738829,11
hn,gn,S,ate,-0.7040059336879847,-1.7220863397993202,0.32292311016978076,20
hn,gn,S,rte,-0.1079522169182553,-0.33635494169461244,0.14853606858488058,21
hn,pca,U,ate,-1.4139488102799829,-2.1788525647258052,-0.7563423698385885,14
hn,pca,U,rte,-0.2564829715110448,-0.43911510917909374,-0.08996505644804581,13
hn,pca,R,ate,-0.6441927662594124,-0.8574166492085239,-0.4442169491081709,11
hn,pca,R,rte,-0.872315030952696,-1.3363863486389864,-0.497898519856058,11
hn,pca,S,ate,-0.6373476910666768,-1.0660480608252139,-0.22610210317316998,23
hn,pca,S,rte,-0.24378530100625043,-0.38236296525126084,-0.11844755574374025,25
hn,ns,U,ate,-1.0731361192333018,-2.078996473935933,-0.17354069689464394,10
hn,ns,U,rte,-0.09333842907414243,-0.24483019450244473,0.06722299607789081,10
hn,ns,R,ate,-0.4028073549512202,-0.5473202129781328,-0.25944655540908645,11
hn,ns,R,rte,-0.5979792123994575,-0.8444055877157631,-0.3814062800568608,11
hn,ns,S,ate,-0.30143602589180474,-0.7045138303871599,0.10640795210623864,20
hn,ns,S,rte,-0.10032820557353228,-0.19837905167724165,0.0028289516788609094,21
hn,yaw,U,ate,-0.3696277822639164,-0.8664879629955604,0.15606132747914975,10
hn,yaw,U,rte,0.25700062936570295,0.04926006133974703,0.504648062858601,5
hn,yaw,R,ate,-0.02333141858857016,-0.1788755993552092,0.18599060685503238,7
hn,yaw,R,rte,0.0022095084313342073,-0.19000955333361422,0.24594793006665702,6
hn,yaw,S,ate,-0.07278184878692427,-0.3098608879311209,0.18503537920883018,18
hn,yaw,S,rte,-0.02582128469936471,-0.11428510248614619,0.06138403008698866,16
thn,tyaw,U,ate,0.06383625730406842,-0.44052666840510885,0.5738999113884883,9
thn,tyaw,U,rte,0.3350330059120075,0.11335865650275814,0.5914141771016846,3
thn,tyaw,R,ate,0.13700995779173367,0.02123723688547175,0.2503293268949435,4
thn,tyaw,R,rte,0.11616047155857669,-0.08149257644313661,0.31119897800127594,5
thn,tyaw,S,ate,0.10984569550504211,-0.159248460046431,0.39956387234693147,14
thn,tyaw,S,rte,0.10175150553421125,-0.008851988624667117,0.22034980558133288,15
ihn,iyaw,U,ate,-0.6851319449428108,-1.3831123205295717,-0.1462237702595203,13
ihn,iyaw,U,rte,0.29810218709434666,0.16223241193130497,0.4466035469754416,2
ihn,iyaw,R,ate,-0.030851591149438726,-0.20562926859803193,0.16041855719783119,7
ihn,iyaw,R,rte,-0.02897160409751055,-0.3026576965819376,0.2530240039317162,7
ihn,iyaw,S,ate,-0.2203113524387266,-0.5341974360591589,0.07486979232835225,19
ihn,iyaw,S,rte,-0.04443579149144713,-0.17320225046063323,0.06527678535709469,14
