subject,sequence,seed,difference
a006,a006_2,0,-0.006881068662361064
a006,a006_2,1,0.003467880285847277
a006,a006_2,2,-0.005447948831677832
a006,a006_2,3,-0.0084417608281299
a019,a019_3,0,0.010971037372540817
a019,a019_3,1,-0.004899004635053871
a019,a019_3,2,-0.00024976546678892055
a019,a019_3,3,0.010403749146252942
a024,a024_1,0,0.0003627034726948195
a024,a024_1,1,-0.009566571888687751
a024,a024_1,2,-0.021296406623806042
a024,a024_1,3,0.0006203794447604612
a024,a024_3,0,0.01028959207143716
a024,a024_3,1,0.01643122064733297
a024,a024_3,2,0.023401804324783806
a024,a024_3,3,0.010648674184017883
a029,a029_1,0,-0.013794487715933576
a029,a029_1,1,0.02231610885297778
a029,a029_1,2,-0.011255817164651719
a029,a029_1,3,-0.008451214472195588
a029,a029_2,0,0.008525395768404087
a029,a029_2,1,0.0073215371123880385
a029,a029_2,2,0.011375896713168547
a029,a029_2,3,0.0023617517342400243
a032,a032_1,0,0.020048723343560018
a032,a032_1,1,0.021070593350646916
a032,a032_1,2,0.017832129525538247
a032,a032_1,3,0.006024535579369318
a032,a032_3,0,0.00132500031476816
a032,a032_3,1,-0.0186803460328024
a032,a032_3,2,-0.02689437201142566
a032,a032_3,3,0.022949648130109305
a042,a042_2,0,-0.004333191041678427
a042,a042_2,1,-0.003806304785497435
a042,a042_2,2,-0.006633897395450698
a042,a042_2,3,-0.005050399972469495
a049,a049_1,0,0.014720319269932265
a049,a049_1,1,0.03970095282555602
a049,a049_1,2,0.030020821870987407
a049,a049_1,3,0.00820921204755962
a049,a049_2,0,0.009031545800875547
a049,a049_2,1,0.009431184283468699
a049,a049_2,2,0.006883967387757798
a049,a049_2,3,0.004184181930890091
a049,a049_3,0,0.011802320289340511
a049,a049_3,1,-0.01926733413553682
a049,a049_3,2,-0.009525505224878212
a049,a049_3,3,0.014072838873026676
a050,a050_1,0,-0.013976295705162367
a050,a050_1,1,0.008984255776739648
a050,a050_1,2,-0.0037969813533448916
a050,a050_1,3,0.00871352998054505
a050,a050_3,0,0.019932750569819992
a050,a050_3,1,0.038904722534481254
a050,a050_3,2,0.01292675859098005
a050,a050_3,3,0.022733577750307703
a051,a051_1,0,0.0045751321636871645
a051,a051_1,1,0.01301136047843333
a051,a051_1,2,0.011002213337517719
a051,a051_1,3,0.012145098449983354
a051,a051_2,0,0.005554757927286329
a051,a051_2,1,0.00239039918858841
a051,a051_2,2,0.0018523196675981025
a051,a051_2,3,0.0001387257064254339
a051,a051_3,0,-0.00738840890475095
a051,a051_3,1,-0.0019224472216900215
a051,a051_3,2,-0.010680592549281599
a051,a051_3,3,0.004623975172225303
a052,a052_2,0,0.03772936062651344
a052,a052_2,1,0.01370085502310585
a052,a052_2,2,0.036189258883744066
a052,a052_2,3,-0.0054085279308060015
a053,a053_1,0,0.02262473025176273
a053,a053_1,1,0.02198186633967518
a053,a053_1,2,0.01158478974375653
a053,a053_1,3,0.023641481107653375
a053,a053_2,0,0.02276690957844795
a053,a053_2,1,0.0029765351674719983
a053,a053_2,2,0.03700543194874817
a053,a053_2,3,0.016224379667991517
a053,a053_3,0,0.03238239111419681
a053,a053_3,1,0.006631883867555271
a053,a053_3,2,0.0204975621723373
a053,a053_3,3,0.013729728413885046
a054,a054_1,0,-0.01622074169850226
a054,a054_1,1,0.0007028161936364918
a054,a054_1,2,-0.006426367507800448
a054,a054_1,3,-0.026650345887478014
a054,a054_2,0,-0.0012724345344962149
a054,a054_2,1,-0.008018455758348163
a054,a054_2,2,-0.013658511106148
a054,a054_2,3,-0.0036903433136373075
a054,a054_3,0,-0.01743182252844451
a054,a054_3,1,-0.0003955836424385441
a054,a054_3,2,-0.01578300908742206
a054,a054_3,3,-0.002934412209172207
a055,a055_2,0,-0.009015970034066201
a055,a055_2,1,-0.06024070649641201
a055,a055_2,2,-0.014691297590422448
a055,a055_2,3,0.0006933300150599767
a055,a055_3,0,0.0712721822557829
a055,a055_3,1,-0.0025128955684136384
a055,a055_3,2,0.007973555700005856
a055,a055_3,3,0.033457309688502815
a057,a057_1,0,0.020410893437178067
a057,a057_1,1,0.013663362270318835
a057,a057_1,2,0.016572631943907627
a057,a057_1,3,0.005235512814542039
a057,a057_2,0,0.014639227506546195
a057,a057_2,1,0.00850814746338159
a057,a057_2,2,-0.007777494748197408
a057,a057_2,3,-0.009589682487605654
a057,a057_3,0,-0.008953457237066451
a057,a057_3,1,-0.013709325421431565
a057,a057_3,2,-0.012185735407609734
a057,a057_3,3,-0.014097623202992196
a058,a058_1,0,-0.018785699462104843
a058,a058_1,1,-0.02603026028784208
a058,a058_1,2,-0.06559199430396805
a058,a058_1,3,-0.02119213947140604
a058,a058_2,0,0.006311698882221742
a058,a058_2,1,0.00277980554784206
a058,a058_2,2,0.004404939485503232
a058,a058_2,3,0.013164574846081809
a058,a058_3,0,0.02085181022408615
a058,a058_3,1,0.008279352922798114
a058,a058_3,2,0.01963480609946359
a058,a058_3,3,-0.01313340202615813
