Backbone / frontend,U sequence ATE,R sequence ATE,Seen subject ATE,Seen subject RTE
ResNet18 / GN only,7.953,4.230,5.640 ± 0.150,3.501 ± 0.041
ResNet18 / Yaw augmentation,6.012,3.119,5.009 ± 0.080,3.419 ± 0.029
ResNet18 / Adapted mixed-sensor PCA,7.023,3.726,5.574 ± 0.398,3.637 ± 0.123
ResNet18 / HN without sign rule,6.659,3.600,5.238 ± 0.362,3.493 ± 0.057
ResNet18 / HN,5.589,3.119,4.936 ± 0.243,3.393 ± 0.085
Transformer / Yaw augmentation,5.544,2.618,4.855 ± 0.114,3.283 ± 0.031
Transformer / HN,5.502,2.792,4.965 ± 0.125,3.385 ± 0.100
IMUNet / Yaw augmentation,6.151,3.059,5.061 ± 0.066,3.413 ± 0.018
IMUNet / HN,5.552,3.053,4.840 ± 0.071,3.369 ± 0.019
