subject,arm,lag_seconds,correlation
a006,hn,0.05,0.8860962632960718
a006,hn,0.5,0.5079813635094694
a006,hn,1.0,0.374766077731467
a006,hn,5.0,0.30793539051185975
a006,hn,10.0,0.20019552934740018
a006,hn,30.0,-0.009280669647810425
a006,hn,60.0,-0.10343468425786663
a006,yaw,0.05,0.9232772238984597
a006,yaw,0.5,0.5854566084419389
a006,yaw,1.0,0.4240991175472796
a006,yaw,5.0,0.35421122761358215
a006,yaw,10.0,0.23726559015044127
a006,yaw,30.0,0.005024278331502001
a006,yaw,60.0,-0.13333617684044105
a019,hn,0.05,0.9208095265790384
a019,hn,0.5,0.5961528251820555
a019,hn,1.0,0.4369560124888129
a019,hn,5.0,0.18110446224226828
a019,hn,10.0,0.14519069423612788
a019,hn,30.0,-0.03842739562101133
a019,hn,60.0,-0.0330359115476173
a019,yaw,0.05,0.9496351871555773
a019,yaw,0.5,0.6581282474762065
a019,yaw,1.0,0.46994783986830563
a019,yaw,5.0,0.1650659126863303
a019,yaw,10.0,0.1893466509906218
a019,yaw,30.0,-0.025783449356832824
a019,yaw,60.0,-0.06904750297153531
a024,hn,0.05,0.902274338019334
a024,hn,0.5,0.5680939867342307
a024,hn,1.0,0.4054748863826884
a024,hn,5.0,0.21702354322039186
a024,hn,10.0,0.060883965286222
a024,hn,30.0,-0.09263470002573716
a024,hn,60.0,-0.03178895434781044
a024,yaw,0.05,0.9216650461854197
a024,yaw,0.5,0.5952468838337736
a024,yaw,1.0,0.4012050067491307
a024,yaw,5.0,0.20073422344559166
a024,yaw,10.0,0.0696752848405867
a024,yaw,30.0,-0.0972617944593458
a024,yaw,60.0,-0.036201700120060874
a029,hn,0.05,0.9308767369496732
a029,hn,0.5,0.6950054066898059
a029,hn,1.0,0.6127999946317406
a029,hn,5.0,0.340660601454783
a029,hn,10.0,0.1353782949014239
a029,hn,30.0,-0.08612957457638871
a029,hn,60.0,-0.10883989813311032
a029,yaw,0.05,0.9589670535370517
a029,yaw,0.5,0.7574914569526984
a029,yaw,1.0,0.6466868020994845
a029,yaw,5.0,0.3651688131359702
a029,yaw,10.0,0.1666321143924546
a029,yaw,30.0,-0.0907529025765737
a029,yaw,60.0,-0.13391531076340413
a032,hn,0.05,0.9064919687489593
a032,hn,0.5,0.636823872573431
a032,hn,1.0,0.5846911126245062
a032,hn,5.0,0.42206329796498826
a032,hn,10.0,0.3043710363043275
a032,hn,30.0,0.009702992112134073
a032,hn,60.0,-0.19466490031608247
a032,yaw,0.05,0.9148776213228726
a032,yaw,0.5,0.6622223573834034
a032,yaw,1.0,0.5772656281445162
a032,yaw,5.0,0.4287495170216033
a032,yaw,10.0,0.31220759597453984
a032,yaw,30.0,0.01910518342015584
a032,yaw,60.0,-0.17951894867428453
a042,hn,0.05,0.8806337931355273
a042,hn,0.5,0.4905284005739546
a042,hn,1.0,0.3550530955873718
a042,hn,5.0,0.18599312206367413
a042,hn,10.0,0.12038325736661162
a042,hn,30.0,0.027949375288769653
a042,hn,60.0,-0.04773651848671358
a042,yaw,0.05,0.8909748540097494
a042,yaw,0.5,0.524778819809289
a042,yaw,1.0,0.34042483609565344
a042,yaw,5.0,0.17226361496394432
a042,yaw,10.0,0.09727265044131439
a042,yaw,30.0,0.0188208835524339
a042,yaw,60.0,-0.04603972407434652
a049,hn,0.05,0.8936587096116501
a049,hn,0.5,0.6035832187638589
a049,hn,1.0,0.5205924240874074
a049,hn,5.0,0.29475151199582167
a049,hn,10.0,0.16752363623941804
a049,hn,30.0,-0.10093657696725811
a049,hn,60.0,-0.08353246101404772
a049,yaw,0.05,0.9322786889455851
a049,yaw,0.5,0.7223763393599979
a049,yaw,1.0,0.5949950142644311
a049,yaw,5.0,0.35612743241186867
a049,yaw,10.0,0.20821634614701223
a049,yaw,30.0,-0.12263124826468137
a049,yaw,60.0,-0.11148312572794417
a050,hn,0.05,0.9086685916388098
a050,hn,0.5,0.647551819603051
a050,hn,1.0,0.570327354905292
a050,hn,5.0,0.3964293224885225
a050,hn,10.0,0.23540458819737586
a050,hn,30.0,0.0033800990746605877
a050,hn,60.0,-0.07359568207270738
a050,yaw,0.05,0.9389856260308351
a050,yaw,0.5,0.7098225978550177
a050,yaw,1.0,0.5930214959533004
a050,yaw,5.0,0.4113311796791641
a050,yaw,10.0,0.24833851433993884
a050,yaw,30.0,-0.005792241753075162
a050,yaw,60.0,-0.09352818574029778
a051,hn,0.05,0.9013224296400603
a051,hn,0.5,0.5331597081072278
a051,hn,1.0,0.34843354534667137
a051,hn,5.0,0.1523389244056409
a051,hn,10.0,0.09213308869385672
a051,hn,30.0,-0.019614082222510872
a051,hn,60.0,-0.00266909767293535
a051,yaw,0.05,0.9367979241207228
a051,yaw,0.5,0.6200456560864106
a051,yaw,1.0,0.42184601197962573
a051,yaw,5.0,0.20698430279313496
a051,yaw,10.0,0.11830868083033412
a051,yaw,30.0,-0.018184116097632173
a051,yaw,60.0,-0.006990253351942509
a052,hn,0.05,0.9260170101968226
a052,hn,0.5,0.6277664583187929
a052,hn,1.0,0.5579914933387627
a052,hn,5.0,0.2898876589078432
a052,hn,10.0,0.22296022595142906
a052,hn,30.0,-0.011628603071472551
a052,hn,60.0,-0.15530681415095113
a052,yaw,0.05,0.9504988788147487
a052,yaw,0.5,0.6689509192547327
a052,yaw,1.0,0.5487036342110303
a052,yaw,5.0,0.27175000784022113
a052,yaw,10.0,0.20976458310381846
a052,yaw,30.0,-0.020087302025225774
a052,yaw,60.0,-0.15118632373562574
a053,hn,0.05,0.8835650085711935
a053,hn,0.5,0.6355902931235988
a053,hn,1.0,0.5264470831049496
a053,hn,5.0,0.3932611627851197
a053,hn,10.0,0.24965750191941574
a053,hn,30.0,-0.06340383821099392
a053,hn,60.0,-0.21318393678368888
a053,yaw,0.05,0.9265244213639745
a053,yaw,0.5,0.7100082630567305
a053,yaw,1.0,0.593572892306954
a053,yaw,5.0,0.4293374479201672
a053,yaw,10.0,0.279515030321494
a053,yaw,30.0,-0.06565788949110493
a053,yaw,60.0,-0.22450715123685805
a054,hn,0.05,0.9051865715119738
a054,hn,0.5,0.6211423980366297
a054,hn,1.0,0.5531500752293627
a054,hn,5.0,0.3512199484935878
a054,hn,10.0,0.20818599282725336
a054,hn,30.0,-0.09980087229142058
a054,hn,60.0,-0.08421172369662651
a054,yaw,0.05,0.9441671862990857
a054,yaw,0.5,0.7222802940166625
a054,yaw,1.0,0.6146500964167446
a054,yaw,5.0,0.3844422343872709
a054,yaw,10.0,0.2212549616948608
a054,yaw,30.0,-0.1115744640640191
a054,yaw,60.0,-0.0591866190305873
a055,hn,0.05,0.8987995393130159
a055,hn,0.5,0.5621362417279359
a055,hn,1.0,0.4151759869532001
a055,hn,5.0,0.23635788507009944
a055,hn,10.0,0.1433957463716883
a055,hn,30.0,-0.08270940428144241
a055,hn,60.0,-0.07384524758381396
a055,yaw,0.05,0.9381205005646305
a055,yaw,0.5,0.645345082273184
a055,yaw,1.0,0.4869645817653412
a055,yaw,5.0,0.2898959025310638
a055,yaw,10.0,0.16118862816156235
a055,yaw,30.0,-0.10357403588967945
a055,yaw,60.0,-0.0853302549342792
a057,hn,0.05,0.9058048263537856
a057,hn,0.5,0.6227062851262022
a057,hn,1.0,0.5069562975983851
a057,hn,5.0,0.2880777003543796
a057,hn,10.0,0.16991809497192709
a057,hn,30.0,-0.03933687951053724
a057,hn,60.0,-0.05994426794406557
a057,yaw,0.05,0.9305541318718658
a057,yaw,0.5,0.6824326515075961
a057,yaw,1.0,0.5337450919690993
a057,yaw,5.0,0.3134645903143036
a057,yaw,10.0,0.19307195744236771
a057,yaw,30.0,-0.0459808271508322
a057,yaw,60.0,-0.0663932266045683
a058,hn,0.05,0.9415568233807566
a058,hn,0.5,0.7678785089583191
a058,hn,1.0,0.693296587914899
a058,hn,5.0,0.47509486515003196
a058,hn,10.0,0.33608497221064054
a058,hn,30.0,-0.011984413121901774
a058,hn,60.0,-0.26046401866504104
a058,yaw,0.05,0.9574759306415315
a058,yaw,0.5,0.817820913152846
a058,yaw,1.0,0.7380307942307622
a058,yaw,5.0,0.520378510021262
a058,yaw,10.0,0.37296790866954627
a058,yaw,30.0,-0.026826691124827592
a058,yaw,60.0,-0.2742273968354013
