sequence,subject,seed,arm,windows,mean_error,p95_error,fraction_error_over_1,ate,rte,ate_replay_difference,rte_replay_difference
a006_2,a006,0,yaw,16737,0.1329496991448297,0.4407426728937934,0.005018820577164366,4.861839081745231,3.669989552691463,0.0,0.0
a006_2,a006,0,hn,16737,0.14127899017826256,0.489468509187805,0.005078568441178228,5.932443225261859,3.611270241579388,0.0,0.0
a006_2,a006,1,yaw,16737,0.13147881915913054,0.4192012523204478,0.006691760769552488,4.733055058292115,3.9306146841409326,0.0,0.0
a006_2,a006,1,hn,16737,0.13817785900626312,0.46995413534538977,0.007050247953635657,4.685870471387005,3.507259942379735,0.0,0.0
a006_2,a006,2,yaw,16737,0.13047342186736235,0.42932020715508173,0.006333273585469319,7.271360017383343,3.6246639945781864,0.0,0.0
a006_2,a006,2,hn,16737,0.1438975370426802,0.4899739885754368,0.00878293601003764,5.6687700314544145,3.9119524271284205,0.0,0.0
a006_2,a006,3,yaw,16737,0.1312105994090928,0.426331507032233,0.005377307761247535,7.53982099432366,3.6940692883053874,0.0,0.0
a006_2,a006,3,hn,16737,0.14406586424866463,0.5103659302111682,0.00914142319412081,5.663388861850243,4.095292187243879,0.0,0.0
a019_3,a019,0,yaw,8831,0.27634613667930824,0.8122136108343776,0.02502547842826407,5.72958488453807,5.743780659034087,0.0,0.0
a019_3,a019,0,hn,8831,0.2994798365108022,0.8758907125568713,0.031593251047446494,6.812118430194477,6.183234893987513,0.0,0.0
a019_3,a019,1,yaw,8831,0.2742246018918171,0.7835821023520317,0.024232816215604122,5.7790013237957885,5.787283002778518,0.0,0.0
a019_3,a019,1,hn,8831,0.3069335061354868,0.909262846822801,0.03906692333824029,4.795734896636167,5.578989991361031,0.0,0.0
a019_3,a019,2,yaw,8831,0.2651290762462273,0.8117361719158563,0.02604461555882686,4.8419306517554626,5.3404302422767715,0.0,0.0
a019_3,a019,2,hn,8831,0.2851722946917729,0.8248246266488535,0.029441739327369494,5.414395437345396,5.4298699914594755,0.0,0.0
a019_3,a019,3,yaw,8831,0.2704226517325896,0.7695064942774844,0.022760729249235646,4.851743955706058,5.43056741782585,0.0,0.0
a019_3,a019,3,hn,8831,0.30045725192117295,0.8510391731984128,0.030687351375835125,5.548183801203727,5.657882489192705,0.0,0.0
a024_1,a024,0,yaw,9146,0.28285475447723407,0.7593514186671046,0.02853706538377433,3.12035514377058,3.06002130107754,0.0,0.0
a024_1,a024,0,hn,9146,0.30858499228109426,0.8595536801649081,0.035753334791165534,3.1267321755945905,3.2227436904818667,0.0,0.0
a024_1,a024,1,yaw,9146,0.2885694139586694,0.8030118642677939,0.03411327356221299,4.963127400812924,3.145991298548181,0.0,0.0
a024_1,a024,1,hn,9146,0.32234699861622923,0.9344530263712809,0.04450032801224579,3.2924825166062126,3.569667764062673,0.0,0.0
a024_1,a024,2,yaw,9146,0.27354904596147084,0.7653719173836333,0.026022304832713755,4.28917575506177,2.827398128761603,0.0,0.0
a024_1,a024,2,hn,9146,0.3120700124700675,0.895363538331318,0.03968948174065165,3.740544051157043,3.4680364910722554,0.0,0.0
a024_1,a024,3,yaw,9146,0.28182559415989794,0.8173455057118632,0.03258254974852395,4.795955344012118,3.0351719724182087,0.0,0.0
a024_1,a024,3,hn,9146,0.3091746342589157,0.8389463995021909,0.03553465996063853,2.8831026647095093,3.1536287391767863,0.0,0.0
a024_3,a024,0,yaw,10363,0.1975433234399245,0.4760595671223894,0.0048248576666988325,4.155978001459286,3.0322975328094266,0.0,0.0
a024_3,a024,0,hn,10363,0.20420379289645849,0.497904408820815,0.004728360513364856,4.130484055140313,2.863059926536114,0.0,0.0
a024_3,a024,1,yaw,10363,0.19128897586809535,0.47047535820897757,0.004149377593360996,5.0734673441020615,3.107409782926601,0.0,0.0
a024_3,a024,1,hn,10363,0.20741382403851352,0.5657761451673023,0.005886326353372576,4.694943357305003,3.001731506713891,0.0,0.0
a024_3,a024,2,yaw,10363,0.19482613901026943,0.47637819296337475,0.003087908906687253,5.429280827168646,2.9239493011480415,0.0,0.0
a024_3,a024,2,hn,10363,0.20504644831296587,0.5301927379231746,0.005500337740036669,4.633056156012657,2.821234982064252,0.0,0.0
a024_3,a024,3,yaw,10363,0.191690083395462,0.48237212363887916,0.003473897520023159,4.015176849094966,2.723821702977117,0.0,0.0
a024_3,a024,3,hn,10363,0.21039212775056143,0.5236093479451417,0.004728360513364856,4.4041691962240845,3.145910164284817,0.0,0.0
a029_1,a029,0,yaw,8397,0.3153110904598505,0.6892262284731736,0.0011909015124449208,5.638681910834313,6.633384429500722,0.0,0.0
a029_1,a029,0,hn,8397,0.3128674173612311,0.7219847952628411,0.003929974991068239,4.983395355686096,6.307579660190301,0.0,0.0
a029_1,a029,1,yaw,8397,0.307710727442047,0.6883728512474494,0.0021436227224008574,7.194606922018502,6.493151320475048,0.0,0.0
a029_1,a029,1,hn,8397,0.3293065853311374,0.7446560055233252,0.008217220435869954,4.889317761855947,6.328527051895107,0.0,0.0
a029_1,a029,2,yaw,8397,0.3158671976661749,0.6948715824251804,0.002500893176134334,5.008759250892287,6.836305699345307,0.0,0.0
a029_1,a029,2,hn,8397,0.3175608905591789,0.7131642761393895,0.005001786352268668,4.899000120753794,6.5017971038425335,0.0,0.0
a029_1,a029,3,yaw,8397,0.3315918070255682,0.7154705262819376,0.0017863522686673813,5.802090572426874,7.080748801725816,0.0,0.0
a029_1,a029,3,hn,8397,0.3154345093134817,0.7170697207237606,0.003929974991068239,4.593612410801102,6.437786141448457,0.0,0.0
a029_2,a029,0,yaw,10434,0.1334470238769901,0.3435334389925044,9.584052137243626e-05,5.082852455842737,2.412163943655167,0.0,0.0
a029_2,a029,0,hn,10434,0.1339368829608051,0.3521134225117809,0.00019168104274487253,2.5950021545312834,2.263801514908826,0.0,0.0
a029_2,a029,1,yaw,10434,0.1332221277704762,0.35017088547307407,0.0002875215641173088,2.794610192851151,2.292998286507556,0.0,0.0
a029_2,a029,1,hn,10434,0.14678612424088344,0.37038371080498234,0.0009584052137243627,2.6370314615042743,2.4133543793098653,0.0,0.0
a029_2,a029,2,yaw,10434,0.12962987100040452,0.3325890406404638,0.0002875215641173088,3.0177309934868455,2.221869055816529,0.0,0.0
a029_2,a029,2,hn,10434,0.13204654268488814,0.33996467783279116,9.584052137243626e-05,2.4554561901646164,2.100288300716744,0.0,0.0
a029_2,a029,3,yaw,10434,0.12737026720816672,0.33127765319523894,0.0002875215641173088,1.7641574614356386,2.072645012196745,0.0,0.0
a029_2,a029,3,hn,10434,0.13177570781884426,0.35840227686267845,0.0,3.1200962302921424,2.0788970006107643,0.0,0.0
a032_1,a032,0,yaw,8540,0.25137980275374155,0.5375936192424904,0.0,6.222661976576853,6.873418906966786,0.0,0.0
a032_1,a032,0,hn,8540,0.25896744878989897,0.5786451615888132,0.001990632318501171,5.422482521462727,6.773935885359166,0.0,0.0
a032_1,a032,1,yaw,8540,0.24949014479593612,0.5239028385477384,0.001639344262295082,6.513052128573752,6.8167433222686595,0.0,0.0
a032_1,a032,1,hn,8540,0.2692193473654059,0.6276049524374717,0.002576112412177986,6.016635153305615,7.06209996003317,0.0,0.0
a032_1,a032,2,yaw,8540,0.2455944154298728,0.5345261691475546,0.000234192037470726,5.3302258561670675,6.675120981445376,0.0,0.0
a032_1,a032,2,hn,8540,0.2643971523595483,0.5887977214233926,0.003161592505854801,5.594877020805644,7.052237434568322,0.0,0.0
a032_1,a032,3,yaw,8540,0.245656351629254,0.5135782009636449,0.000936768149882904,5.761881258958823,6.5755447669257565,0.0,0.0
a032_1,a032,3,hn,8540,0.24829962201933403,0.5457080336714172,0.001756440281030445,5.549119619194272,6.486170670656117,0.0,0.0
a032_3,a032,0,yaw,13833,0.3656891592395787,1.1811329934270243,0.07286922576447626,16.457771141694334,8.01882424058715,0.0,0.0
a032_3,a032,0,hn,13833,0.5296725589076209,1.4791513101571339,0.16424492156437503,11.597539906005421,12.361327757854873,0.0,0.0
a032_3,a032,1,yaw,13833,0.3836688654208609,1.2305985712929828,0.08732740547965011,11.016782320179258,8.892323774325503,0.0,0.0
a032_3,a032,1,hn,13833,0.43661097806756843,1.3646806295441152,0.11407503795272175,14.552708248846539,9.90501722030026,0.0,0.0
a032_3,a032,2,yaw,13833,0.3723019475524988,1.243608160148699,0.0786524976505458,11.696111787816927,8.111207242905747,0.0,0.0
a032_3,a032,2,hn,13833,0.49762035449602865,1.5088987395023372,0.15932914046121593,11.404038660777545,11.8865993462122,0.0,0.0
a032_3,a032,3,yaw,13833,0.3956435937798323,1.2586576922913104,0.08270078797079447,8.42194561060272,9.26172782237635,0.0,0.0
a032_3,a032,3,hn,13833,0.46536404796953135,1.4437864901691877,0.13178630810380973,10.647808322336951,11.083631420486688,0.0,0.0
a042_2,a042,0,yaw,14313,0.1468195525378186,0.4335861864892477,0.0039823936281701946,7.694267719486654,3.101004497315786,0.0,0.0
a042_2,a042,0,hn,14313,0.17613025677225336,0.4837047594930289,0.005170125061133236,4.148885838096697,3.2982019954483675,0.0,0.0
a042_2,a042,1,yaw,14313,0.15467553677437054,0.42479197152521014,0.0035631942988891218,6.122113731179843,2.9410583004750075,0.0,0.0
a042_2,a042,1,hn,14313,0.1759814085218426,0.4928458720594427,0.00551945783553413,3.570149689626218,3.076194740458973,0.0,0.0
a042_2,a042,2,yaw,14313,0.14548673951951108,0.40925106959065544,0.0031439949696080486,7.45460412422873,2.6031266228529697,0.0,0.0
a042_2,a042,2,hn,14313,0.1694379326641706,0.47416830014011485,0.006567456158736813,4.704162802185013,3.476246537932365,0.0,0.0
a042_2,a042,3,yaw,14313,0.15082347286949366,0.44438985603844605,0.0023754628659260813,4.7555002294677635,2.986894411894036,0.0,0.0
a042_2,a042,3,hn,14313,0.17968244719313453,0.5191991713274804,0.00307412841472787,3.9140774691375286,3.803390924338706,0.0,0.0
a049_1,a049,0,yaw,6917,0.24216086668146536,0.6624337291203013,0.0,3.873467893423522,5.393926086868663,0.0,0.0
a049_1,a049,0,hn,6917,0.2734929410600583,0.6929562410864648,0.0,4.004889958809012,6.192266767794564,0.0,0.0
a049_1,a049,1,yaw,6917,0.23139461535671477,0.609722727289431,0.0,4.042498143926659,5.102888422050688,0.0,0.0
a049_1,a049,1,hn,6917,0.29694728655644703,0.7322526589737626,0.0014457134595923088,4.250217940130798,6.614341671038152,0.0,0.0
a049_1,a049,2,yaw,6917,0.24572183670054262,0.6593097312901083,0.0,3.7887082492361905,5.363497996983163,0.0,0.0
a049_1,a049,2,hn,6917,0.2563536032310209,0.6735955148382936,0.0005782853838369235,3.6481809548411817,5.660475014161508,0.0,0.0
a049_1,a049,3,yaw,6917,0.24382156981945935,0.6552014989723373,0.0,3.452455306913858,5.518410145747263,0.0,0.0
a049_1,a049,3,hn,6917,0.2781282757485394,0.6854034794045671,0.00014457134595923088,3.961649232193674,6.162340813150697,0.0,0.0
a049_2,a049,0,yaw,13218,0.1407804817151925,0.32945878906078035,0.0029505220154334997,6.0080733685892485,2.3580191801797397,0.0,0.0
a049_2,a049,0,hn,13218,0.14881086041964098,0.3522372729162504,0.0031774852473899226,1.9116099775200035,2.159308320323006,0.0,0.0
a049_2,a049,1,yaw,13218,0.15047377981599858,0.33604942159714357,0.003026176426085641,4.944995450271199,2.5887826678409676,0.0,0.0
a049_2,a049,1,hn,13218,0.14495736990410124,0.35275068177954566,0.0033287940686942048,2.608586068068334,1.7831039768846522,0.0,0.0
a049_2,a049,2,yaw,13218,0.13422614129997973,0.32004522526344426,0.0015887426236949613,2.72035063429584,2.082790090510927,0.0,0.0
a049_2,a049,2,hn,13218,0.15165861501956,0.3646048698585076,0.003253139658042064,2.3566671432889765,2.0062502710490437,0.0,0.0
a049_2,a049,3,yaw,13218,0.15304917427209147,0.3392375913243693,0.002420941140868513,6.665610061977985,2.6795003796430836,0.0,0.0
a049_2,a049,3,hn,13218,0.15030026266083085,0.34435248926027745,0.003858374943259192,2.8205514819292263,2.146829414803032,0.0,0.0
a049_3,a049,0,yaw,12916,0.15685447775966718,0.32688866645909753,0.0009290802105915144,4.8064556988951335,2.8898286066501035,0.0,0.0
a049_3,a049,0,hn,12916,0.14517722179740872,0.33525250358417236,0.0012387736141220192,2.7707165561287317,2.183975229142429,0.0,0.0
a049_3,a049,1,yaw,12916,0.17248535312542643,0.3548097170075874,0.0012387736141220192,3.879493906677251,3.368711466091841,0.0,0.0
a049_3,a049,1,hn,12916,0.1578185927848742,0.35259928693140064,0.002013007122948281,2.300724968047131,2.42171645091734,0.0,0.0
a049_3,a049,2,yaw,12916,0.14772341902172645,0.31666789888618097,0.002709817280891917,2.797749947319735,2.47899208771606,0.0,0.0
a049_3,a049,2,hn,12916,0.16603565624533234,0.3839105819292053,0.002013007122948281,2.530524485210536,2.7146543435362913,0.0,0.0
a049_3,a049,3,yaw,12916,0.17466734967705838,0.35224497737804344,0.0012387736141220192,3.8798969994071464,3.5562026964843994,0.0,0.0
a049_3,a049,3,hn,12916,0.14977663272054118,0.321503812520456,0.0013936203158872716,2.6153095434239613,2.303714811690039,0.0,0.0
a050_1,a050,0,yaw,7117,0.2648730914154254,0.5726896643334239,0.0061823802163833074,8.998320232450723,7.21316855434251,0.0,0.0
a050_1,a050,0,hn,7117,0.3176821693771841,0.6912384210626908,0.006744414781509063,12.182587927507864,8.338668548423248,0.0,0.0
a050_1,a050,1,yaw,7117,0.26358953028746807,0.603947254518177,0.007306449346634818,7.2241326530890255,7.137666747519484,0.0,0.0
a050_1,a050,1,hn,7117,0.31690214985537,0.7349789139186278,0.010819165378670788,15.01294702734687,8.599718798333988,0.0,0.0
a050_1,a050,2,yaw,7117,0.24566733082799994,0.548891998440151,0.004355767879724603,8.0742813817002,6.370658700994081,0.0,0.0
a050_1,a050,2,hn,7117,0.29386470901330153,0.6573831572364031,0.008711535759449206,11.118686264320546,7.511366517939406,0.0,0.0
a050_1,a050,3,yaw,7117,0.26506467957739904,0.5649295579376333,0.00590136293382043,7.673900703244204,6.786051387161555,0.0,0.0
a050_1,a050,3,hn,7117,0.29766339609985504,0.677802593836463,0.009835604889700717,10.3301811526809,7.622936273624436,0.0,0.0
a050_3,a050,0,yaw,13266,0.24534468309007848,0.8672560386454998,0.036936529473842905,9.84195603271009,6.3792551943330436,0.0,0.0
a050_3,a050,0,hn,13266,0.28001974285625586,0.9331056214254019,0.04289160259309513,11.256173632227645,7.156647520073479,0.0,0.0
a050_3,a050,1,yaw,13266,0.24741070251734812,0.9068020342844644,0.0406301824212272,11.766558883069457,6.556945156684295,0.0,0.0
a050_3,a050,1,hn,13266,0.2765469974477956,0.8277173223042081,0.03075531433740389,7.9820502292675295,6.254556724937105,0.0,0.0
a050_3,a050,2,yaw,13266,0.2528608541000116,0.8915133581004941,0.04123322780039198,9.611549353846247,6.62776573909516,0.0,0.0
a050_3,a050,2,hn,13266,0.2924304215065183,1.0096732368554715,0.05148499924619328,12.469909914282454,7.724750079510222,0.0,0.0
a050_3,a050,3,yaw,13266,0.25301061529888597,0.8852444755924124,0.039951756369666816,10.65513781281496,6.819445840191872,0.0,0.0
a050_3,a050,3,hn,13266,0.26461112502018524,0.8446784478148229,0.033318257198854215,8.700264145789834,6.473903016052573,0.0,0.0
a051_1,a051,0,yaw,18068,0.20050013876081585,0.6140155348473323,0.0059774186406907235,6.083494204164939,5.145711723514045,0.0,0.0
a051_1,a051,0,hn,18068,0.21025215537740086,0.6293567710587272,0.008080584458711534,5.773630452369943,5.111737470968492,0.0,0.0
a051_1,a051,1,yaw,18068,0.20220555901648388,0.6260370111774665,0.005091875138366172,6.747950112618966,5.227902466969464,0.0,0.0
a051_1,a051,1,hn,18068,0.20391473017038916,0.6164455413604306,0.006309497454062431,5.590602504343171,4.758630420654509,0.0,0.0
a051_1,a051,2,yaw,18068,0.20346151438095583,0.6172745407397009,0.005036528669470888,6.009878984589158,5.283303151593836,0.0,0.0
a051_1,a051,2,hn,18068,0.20417195535409965,0.6168254603676595,0.009907017932255922,5.519180473304991,4.902388598390407,0.0,0.0
a051_1,a051,3,yaw,18068,0.20315459495901886,0.6200075904061093,0.007084348018596413,6.319485002898759,5.305580632065889,0.0,0.0
a051_1,a051,3,hn,18068,0.20829062668559678,0.6354726792686795,0.007859198583130396,6.312642692252552,5.217139761865637,0.0,0.0
a051_2,a051,0,yaw,14416,0.08247902901815202,0.2907597679080732,0.002427857935627081,3.0935824553344253,1.6124703033408843,0.0,0.0
a051_2,a051,0,hn,14416,0.08772315807725099,0.3032793678877823,0.003190899001109878,2.8888644185109063,1.3477788862264377,0.0,0.0
a051_2,a051,1,yaw,14416,0.08401385712950345,0.30256041559222163,0.001942286348501665,3.1900199538066083,1.6039949414190968,0.0,0.0
a051_2,a051,1,hn,14416,0.08334546608829523,0.270717587663059,0.003329633740288568,3.3453877334239324,1.079881130383254,0.0,0.0
a051_2,a051,2,yaw,14416,0.08479231287471505,0.30263721441826685,0.0015260821309655938,3.8685562806910525,1.7204383267830146,0.0,0.0
a051_2,a051,2,hn,14416,0.08513117835858078,0.2841663089493133,0.003260266370699223,3.0585817842344643,1.3560910306629985,0.0,0.0
a051_2,a051,3,yaw,14416,0.08285433099254401,0.2862294528630902,0.001664816870144284,3.0565928815641388,1.503249186364567,0.0,0.0
a051_2,a051,3,hn,14416,0.08403915201192355,0.2847136798414541,0.0013179800221975583,3.624142302866569,1.4066328227273994,0.0,0.0
a051_3,a051,0,yaw,7521,0.10900894418673628,0.39191688978144046,0.0006648052120728626,1.4719020979353745,1.3867237630509233,0.0,0.0
a051_3,a051,0,hn,7521,0.12194593991889122,0.43736270430953517,0.006249168993484909,1.1915984306722063,1.321391581424918,0.0,0.0
a051_3,a051,1,yaw,7521,0.10864819287438753,0.3722957268462737,0.0018614545938040155,1.3103155042975607,1.4441694785013046,0.0,0.0
a051_3,a051,1,hn,7521,0.1255846658133323,0.43740809393153246,0.004520675442095466,1.3317191646548043,1.3803122349205013,0.0,0.0
a051_3,a051,2,yaw,7521,0.11394488292446188,0.4197775966645101,0.0017284935513894428,1.472432352845959,1.4205225420061576,0.0,0.0
a051_3,a051,2,hn,7521,0.12081483057970178,0.4613709548457977,0.004786597526924611,1.6848869655154133,1.479212822170693,0.0,0.0
a051_3,a051,3,yaw,7521,0.11344706333381797,0.43219454180254785,0.0011966493817311527,1.3339385457762603,1.338487135929118,0.0,0.0
a051_3,a051,3,hn,7521,0.11923322543330438,0.4412621764480168,0.0034569871027788856,1.4466228010653932,1.4122666662421195,0.0,0.0
a052_2,a052,0,yaw,7260,0.31918057505055647,1.0187130636405208,0.051790633608815424,5.5923536482266565,7.749303194333704,0.0,0.0
a052_2,a052,0,hn,7260,0.3454445205365771,1.1433239273091746,0.06928374655647383,5.959919835711386,8.06675113023933,0.0,0.0
a052_2,a052,1,yaw,7260,0.32935094946738525,1.0722252091336129,0.05881542699724518,5.711517248199114,7.802764096208449,0.0,0.0
a052_2,a052,1,hn,7260,0.3832054716522812,1.4789061873100078,0.08526170798898072,7.684991924148527,8.870731756504066,0.0,0.0
a052_2,a052,2,yaw,7260,0.3176111862295638,1.052790533655364,0.06046831955922865,5.018505721682917,7.722444486313208,0.0,0.0
a052_2,a052,2,hn,7260,0.3456948655216847,1.1420602723089173,0.07493112947658402,6.726531045185468,8.997092947236414,0.0,0.0
a052_2,a052,3,yaw,7260,0.3448325236092436,1.123391369225995,0.07603305785123966,9.201808777125725,7.804001139506996,0.0,0.0
a052_2,a052,3,hn,7260,0.3562470913254568,1.137194482405569,0.07121212121212121,7.184336452896192,9.225044062057428,0.0,0.0
a053_1,a053,0,yaw,9149,0.15133264528355717,0.32319974567615173,0.0039348562684446385,1.9408109739283221,2.9030343112398995,0.0,0.0
a053_1,a053,0,hn,9149,0.17211224558276714,0.36213635739681677,0.005246475024592852,2.354287875219884,3.3585191946504933,0.0,0.0
a053_1,a053,1,yaw,9149,0.1504630776083019,0.34235503813126983,0.0039348562684446385,1.9095177489817445,2.8686314595420206,0.0,0.0
a053_1,a053,1,hn,9149,0.15358012588390427,0.3449369362600451,0.0045906656465187455,2.275268992692478,2.7922657692132464,0.0,0.0
a053_1,a053,2,yaw,9149,0.15042456497390927,0.31326062503397456,0.004372062520494043,1.8511138853374929,2.933622691939774,0.0,0.0
a053_1,a053,2,hn,9149,0.17984955799900942,0.40008068644740974,0.0069953000327904686,2.338460515565258,3.6202487681093616,0.0,0.0
a053_1,a053,3,yaw,9149,0.15364810994994424,0.34049499715674986,0.004372062520494043,3.9088895886714488,3.2771270443032363,0.0,0.0
a053_1,a053,3,hn,9149,0.167469787666108,0.36240838964703276,0.005027871898568149,2.4517816051028163,3.3237453743740373,0.0,0.0
a053_2,a053,0,yaw,12750,0.17507560128453759,0.324386978907683,0.00031372549019607844,6.8406116963046415,3.4542443966252963,0.0,0.0
a053_2,a053,0,hn,12750,0.18063243875613008,0.33970612317059856,0.00015686274509803922,3.036582351943922,3.385085134947273,0.0,0.0
a053_2,a053,1,yaw,12750,0.16517645917958354,0.3141579577029221,0.0005490196078431372,3.2458802428194717,3.1769385725619195,0.0,0.0
a053_2,a053,1,hn,12750,0.17359588937355847,0.32497311074486,0.00047058823529411766,2.0602571030640604,3.0956074474090167,0.0,0.0
a053_2,a053,2,yaw,12750,0.15944734526918428,0.3131742914449114,0.00023529411764705883,3.9170651307272406,3.067782572565844,0.0,0.0
a053_2,a053,2,hn,12750,0.16246347242501036,0.3208671831123894,0.000784313725490196,3.7172030192027146,2.867889230464276,0.0,0.0
a053_2,a053,3,yaw,12750,0.15893138773866278,0.2942541362288967,0.0005490196078431372,6.425023287753189,3.192755778857477,0.0,0.0
a053_2,a053,3,hn,12750,0.1744098181852936,0.3275196166967795,7.843137254901961e-05,3.2253338316863918,3.188125020617711,0.0,0.0
a053_3,a053,0,yaw,11772,0.16299814364487034,0.32628266245074444,0.0,7.061756221404913,3.5155447361747245,0.0,0.0
a053_3,a053,0,hn,11772,0.17159285498407587,0.3409332607953473,0.0019537886510363573,3.0051862874037125,3.4168776445090105,0.0,0.0
a053_3,a053,1,yaw,11772,0.15740862493194785,0.30878107925453985,0.0005946313285762827,2.4301224124687213,3.2548806594851616,0.0,0.0
a053_3,a053,1,hn,11772,0.15562825600693317,0.3090230040244853,0.0006795786612300374,2.6063893709808665,2.8821812536581644,0.0,0.0
a053_3,a053,2,yaw,11772,0.15462615995120962,0.3096282325071022,0.0006795786612300374,5.8477374819429,3.1715866606844827,0.0,0.0
a053_3,a053,2,hn,11772,0.14890390410681198,0.30788125620625645,0.0019537886510363573,2.7537659680448687,2.771515574391174,0.0,0.0
a053_3,a053,3,yaw,11772,0.14766348578461438,0.2948502164848385,0.0003397893306150187,3.174963012490426,3.125230746687724,0.0,0.0
a053_3,a053,3,hn,11772,0.16403316508667448,0.31977794304659246,0.0016989466530750934,3.0282817800852437,3.138948417895535,0.0,0.0
a054_1,a054,0,yaw,6821,0.21280472686006174,0.5539604294973898,0.006597273127107462,4.1112875159406554,4.096027276486459,0.0,0.0
a054_1,a054,0,hn,6821,0.24593094811952462,0.5733262532732473,0.01011581879489811,3.6765664516039798,4.656709511240685,0.0,0.0
a054_1,a054,1,yaw,6821,0.2144070055799838,0.5320820049123359,0.006890485266090016,3.3939817912449026,4.153728842942377,0.0,0.0
a054_1,a054,1,hn,6821,0.24179320602448284,0.628413774454868,0.01202169769828471,5.670992963139498,4.914076024559249,0.0,0.0
a054_1,a054,2,yaw,6821,0.2207019986869339,0.5551294053487972,0.00908957630845917,3.864330252017385,4.452872511518955,0.0,0.0
a054_1,a054,2,hn,6821,0.254607719048243,0.6265572303518643,0.012314909837267263,5.453539087245905,5.3907795517065376,0.0,0.0
a054_1,a054,3,yaw,6821,0.22506041825407977,0.6604917961151422,0.013634364462688755,4.830644476270882,4.959013705949405,0.0,0.0
a054_1,a054,3,hn,6821,0.26578386909478824,0.6779021775874824,0.019498607242339833,6.396831773953191,5.906962080150722,0.0,0.0
a054_2,a054,0,yaw,12133,0.14628160376665045,0.3803447667686855,0.005686969422236875,4.093329921097811,2.727735903773172,0.0,0.0
a054_2,a054,0,hn,12133,0.1526758652659372,0.3986829826427532,0.005110030495343278,2.1751861747760906,2.781678542364266,0.0,0.0
a054_2,a054,1,yaw,12133,0.14640295381139862,0.3869832674819327,0.004533091568449683,3.832822910178114,2.7071897239351754,0.0,0.0
a054_2,a054,1,hn,12133,0.15645859087956807,0.40223255680589215,0.00947828237039479,3.203598203819425,3.055443619221115,0.0,0.0
a054_2,a054,2,yaw,12133,0.14653641235897324,0.37504367491279933,0.006758427429324982,3.9373405334345373,3.1241453627233975,0.0,0.0
a054_2,a054,2,hn,12133,0.1560691027493572,0.39600706093714777,0.005274870188741449,2.7951888642650555,2.718003386383185,0.0,0.0
a054_2,a054,3,yaw,12133,0.15285054081963798,0.3880674251079115,0.007252946509519492,4.313105619434521,3.010202345772331,0.0,0.0
a054_2,a054,3,hn,12133,0.1710198157217302,0.40700336420018735,0.007005686969422237,2.8711810740497663,3.226362824431163,0.0,0.0
a054_3,a054,0,yaw,13374,0.22976824891861092,0.65408137907072,0.010767160161507403,8.162387794167383,4.5259690051291015,0.0,0.0
a054_3,a054,0,hn,13374,0.25346212223589415,0.5921043132202289,0.015552564677732915,8.712799578884649,4.596670472494791,0.0,0.0
a054_3,a054,1,yaw,13374,0.23784782409639268,0.6388491815177471,0.01278600269179004,7.87442023867905,4.603065158913644,0.0,0.0
a054_3,a054,1,hn,13374,0.24743972980321396,0.693033648563702,0.02452519814565575,9.367375409229126,4.628654341537226,0.0,0.0
a054_3,a054,2,yaw,13374,0.24010228066970393,0.6487031931486068,0.011066247943771496,10.217893796843057,4.777621011249934,0.0,0.0
a054_3,a054,2,hn,13374,0.24262900834843812,0.6182341086981445,0.013907581875280395,8.334462292747912,4.353552241247056,0.0,0.0
a054_3,a054,3,yaw,13374,0.23683689304640662,0.6760397668312482,0.01525347689546882,6.234810012224687,4.543796514812286,0.0,0.0
a054_3,a054,3,hn,13374,0.25744452183921157,0.7057199511830464,0.020113653357260355,8.163544368620721,5.034245016321378,0.0,0.0
a055_2,a055,0,yaw,13414,0.36778676888620715,0.9202877231432,0.04085284031608767,11.218488706585257,6.00536850739545,0.0,0.0
a055_2,a055,0,hn,13414,0.3949077902540222,1.145577226560136,0.07044878485164753,7.104964097996617,5.931843408400891,0.0,0.0
a055_2,a055,1,yaw,13414,0.37236935546908834,0.9662744759344304,0.044505740271358285,9.052224221731755,6.096988279750478,0.0,0.0
a055_2,a055,1,hn,13414,0.43726023669251757,1.2713815667205444,0.10384672729983599,10.983602851412495,6.944758070567688,0.0,0.0
a055_2,a055,2,yaw,13414,0.3753362608524599,0.9594414006404165,0.04562397495154316,8.855434858880836,6.2931217819525935,0.0,0.0
a055_2,a055,2,hn,13414,0.4071331083773848,1.1292479649075915,0.07111972565975846,11.093921810311922,6.228154110906295,0.0,0.0
a055_2,a055,3,yaw,13414,0.37202749277253155,0.9588395094569809,0.045996719844938125,6.45292903126357,5.931335531191437,0.0,0.0
a055_2,a055,3,hn,13414,0.39386450477591206,1.08258726953304,0.06157745638884747,11.237656743678471,6.1844524680555395,0.0,0.0
a055_3,a055,0,yaw,13735,0.42275759586694656,1.132165440111702,0.06421550782672006,10.853578235462251,6.706063611033466,0.0,0.0
a055_3,a055,0,hn,13735,0.457785956050825,1.266311073845502,0.09159082635602475,10.438466112870964,6.669574555280323,0.0,0.0
a055_3,a055,1,yaw,13735,0.442625112177845,1.2033120052815758,0.07426283218056061,16.08361659405756,7.01298106047099,0.0,0.0
a055_3,a055,1,hn,13735,0.4920404469013456,1.3381567837816912,0.12158718602111394,15.91905673145921,7.1530035677085175,0.0,0.0
a055_3,a055,2,yaw,13735,0.4292734112193111,1.1613591282908053,0.06902074990899162,12.342389003131869,7.079745845544644,0.0,0.0
a055_3,a055,2,hn,13735,0.4585107728559791,1.299320677008843,0.09246450673461959,12.935216356944759,6.88636826448061,0.0,0.0
a055_3,a055,3,yaw,13735,0.44446696429767796,1.1938347920215897,0.07382599199126319,10.100475417724743,6.974112465999209,0.0,0.0
a055_3,a055,3,hn,13735,0.45612639449426495,1.1975309300910169,0.08045140152894066,12.164072004066622,6.766669841411453,0.0,0.0
a057_1,a057,0,yaw,10610,0.28853789587337597,0.9264745783376622,0.033270499528746465,8.44749703529961,7.27547152525538,0.0,0.0
a057_1,a057,0,hn,10610,0.31319281058864806,0.9545627122138027,0.03986804901036758,6.409754863722868,7.436779485378348,0.0,0.0
a057_1,a057,1,yaw,10610,0.27917378617002986,0.8863829466673365,0.028369462770970782,6.270029482527661,6.536015738342648,0.0,0.0
a057_1,a057,1,hn,10610,0.29543734701190866,0.9826053522695519,0.04561734213006598,5.575151633576307,7.169091193534907,0.0,0.0
a057_1,a057,2,yaw,10610,0.284156032734783,0.9401309868987889,0.03713477851083883,8.46633450422508,7.035615147869701,0.0,0.0
a057_1,a057,2,hn,10610,0.2797600053974721,0.9006505112955304,0.03345900094250707,5.796553895079641,6.765549897840384,0.0,0.0
a057_1,a057,3,yaw,10610,0.27619514434456754,0.9317953515992836,0.03581526861451461,5.625362999464129,6.838372598879192,0.0,0.0
a057_1,a057,3,hn,10610,0.2988038360144079,0.9491197339480383,0.039679547596606975,5.973220657843601,7.1204476530418,0.0,0.0
a057_2,a057,0,yaw,13524,0.1814040902960944,0.6314636956740183,0.013901212658976633,8.90539346024558,3.303217773491856,0.0,0.0
a057_2,a057,0,hn,13524,0.19687192286031685,0.7108758723237637,0.01774622892635315,7.3683705698539885,3.6387554300002005,0.0,0.0
a057_2,a057,1,yaw,13524,0.1830770060140653,0.6143783122117685,0.013457556935817806,8.42150396501831,3.3967208821635264,0.0,0.0
a057_2,a057,1,hn,13524,0.1994601439763978,0.6946202799581752,0.01818988464951198,6.098534367393088,3.1094466668394305,0.0,0.0
a057_2,a057,2,yaw,13524,0.17752679960391982,0.6073636510403463,0.012570245489500148,8.398230352193973,3.0153395649489987,0.0,0.0
a057_2,a057,2,hn,13524,0.1911703929891616,0.6709383317367199,0.01611949127477078,7.5482180483662615,3.089561675546244,0.0,0.0
a057_2,a057,3,yaw,13524,0.17852925105245346,0.6322295275368974,0.012348417627920733,8.529774074974426,3.1572425064687217,0.0,0.0
a057_2,a057,3,hn,13524,0.1961032827179514,0.6824963571075562,0.016415261756876662,8.692329212522715,3.195685085476321,0.0,0.0
a057_3,a057,0,yaw,12000,0.2236973601312981,0.6395669743109046,0.019,11.986987424778809,4.734878713370935,0.0,0.0
a057_3,a057,0,hn,12000,0.24233523663077172,0.734280075441443,0.023833333333333335,9.71382174614501,4.546533766256505,0.0,0.0
a057_3,a057,1,yaw,12000,0.22762032610614202,0.6551578374272791,0.021083333333333332,13.424511886148093,4.901447432731355,0.0,0.0
a057_3,a057,1,hn,12000,0.23762752269694684,0.7557675091410808,0.026583333333333334,9.333897986642414,4.55786287469518,0.0,0.0
a057_3,a057,2,yaw,12000,0.21811053614127812,0.6525804087807132,0.018833333333333334,10.443854392051273,4.5921775037192845,0.0,0.0
a057_3,a057,2,hn,12000,0.2347045987555071,0.7228726032108996,0.023,11.576693500718765,4.69337903130224,0.0,0.0
a057_3,a057,3,yaw,12000,0.21622273974863898,0.6636675611880448,0.01925,10.925088184481758,4.510611856646226,0.0,0.0
a057_3,a057,3,hn,12000,0.23810270522107022,0.6914505481829765,0.02025,12.566040023633628,4.903902569435409,0.0,0.0
a058_1,a058,0,yaw,7895,0.29672458500524584,0.559821193429585,0.0060797973400886635,4.404785862938639,7.717543092006327,0.0,0.0
a058_1,a058,0,hn,7895,0.3049380470141581,0.5684649977258412,0.005699810006333122,4.039931439776015,7.755899168880942,0.0,0.0
a058_1,a058,1,yaw,7895,0.2854451341199302,0.5766566045640801,0.005699810006333122,5.534744839908073,7.364109350697239,0.0,0.0
a058_1,a058,1,hn,7895,0.2899953607439205,0.5822913413242128,0.006586447118429386,3.9122020233368846,7.397014872867899,0.0,0.0
a058_1,a058,2,yaw,7895,0.30868110091806256,0.5991032592143511,0.005573147561747942,5.494549185462011,8.112459602027709,0.0,0.0
a058_1,a058,2,hn,7895,0.28793775093857665,0.5667591898465614,0.0053198226725775805,4.210383972202737,7.298133276330257,0.0,0.0
a058_1,a058,3,yaw,7895,0.3059964357044092,0.5844526044263689,0.0037998733375554147,4.790381667053344,7.989965931656877,0.0,0.0
a058_1,a058,3,hn,7895,0.3295368952139155,0.6045605122296965,0.0059531348955034835,4.541368276864266,8.604450380069943,0.0,0.0
a058_2,a058,0,yaw,13234,0.1637532969262939,0.3254395649256658,0.0,3.363871461691517,4.142395372148445,0.0,0.0
a058_2,a058,0,hn,13234,0.14678164562862359,0.29874126231128256,0.0008311923832552517,2.4036625511826815,3.5229940338403387,0.0,0.0
a058_2,a058,1,yaw,13234,0.16114363714010854,0.3220507343368594,0.0001511258878645912,3.4400547078425707,3.9420405859967675,0.0,0.0
a058_2,a058,1,hn,13234,0.16188832933336839,0.3316297026975377,0.0005289406075260693,2.8986238534179862,3.9636118197932304,0.0,0.0
a058_2,a058,2,yaw,13234,0.14108753433898444,0.29031968642793415,0.0004533776635937736,2.982634415659436,3.4183924273352386,0.0,0.0
a058_2,a058,2,hn,13234,0.1675371686226924,0.3385491475721254,0.0009823182711198428,2.8075693873953504,4.1071938968026735,0.0,0.0
a058_2,a058,3,yaw,13234,0.1674485545592054,0.3409370506236997,0.0,5.445300026715801,4.098688650547254,0.0,0.0
a058_2,a058,3,hn,13234,0.1415119756410575,0.2911731413892106,7.55629439322956e-05,2.3264626279772345,3.2553629438164084,0.0,0.0
a058_3,a058,0,yaw,13020,0.2654280068797638,0.5603297125231105,0.004608294930875576,4.375016022658675,5.646703479113117,0.0,0.0
a058_3,a058,0,hn,13020,0.2524488903429322,0.5796485628947478,0.007296466973886329,3.3390174977661142,4.961353812867487,0.0,0.0
a058_3,a058,1,yaw,13020,0.26104873987088395,0.5624442805093066,0.003686635944700461,3.7893998110735057,5.214855498135751,0.0,0.0
a058_3,a058,1,hn,13020,0.2621920020976487,0.5861395396629208,0.007526881720430108,3.2329501561068406,5.116653255590769,0.0,0.0
a058_3,a058,2,yaw,13020,0.2408832392493284,0.540074919492597,0.003763440860215054,4.009058652876482,4.8605268595968285,0.0,0.0
a058_3,a058,2,hn,13020,0.2582433506745453,0.5485555826609899,0.0066820276497695855,3.3377158909035445,5.0705359034712805,0.0,0.0
a058_3,a058,3,yaw,13020,0.2567518853136273,0.527360121774841,0.002534562211981567,4.356055083689077,5.192839186283522,0.0,0.0
a058_3,a058,3,hn,13020,0.24298500298785222,0.5767581855629907,0.006528417818740399,3.2133119507300347,4.743293115975184,0.0,0.0
