subject,arm,horizon_seconds,total_squared_m,sequence_mean_squared_m,centered_squared_m,cross_squared_m
a006,hn,1,0.0379406479777255,0.00014107816842137498,0.037799674150929274,-1.0434162520433342e-07
a006,hn,5,0.623071224329599,0.0035269542105359746,0.6195477788398867,-3.508720823654381e-06
a006,hn,10,2.1058209260456846,0.014107816842143975,2.0909888924534585,0.000724216750081925
a006,hn,30,12.488093991178724,0.12697035157929612,12.331125263960336,0.029998375639091503
a006,hn,60,27.97927954781934,0.5078814063171846,27.15944702714326,0.31195111435889733
a006,hn,120,40.607673061846114,2.0315256252687384,37.850537289448226,0.7256101471291462
a006,yaw,1,0.03544730006398038,0.00017880781669672068,0.035268527348572096,-3.5101288499238966e-08
a006,yaw,5,0.5850332186623108,0.004470195417418375,0.5805695674479258,-6.5442030333987054e-06
a006,yaw,10,1.9987320666450885,0.017880781669673575,1.980045963809771,0.00080532116564435
a006,yaw,30,12.072919913720591,0.16092703502706246,11.877788207158233,0.034204671535295925
a006,yaw,60,27.0762184069415,0.6437081401082501,26.086993214005606,0.34551705282764433
a006,yaw,120,37.461883282310225,2.5748325604330002,34.109895162310735,0.777155559566491
a019,hn,1,0.11944579149694297,0.000748399953859025,0.1186966712016343,7.203414496122688e-07
a019,hn,5,1.810226382924075,0.018709998846476224,1.7909249928626745,0.0005913912149245
a019,hn,10,5.50884176254676,0.07483999538590495,5.425708229847164,0.008293537313691274
a019,hn,30,29.056648476687528,0.6735599584731449,28.331123492693678,0.0519650255207001
a019,hn,60,64.7814370329333,2.6942398338925795,62.55314252941588,-0.46594533037517016
a019,hn,120,126.69560821299548,10.776959335570318,112.00949235033215,3.909156527093025
a019,yaw,1,0.10801954071285917,0.0006900393747369501,0.10732812856275442,1.3727753677562455e-06
a019,yaw,5,1.64776243778329,0.01725098436842485,1.6301903882134472,0.00032106520141765
a019,yaw,10,4.931477845117982,0.06900393747369953,4.858561856589031,0.003912051055251975
a019,yaw,30,26.992745622069446,0.6210354372632962,26.4601132093665,-0.08840302456035244
a019,yaw,60,61.38790562484443,2.484141749053185,59.86437142690503,-0.9606075511137904
a019,yaw,120,109.78357170081277,9.93656699621274,96.88571422370968,2.9612904808903333
a024,hn,1,0.09206534780908145,0.0001748964152252612,0.09188932850598312,1.1228878730449976e-06
a024,hn,5,1.4365385667511599,0.004372410380632612,1.432142634350985,2.3522019542350495e-05
a024,hn,10,4.403033252443006,0.017489641522530564,4.3858304701667485,-0.00028685924627298745
a024,hn,30,17.254474908505554,0.1574067737027755,17.176116100720122,-0.07904796591734498
a024,hn,60,20.480983182173695,0.6296270948111021,20.140681976174974,-0.2893258888123848
a024,hn,120,27.054721592306734,2.5185083792444085,23.07596432098199,1.4602488920803338
a024,yaw,1,0.08024567054759246,0.0002839345398036561,0.07995989807675728,1.8379310314775149e-06
a024,yaw,5,1.217625697787227,0.007098363495092351,1.2104536215899038,7.371270223096479e-05
a024,yaw,10,3.6657902935709448,0.0283934539803695,3.6375515701160657,-0.00015473052549098748
a024,yaw,30,14.269724726457705,0.2555410858233259,14.09948611297363,-0.08530247233924994
a024,yaw,60,18.15490274144762,1.0221643432933036,17.393717794257604,-0.2609793961032877
a024,yaw,120,26.505879834888702,4.0886573731732145,20.615839084047984,1.8013833776675088
a029,hn,1,0.07959108262286849,0.0002454264207504644,0.0793446881678422,9.680342757858173e-07
a029,hn,5,1.6370969269798217,0.006135660518762024,1.6308238947532803,0.00013737170777908836
a029,hn,10,5.428618381064648,0.024542642075048214,5.403171892826031,0.0009038461635682355
a029,hn,30,25.744519242071494,0.22088377867543438,25.506066902380905,0.017568561015153947
a029,hn,60,45.17438333509538,0.8835351147017376,44.33545653849256,-0.04460831809891227
a029,hn,120,34.577275700871915,3.5341404588069505,28.23399461800765,2.80914062405732
a029,yaw,1,0.08103743207171535,0.00046952604272154104,0.080565898640726,2.0073882677665804e-06
a029,yaw,5,1.6795189256916063,0.011738151068039137,1.667504255373807,0.00027651924975985725
a029,yaw,10,5.622540792031342,0.04695260427215677,5.573515501766672,0.0020726859925126124
a029,yaw,30,27.681279591619607,0.42257343844941136,27.212507608997527,0.04619854417266744
a029,yaw,60,50.224393270975,1.6902937537976457,48.46312140602451,0.07097811115283159
a029,yaw,120,44.19098930644944,6.761175015190583,33.42584253173908,4.003971759519773
a032,hn,1,0.1859060817863034,0.0003290962459950198,0.18557566884720106,1.3166931073407814e-06
a032,hn,5,3.470620966177938,0.008227406149876451,3.4622375210921223,0.00015603893593906204
a032,hn,10,12.100653675755837,0.03290962459950592,12.0667073776432,0.00103667351313152
a032,hn,30,77.08883441750581,0.29618662139555363,76.81295514728896,-0.020307351178695827
a032,hn,60,173.95817803435173,1.1847464855822145,172.95173528074145,-0.17830373197188765
a032,hn,120,168.05290170203182,4.738985942328858,161.33672249450805,1.9771932651949062
a032,yaw,1,0.13196796004700195,0.000707126520254525,0.1312579832171813,2.8503095660827884e-06
a032,yaw,5,2.337806706388991,0.017678163006364402,2.319795884695689,0.0003326586869373
a032,yaw,10,8.066647519675605,0.07071265202545779,7.9936049311175585,0.00232993653258775
a032,yaw,30,50.93898463030271,0.6364138682291207,50.25301429687836,0.049556465195227786
a032,yaw,60,117.71073446208192,2.545655472916483,114.7605894635265,0.40448952563892504
a032,yaw,120,123.24604670604674,10.182621891665931,110.10640994794929,2.957014866431539
a042,hn,1,0.04121640582943225,0.0002499009061244,0.040966014794554674,4.901287531404487e-07
a042,hn,5,0.5983179328102456,0.0062475226531116,0.5919959887754023,7.442138173169944e-05
a042,hn,10,1.8455409364402113,0.024990090612446527,1.8204143249524305,0.00013652087533423665
a042,hn,30,10.170710947452527,0.22491081551201925,9.961732328770937,-0.015932196830431074
a042,hn,60,23.047318677462634,0.8996432620480772,22.57805149523124,-0.43037607981667986
a042,hn,120,27.20368124095124,3.598573048192309,27.78669512850088,-4.181586935741952
a042,yaw,1,0.032180558849069375,0.0005101885452439,0.0316691331876909,1.237116134505228e-06
a042,yaw,5,0.4506190455095144,0.012754713631098976,0.4377014945094375,0.0001628373689778336
a042,yaw,10,1.360280596659159,0.051018854524396126,1.308526220900532,0.000735521234230625
a042,yaw,30,7.164377886245672,0.45916969071956565,6.70818571077385,-0.0029775152477433497
a042,yaw,60,16.50448713983723,1.8366787628782626,14.963755781452337,-0.2959474044933656
a042,yaw,120,22.97542597031988,7.34671505151305,18.11728483886108,-2.48857392005425
a049,hn,1,0.05425821841860746,4.747719044907747e-05,0.05421061807029862,1.2315785976228642e-07
a049,hn,5,1.0747907378054917,0.0011869297612269545,1.0735795630791238,2.4244965140933397e-05
a049,hn,10,3.612291798841621,0.004747719044907942,3.607450547866128,9.3531930585266e-05
a049,hn,30,18.348736295534465,0.042729471404171875,18.30235004184365,0.0036567822866452834
a049,hn,60,31.411655238017584,0.17091788561668755,31.376371752976155,-0.13563440057525766
a049,hn,120,31.174384252730835,0.6836715424667504,30.28555166670458,0.20516104355950285
a049,yaw,1,0.049808791010689885,0.000192329645961187,0.04961588191176467,5.794529640069822e-07
a049,yaw,5,0.9876639692526282,0.004808241149030425,0.9827666871976218,8.904090597581837e-05
a049,yaw,10,3.309501579211424,0.019232964596121876,3.289565112206795,0.000703502408507145
a049,yaw,30,16.705424390213185,0.1730966813650973,16.506374861538298,0.025952847309793234
a049,yaw,60,28.53722820857739,0.6923867254603894,27.6842728829095,0.16056860020749628
a049,yaw,120,29.8429914447329,2.7695469018415575,25.916069102259755,1.157375440631583
a050,hn,1,0.11418041992596828,0.003772692972860376,0.11038768901644859,2.0037936659313555e-05
a050,hn,5,2.2072727195674853,0.09431732432151019,2.110288749916837,0.0026666453291380975
a050,hn,10,7.61882637791542,0.3772692972860408,7.221083699069141,0.020473381560237126
a050,hn,30,44.314545920379985,3.395423675574367,40.31254185699615,0.6065803878094649
a050,hn,60,111.0096249767222,13.581694702297469,93.11532587108351,4.312604403341208
a050,hn,120,216.94893518618892,54.326778809189875,157.16071856875004,5.461437808249025
a050,yaw,1,0.09809591771118994,0.0018732544304940124,0.0962130825609665,9.580719729382422e-06
a050,yaw,5,1.8432122571333223,0.04683136076235179,1.795078421605358,0.0013024747656124836
a050,yaw,10,6.278990878212769,0.1873254430494073,6.081338586081889,0.010326849081472245
a050,yaw,30,36.233430679223005,1.6859289874446657,34.178144790763625,0.3693569010147189
a050,yaw,60,89.84589814901041,6.743715949778663,80.4170868590988,2.68509534013293
a050,yaw,120,170.72829100960024,26.97486379911465,140.5719798412162,3.1814473692693923
a051,hn,1,0.0376422144477756,0.0001422830041231106,0.03749954624011031,3.852035421816281e-07
a051,hn,5,0.5738150596574699,0.0035570751030780667,0.5701715302673243,8.645428706747398e-05
a051,hn,10,1.7823390644225094,0.014228300412312407,1.7670373450682495,0.0010734189419476666
a051,hn,30,9.073545198813227,0.12805470371081212,8.930917915519233,0.014572579583180268
a051,hn,60,18.818275924022867,0.5122188148432487,18.160496494803194,0.145560614376424
a051,hn,120,37.28479303729101,2.0488752593729944,34.85283836695299,0.3830794109650257
a051,yaw,1,0.0371426549702781,9.713918622346985e-05,0.03704520757249741,3.082115571999474e-07
a051,yaw,5,0.6036221802661117,0.0024284796555873165,0.6011222642603176,7.143635020678924e-05
a051,yaw,10,1.916313602498869,0.009713918622349391,1.9056309784222514,0.0009687054542681957
a051,yaw,30,10.02791364881962,0.08742526760114484,9.92261148288201,0.01787689833646374
a051,yaw,60,21.006294948218734,0.3497010704045796,20.476104553339944,0.18048932447421354
a051,yaw,120,40.42378236540988,1.3988042816183184,38.48288616249067,0.5420919213008857
a052,hn,1,0.20652029001392294,0.00106583880966505,0.20545331929640184,1.131907856025507e-06
a052,hn,5,3.552214523003006,0.026645970241626675,3.5244361170152194,0.001132435746159925
a052,hn,10,11.627107797927195,0.10658388096650695,11.514945229939809,0.005578687020877775
a052,hn,30,65.03408363965274,0.9592549286985629,64.1353189336873,-0.0604902227331143
a052,hn,60,149.06253244884138,3.8370197147942515,146.92107937255955,-1.6955666385124162
a052,hn,120,199.95907500706218,15.348078859177004,187.32987992788043,-2.7188837799952217
a052,yaw,1,0.17883779973372688,0.0009624153774672,0.17787294653652402,2.4378197355891215e-06
a052,yaw,5,2.9866598011000836,0.024060384436681275,2.961552258843849,0.0010471578195528001
a052,yaw,10,9.583755523714753,0.09624153774672531,9.482829611079934,0.004684374888094825
a052,yaw,30,52.8757521028235,0.8661738397205281,52.07531368495984,-0.0657354218568635
a052,yaw,60,115.80021721316156,3.4646953588821123,114.04002411478149,-1.7045022605020157
a052,yaw,120,146.49653639435127,13.85878143552845,134.35878400858573,-1.7210290497629142
a053,hn,1,0.03124546660352853,8.247309932699347e-05,0.031162841701695875,1.5180250564173766e-07
a053,hn,5,0.5922737290573331,0.002061827483175175,0.5901644798075442,4.74217666137379e-05
a053,hn,10,2.0322444866450966,0.008247309932700883,2.023525700944164,0.00047147576823212376
a053,hn,30,11.429609461870564,0.07422578939430845,11.355458253344358,-7.458086810078225e-05
a053,hn,60,19.25645811926125,0.296903157577234,19.094419718082644,-0.1348647563986287
a053,hn,120,10.508153990973305,1.187612630308936,10.102797228848646,-0.7822558681842778
a053,yaw,1,0.029312424427808,0.00020844569474571641,0.029103356812365255,6.219206970279804e-07
a053,yaw,5,0.5633556515011505,0.005211142368643325,0.558063098308346,8.141082416111671e-05
a053,yaw,10,1.9320285563536654,0.020844569474573468,1.9108270063321562,0.00035698054693569813
a053,yaw,30,10.8973702875713,0.18760112527116157,10.722118975092789,-0.012349812792648582
a053,yaw,60,19.233678668852708,0.7504045010846464,18.661145756449383,-0.17787158868131692
a053,yaw,120,12.863661553263592,3.0016180043385856,10.480617608806673,-0.6185740598816661
a054,hn,1,0.06850463138741499,0.0005869088121602545,0.06791475370609747,2.9688691572555358e-06
a054,hn,5,1.2835549288452537,0.014672720304006693,1.2684964300176906,0.0003857785235561284
a054,hn,10,4.337495197592525,0.0586908812160269,4.275575937362773,0.003228379013725819
a054,hn,30,22.353995238363794,0.5282179309442424,21.667853373260513,0.15792393415903797
a054,hn,60,38.92733694447499,2.1128717237769696,34.90448934815419,1.9099758725438203
a054,hn,120,45.96251718778163,8.451486895107879,32.08828885254534,5.422741440128406
a054,yaw,1,0.06340146767703846,0.000424356231417775,0.062975292757242,1.8186883786417454e-06
a054,yaw,5,1.2053778442093674,0.010608905785445702,1.19453552584518,0.00023341257874175638
a054,yaw,10,4.046841216164207,0.04243562314178297,4.002411666537815,0.0019939264846092915
a054,yaw,30,20.264010600855155,0.38192060827604707,19.79252514519872,0.08956484738038806
a054,yaw,60,33.0615961187408,1.5276824331041885,30.64431017423009,0.8896035114065238
a054,yaw,120,38.84918244663313,6.110729732416754,30.610360050997276,2.1280926632191037
a055,hn,1,0.22730380986773968,0.0015915484585405375,0.22570865364225942,3.6077669396429226e-06
a055,hn,5,3.619184117772044,0.039788711463515314,3.5789059168369093,0.0004894894716197
a055,hn,10,11.540727920290935,0.15915484585406142,11.378404382560085,0.0031686918767903248
a055,hn,30,56.06907195467821,1.4323936126865529,54.599179060822884,0.03749928116877065
a055,hn,60,86.51907716918656,5.729574450746211,80.18444214320915,0.6050605752312037
a055,hn,120,90.13567859144268,22.918297802984846,64.39520360147868,2.822177186979154
a055,yaw,1,0.2060591124724836,0.0012274126570022124,0.2048284966583392,3.2031571421813094e-06
a055,yaw,5,3.4726326778417684,0.030685316425056387,3.4415484536485814,0.000398907768130525
a055,yaw,10,11.295180567089709,0.12274126570022573,11.169588433584384,0.0028508678051001003
a055,yaw,30,56.39647757900161,1.1046713913020318,55.22649273942401,0.06531344827556551
a055,yaw,60,84.67792311795631,4.418685565208127,79.91161480772716,0.3476227450210208
a055,yaw,120,88.8954228524688,17.67474226083251,67.9568448180209,3.2638357736153916
a057,hn,1,0.09517091531366652,0.000583961921299146,0.09458648960949168,4.6378287565405527e-07
a057,hn,5,1.6843317866865835,0.014599048032479784,1.6695850667319132,0.00014767192219061458
a057,hn,10,5.525778675862118,0.058396192129919276,5.466152173430307,0.0012303103018934168
a057,hn,30,29.794690982152748,0.5255657291692738,29.29543948360971,-0.02631423062623357
a057,hn,60,55.01317439278531,2.102262916677095,52.976302356244766,-0.06539088013654909
a057,hn,120,72.01104461191805,8.40905166670838,68.30278993819479,-4.700796992985129
a057,yaw,1,0.08954156564895972,0.0009813132760130917,0.08855863368218093,1.6186907656593748e-06
a057,yaw,5,1.588295064060197,0.024532831900328494,1.5634611714182778,0.00030106074159074684
a057,yaw,10,5.237073932798589,0.09813132760131416,5.136526428335292,0.0024161768619846247
a057,yaw,30,28.657145034938964,0.8831819484118274,27.809299185571874,-0.035336099044737536
a057,yaw,60,53.036820169372966,3.5327277936473096,49.36411882908528,0.1399735466403761
a057,yaw,120,71.92070382916638,14.130911174589242,63.179837205265876,-5.390044550688729
a058,hn,1,0.0718773012426177,0.000221295589706048,0.0716550497843007,9.558686109276e-07
a058,hn,5,1.4532163426705094,0.005532389742651492,1.44755620391686,0.0001277490109981324
a058,hn,10,5.063088844375629,0.022129558970606117,5.038246870271768,0.0027124151332546483
a058,hn,30,31.249130976700712,0.19916603073545547,30.99663715969623,0.05332778626902501
a058,hn,60,64.7738994982006,0.7966641229418219,64.39281938599106,-0.41558401073227685
a058,hn,120,33.96881506929764,3.186656491767288,35.09249756943951,-4.3103389919091555
a058,yaw,1,0.07264442993738483,0.00043714477401233094,0.07220534993261717,1.9352307553028397e-06
a058,yaw,5,1.504809228012389,0.010928619350308885,1.4936308835198184,0.0002497251422616857
a058,yaw,10,5.302752022712873,0.04371447740123563,5.254662166920803,0.004375378390834851
a058,yaw,30,32.99672680805718,0.393430296611121,32.51466189838299,0.0886346130630707
a058,yaw,60,67.95353887780685,1.573721186444484,66.68657281406145,-0.3067551226990774
a058,yaw,120,38.54888848472361,6.294884745777936,36.380755495984914,-4.126751757039246
