sequence,subject,seed,arm,speed_lower,speed_upper,condition,windows,mean_error
a006_2,a006,0,yaw,0,0.3,near_jump,8704,0.048733768292415845
a006_2,a006,0,yaw,0,0.3,away,1823,0.0463474591886512
a006_2,a006,0,yaw,0.3,1,near_jump,4093,0.27854412969128456
a006_2,a006,0,yaw,0.3,1,away,1109,0.24831982192715876
a006_2,a006,0,yaw,1,2,near_jump,871,0.2867685541555046
a006_2,a006,0,yaw,1,2,away,137,0.374202636903833
a006_2,a006,0,hn,0,0.3,near_jump,8704,0.05991874202352984
a006_2,a006,0,hn,0,0.3,away,1823,0.05985324565794964
a006_2,a006,0,hn,0.3,1,near_jump,4093,0.2792998688968923
a006_2,a006,0,hn,0.3,1,away,1109,0.2655769329476293
a006_2,a006,0,hn,1,2,near_jump,871,0.2813472517990172
a006_2,a006,0,hn,1,2,away,137,0.3736395828867838
a006_2,a006,1,yaw,0,0.3,near_jump,8704,0.04536000743858012
a006_2,a006,1,yaw,0,0.3,away,1823,0.04588950231780889
a006_2,a006,1,yaw,0.3,1,near_jump,4093,0.27838717404030877
a006_2,a006,1,yaw,0.3,1,away,1109,0.25602240940282883
a006_2,a006,1,yaw,1,2,near_jump,871,0.2877788374245748
a006_2,a006,1,yaw,1,2,away,137,0.3508613578399658
a006_2,a006,1,hn,0,0.3,near_jump,8704,0.05918034695439875
a006_2,a006,1,hn,0,0.3,away,1823,0.05490525944865118
a006_2,a006,1,hn,0.3,1,near_jump,4093,0.2832446111455177
a006_2,a006,1,hn,0.3,1,away,1109,0.25649378608129214
a006_2,a006,1,hn,1,2,near_jump,871,0.24105568470143465
a006_2,a006,1,hn,1,2,away,137,0.31936857492074494
a006_2,a006,2,yaw,0,0.3,near_jump,8704,0.04796695394930937
a006_2,a006,2,yaw,0,0.3,away,1823,0.04756169032062222
a006_2,a006,2,yaw,0.3,1,near_jump,4093,0.27399096775223536
a006_2,a006,2,yaw,0.3,1,away,1109,0.24254264787350108
a006_2,a006,2,yaw,1,2,near_jump,871,0.26714699185886637
a006_2,a006,2,yaw,1,2,away,137,0.41178449455529786
a006_2,a006,2,hn,0,0.3,near_jump,8704,0.056302710407188816
a006_2,a006,2,hn,0,0.3,away,1823,0.05496233918875623
a006_2,a006,2,hn,0.3,1,near_jump,4093,0.2926910408304347
a006_2,a006,2,hn,0.3,1,away,1109,0.2882127021893996
a006_2,a006,2,hn,1,2,near_jump,871,0.283797422929188
a006_2,a006,2,hn,1,2,away,137,0.3894749601440039
a006_2,a006,3,yaw,0,0.3,near_jump,8704,0.046608044436786567
a006_2,a006,3,yaw,0,0.3,away,1823,0.0476500665487388
a006_2,a006,3,yaw,0.3,1,near_jump,4093,0.27751896812868854
a006_2,a006,3,yaw,0.3,1,away,1109,0.24044522311010888
a006_2,a006,3,yaw,1,2,near_jump,871,0.2866344407309642
a006_2,a006,3,yaw,1,2,away,137,0.3746848566229355
a006_2,a006,3,hn,0,0.3,near_jump,8704,0.05458597046474537
a006_2,a006,3,hn,0,0.3,away,1823,0.05533187776510938
a006_2,a006,3,hn,0.3,1,near_jump,4093,0.3004608894932675
a006_2,a006,3,hn,0.3,1,away,1109,0.2842343610577338
a006_2,a006,3,hn,1,2,near_jump,871,0.2711224719116566
a006_2,a006,3,hn,1,2,away,137,0.39484722405064676
a019_3,a019,0,yaw,0,0.3,near_jump,1614,0.1611215123083239
a019_3,a019,0,yaw,0,0.3,away,456,0.33187142134304526
a019_3,a019,0,yaw,0.3,1,near_jump,1604,0.33806657809453594
a019_3,a019,0,yaw,0.3,1,away,1374,0.28381990146336156
a019_3,a019,0,yaw,1,2,near_jump,1271,0.34044278240478426
a019_3,a019,0,yaw,1,2,away,2512,0.2643706734498936
a019_3,a019,0,hn,0,0.3,near_jump,1614,0.17212493680921379
a019_3,a019,0,hn,0,0.3,away,456,0.312235828384488
a019_3,a019,0,hn,0.3,1,near_jump,1604,0.35891052895879655
a019_3,a019,0,hn,0.3,1,away,1374,0.3279169762927181
a019_3,a019,0,hn,1,2,near_jump,1271,0.3852926200181876
a019_3,a019,0,hn,1,2,away,2512,0.28207003047542806
a019_3,a019,1,yaw,0,0.3,near_jump,1614,0.16172615370633553
a019_3,a019,1,yaw,0,0.3,away,456,0.30600730776550955
a019_3,a019,1,yaw,0.3,1,near_jump,1604,0.3501009012274079
a019_3,a019,1,yaw,0.3,1,away,1374,0.28643796829491464
a019_3,a019,1,yaw,1,2,near_jump,1271,0.33009585535732905
a019_3,a019,1,yaw,1,2,away,2512,0.25733784582738795
a019_3,a019,1,hn,0,0.3,near_jump,1614,0.1859928942199291
a019_3,a019,1,hn,0,0.3,away,456,0.35835802587430576
a019_3,a019,1,hn,0.3,1,near_jump,1604,0.3820894236852067
a019_3,a019,1,hn,0.3,1,away,1374,0.3430368932014103
a019_3,a019,1,hn,1,2,near_jump,1271,0.3711421144428682
a019_3,a019,1,hn,1,2,away,2512,0.2750797162842916
a019_3,a019,2,yaw,0,0.3,near_jump,1614,0.1538526588014273
a019_3,a019,2,yaw,0,0.3,away,456,0.3289499389650362
a019_3,a019,2,yaw,0.3,1,near_jump,1604,0.3163930527319332
a019_3,a019,2,yaw,0.3,1,away,1374,0.280546153415752
a019_3,a019,2,yaw,1,2,near_jump,1271,0.33697939295368895
a019_3,a019,2,yaw,1,2,away,2512,0.2475198364002668
a019_3,a019,2,hn,0,0.3,near_jump,1614,0.1686646548545007
a019_3,a019,2,hn,0,0.3,away,456,0.30499231842874036
a019_3,a019,2,hn,0.3,1,near_jump,1604,0.36329762190101117
a019_3,a019,2,hn,0.3,1,away,1374,0.33258790455699205
a019_3,a019,2,hn,1,2,near_jump,1271,0.3297585384227764
a019_3,a019,2,hn,1,2,away,2512,0.2580521558751986
a019_3,a019,3,yaw,0,0.3,near_jump,1614,0.1449056309188659
a019_3,a019,3,yaw,0,0.3,away,456,0.2949066188101549
a019_3,a019,3,yaw,0.3,1,near_jump,1604,0.3467459190060161
a019_3,a019,3,yaw,0.3,1,away,1374,0.3122460148902455
a019_3,a019,3,yaw,1,2,near_jump,1271,0.3134228000048049
a019_3,a019,3,yaw,1,2,away,2512,0.2532565579693728
a019_3,a019,3,hn,0,0.3,near_jump,1614,0.1619336398801752
a019_3,a019,3,hn,0,0.3,away,456,0.30808397507275015
a019_3,a019,3,hn,0.3,1,near_jump,1604,0.3715342331603751
a019_3,a019,3,hn,0.3,1,away,1374,0.34300351133145784
a019_3,a019,3,hn,1,2,near_jump,1271,0.3708483058446351
a019_3,a019,3,hn,1,2,away,2512,0.2838036914923987
a024_1,a024,0,yaw,0,0.3,near_jump,598,0.10302079388597624
a024_1,a024,0,yaw,0,0.3,away,201,0.11023980432130662
a024_1,a024,0,yaw,0.3,1,near_jump,4271,0.2522195868927726
a024_1,a024,0,yaw,0.3,1,away,1319,0.2582960775827575
a024_1,a024,0,yaw,1,2,near_jump,1654,0.4492730625666994
a024_1,a024,0,yaw,1,2,away,1103,0.3102492489577307
a024_1,a024,0,hn,0,0.3,near_jump,598,0.09821037057779654
a024_1,a024,0,hn,0,0.3,away,201,0.10822296719895208
a024_1,a024,0,hn,0.3,1,near_jump,4271,0.27285147039425633
a024_1,a024,0,hn,0.3,1,away,1319,0.26430632712106983
a024_1,a024,0,hn,1,2,near_jump,1654,0.489927659253322
a024_1,a024,0,hn,1,2,away,1103,0.37853735037064545
a024_1,a024,1,yaw,0,0.3,near_jump,598,0.11221689273298537
a024_1,a024,1,yaw,0,0.3,away,201,0.10107437961600275
a024_1,a024,1,yaw,0.3,1,near_jump,4271,0.2511819704816716
a024_1,a024,1,yaw,0.3,1,away,1319,0.2508522411564596
a024_1,a024,1,yaw,1,2,near_jump,1654,0.4658457644615759
a024_1,a024,1,yaw,1,2,away,1103,0.34238713642503404
a024_1,a024,1,hn,0,0.3,near_jump,598,0.0937471825219975
a024_1,a024,1,hn,0,0.3,away,201,0.11711725604571549
a024_1,a024,1,hn,0.3,1,near_jump,4271,0.2740080435053929
a024_1,a024,1,hn,0.3,1,away,1319,0.2902103144558928
a024_1,a024,1,hn,1,2,near_jump,1654,0.5312597605202082
a024_1,a024,1,hn,1,2,away,1103,0.3960152885325559
a024_1,a024,2,yaw,0,0.3,near_jump,598,0.09730819075452728
a024_1,a024,2,yaw,0,0.3,away,201,0.09099225255778697
a024_1,a024,2,yaw,0.3,1,near_jump,4271,0.24915708900031963
a024_1,a024,2,yaw,0.3,1,away,1319,0.24555608775221402
a024_1,a024,2,yaw,1,2,near_jump,1654,0.4290281785169925
a024_1,a024,2,yaw,1,2,away,1103,0.29714308195435085
a024_1,a024,2,hn,0,0.3,near_jump,598,0.108427173180442
a024_1,a024,2,hn,0,0.3,away,201,0.11333521472818386
a024_1,a024,2,hn,0.3,1,near_jump,4271,0.26339291500395273
a024_1,a024,2,hn,0.3,1,away,1319,0.2759700011277928
a024_1,a024,2,hn,1,2,near_jump,1654,0.5023322056672305
a024_1,a024,2,hn,1,2,away,1103,0.4050403143118112
a024_1,a024,3,yaw,0,0.3,near_jump,598,0.09464559313319422
a024_1,a024,3,yaw,0,0.3,away,201,0.10144386959942826
a024_1,a024,3,yaw,0.3,1,near_jump,4271,0.248485504914056
a024_1,a024,3,yaw,0.3,1,away,1319,0.2570574676520453
a024_1,a024,3,yaw,1,2,near_jump,1654,0.46354189218239705
a024_1,a024,3,yaw,1,2,away,1103,0.3024024666478924
a024_1,a024,3,hn,0,0.3,near_jump,598,0.11400459663449475
a024_1,a024,3,hn,0,0.3,away,201,0.11067080545528056
a024_1,a024,3,hn,0.3,1,near_jump,4271,0.27025331315314943
a024_1,a024,3,hn,0.3,1,away,1319,0.2743296690730279
a024_1,a024,3,hn,1,2,near_jump,1654,0.5034141778860496
a024_1,a024,3,hn,1,2,away,1103,0.3522682139983252
a024_3,a024,0,yaw,0,0.3,near_jump,3323,0.09141386625269506
a024_3,a024,0,yaw,0,0.3,away,506,0.09423788898138573
a024_3,a024,0,yaw,0.3,1,near_jump,2886,0.2579571223023451
a024_3,a024,0,yaw,0.3,1,away,3583,0.2615100027589514
a024_3,a024,0,yaw,1,2,near_jump,11,0.1606626749965316
a024_3,a024,0,yaw,1,2,away,54,0.23086902131107795
a024_3,a024,0,hn,0,0.3,near_jump,3323,0.09712848270785913
a024_3,a024,0,hn,0,0.3,away,506,0.12880949565943176
a024_3,a024,0,hn,0.3,1,near_jump,2886,0.28147322382472284
a024_3,a024,0,hn,0.3,1,away,3583,0.2511790063301276
a024_3,a024,0,hn,1,2,near_jump,11,0.16321214985838828
a024_3,a024,0,hn,1,2,away,54,0.2616095491976236
a024_3,a024,1,yaw,0,0.3,near_jump,3323,0.08848002242551986
a024_3,a024,1,yaw,0,0.3,away,506,0.1009556520129212
a024_3,a024,1,yaw,0.3,1,near_jump,2886,0.2531677904749416
a024_3,a024,1,yaw,0.3,1,away,3583,0.24960683487405655
a024_3,a024,1,yaw,1,2,near_jump,11,0.1304290436165574
a024_3,a024,1,yaw,1,2,away,54,0.200124635894875
a024_3,a024,1,hn,0,0.3,near_jump,3323,0.09894080997614736
a024_3,a024,1,hn,0,0.3,away,506,0.10930273494713055
a024_3,a024,1,hn,0.3,1,near_jump,2886,0.2863449265420238
a024_3,a024,1,hn,0.3,1,away,3583,0.2582830938498101
a024_3,a024,1,hn,1,2,near_jump,11,0.19725880618030942
a024_3,a024,1,hn,1,2,away,54,0.21022838787029982
a024_3,a024,2,yaw,0,0.3,near_jump,3323,0.09138794352762467
a024_3,a024,2,yaw,0,0.3,away,506,0.12062128321854204
a024_3,a024,2,yaw,0.3,1,near_jump,2886,0.2573271355626111
a024_3,a024,2,yaw,0.3,1,away,3583,0.250377706577883
a024_3,a024,2,yaw,1,2,near_jump,11,0.2516377697213892
a024_3,a024,2,yaw,1,2,away,54,0.21758002858068867
a024_3,a024,2,hn,0,0.3,near_jump,3323,0.09598662636433432
a024_3,a024,2,hn,0,0.3,away,506,0.11765253954277573
a024_3,a024,2,hn,0.3,1,near_jump,2886,0.29079847241763634
a024_3,a024,2,hn,0.3,1,away,3583,0.2498482208998075
a024_3,a024,2,hn,1,2,near_jump,11,0.13016176322979048
a024_3,a024,2,hn,1,2,away,54,0.19478246616854256
a024_3,a024,3,yaw,0,0.3,near_jump,3323,0.089153886167671
a024_3,a024,3,yaw,0,0.3,away,506,0.10763688467431265
a024_3,a024,3,yaw,0.3,1,near_jump,2886,0.25426553573626487
a024_3,a024,3,yaw,0.3,1,away,3583,0.24787812762574885
a024_3,a024,3,yaw,1,2,near_jump,11,0.1398710200916973
a024_3,a024,3,yaw,1,2,away,54,0.22713811496060782
a024_3,a024,3,hn,0,0.3,near_jump,3323,0.09822053699951712
a024_3,a024,3,hn,0,0.3,away,506,0.09875427748764606
a024_3,a024,3,hn,0.3,1,near_jump,2886,0.28367536416801664
a024_3,a024,3,hn,0.3,1,away,3583,0.2711889642234427
a024_3,a024,3,hn,1,2,near_jump,11,0.1641599981344638
a024_3,a024,3,hn,1,2,away,54,0.21804057851765465
a029_1,a029,0,yaw,0,0.3,near_jump,945,0.09580885005485361
a029_1,a029,0,yaw,0,0.3,away,122,0.0349490214442692
a029_1,a029,0,yaw,0.3,1,near_jump,3806,0.3889713791880752
a029_1,a029,0,yaw,0.3,1,away,833,0.3618941493129449
a029_1,a029,0,yaw,1,2,near_jump,1908,0.32498658504965977
a029_1,a029,0,yaw,1,2,away,783,0.1927289691329235
a029_1,a029,0,hn,0,0.3,near_jump,945,0.10894211089205051
a029_1,a029,0,hn,0,0.3,away,122,0.04958484504612577
a029_1,a029,0,hn,0.3,1,near_jump,3806,0.39262376698107393
a029_1,a029,0,hn,0.3,1,away,833,0.37035628083910277
a029_1,a029,0,hn,1,2,near_jump,1908,0.2943619269411994
a029_1,a029,0,hn,1,2,away,783,0.19626138189130723
a029_1,a029,1,yaw,0,0.3,near_jump,945,0.10390310951605534
a029_1,a029,1,yaw,0,0.3,away,122,0.03588741881737083
a029_1,a029,1,yaw,0.3,1,near_jump,3806,0.3832815919766169
a029_1,a029,1,yaw,0.3,1,away,833,0.3544213257316776
a029_1,a029,1,yaw,1,2,near_jump,1908,0.272754919915469
a029_1,a029,1,yaw,1,2,away,783,0.26419052892244027
a029_1,a029,1,hn,0,0.3,near_jump,945,0.11069252102330059
a029_1,a029,1,hn,0,0.3,away,122,0.04977475955422542
a029_1,a029,1,hn,0.3,1,near_jump,3806,0.4039546499020909
a029_1,a029,1,hn,0.3,1,away,833,0.3792685486334374
a029_1,a029,1,hn,1,2,near_jump,1908,0.323372955186818
a029_1,a029,1,hn,1,2,away,783,0.23516315064810464
a029_1,a029,2,yaw,0,0.3,near_jump,945,0.09668707164002467
a029_1,a029,2,yaw,0,0.3,away,122,0.03648078577874519
a029_1,a029,2,yaw,0.3,1,near_jump,3806,0.39110714191516754
a029_1,a029,2,yaw,0.3,1,away,833,0.3576631481819884
a029_1,a029,2,yaw,1,2,near_jump,1908,0.3224530358709176
a029_1,a029,2,yaw,1,2,away,783,0.19768753924853832
a029_1,a029,2,hn,0,0.3,near_jump,945,0.11271347309904539
a029_1,a029,2,hn,0,0.3,away,122,0.055978820740208254
a029_1,a029,2,hn,0.3,1,near_jump,3806,0.3945145960403712
a029_1,a029,2,hn,0.3,1,away,833,0.36727324102576586
a029_1,a029,2,hn,1,2,near_jump,1908,0.3067240889152957
a029_1,a029,2,hn,1,2,away,783,0.2050120381379595
a029_1,a029,3,yaw,0,0.3,near_jump,945,0.10378548106143735
a029_1,a029,3,yaw,0,0.3,away,122,0.03623273143526927
a029_1,a029,3,yaw,0.3,1,near_jump,3806,0.4052732098008203
a029_1,a029,3,yaw,0.3,1,away,833,0.373152096657085
a029_1,a029,3,yaw,1,2,near_jump,1908,0.3450984223718668
a029_1,a029,3,yaw,1,2,away,783,0.21727382867527337
a029_1,a029,3,hn,0,0.3,near_jump,945,0.1122311361377223
a029_1,a029,3,hn,0,0.3,away,122,0.06228474590414184
a029_1,a029,3,hn,0.3,1,near_jump,3806,0.38677592312079945
a029_1,a029,3,hn,0.3,1,away,833,0.3638407714691737
a029_1,a029,3,hn,1,2,near_jump,1908,0.3185437983500794
a029_1,a029,3,hn,1,2,away,783,0.1942737149058972
a029_2,a029,0,yaw,0,0.3,near_jump,2691,0.054805994691664646
a029_2,a029,0,yaw,0,0.3,away,666,0.0431553241394072
a029_2,a029,0,yaw,0.3,1,near_jump,5023,0.1651226800965312
a029_2,a029,0,yaw,0.3,1,away,1314,0.16211379386786226
a029_2,a029,0,yaw,1,2,near_jump,495,0.20321409498776685
a029_2,a029,0,yaw,1,2,away,245,0.2985393683845222
a029_2,a029,0,hn,0,0.3,near_jump,2691,0.057615153392334036
a029_2,a029,0,hn,0,0.3,away,666,0.045381999666766086
a029_2,a029,0,hn,0.3,1,near_jump,5023,0.1683795458123795
a029_2,a029,0,hn,0.3,1,away,1314,0.15499718834659088
a029_2,a029,0,hn,1,2,near_jump,495,0.197944057773531
a029_2,a029,0,hn,1,2,away,245,0.2645370390012365
a029_2,a029,1,yaw,0,0.3,near_jump,2691,0.05276052870671432
a029_2,a029,1,yaw,0,0.3,away,666,0.0529883375971439
a029_2,a029,1,yaw,0.3,1,near_jump,5023,0.16132884377649298
a029_2,a029,1,yaw,0.3,1,away,1314,0.1682995633337088
a029_2,a029,1,yaw,1,2,near_jump,495,0.19787945839918777
a029_2,a029,1,yaw,1,2,away,245,0.3400821434704776
a029_2,a029,1,hn,0,0.3,near_jump,2691,0.05790687711214816
a029_2,a029,1,hn,0,0.3,away,666,0.05409971277403254
a029_2,a029,1,hn,0.3,1,near_jump,5023,0.1825238282024822
a029_2,a029,1,hn,0.3,1,away,1314,0.1848403098606861
a029_2,a029,1,hn,1,2,near_jump,495,0.21110045904555186
a029_2,a029,1,hn,1,2,away,245,0.30823070150009657
a029_2,a029,2,yaw,0,0.3,near_jump,2691,0.053468252616080465
a029_2,a029,2,yaw,0,0.3,away,666,0.054409207805994494
a029_2,a029,2,yaw,0.3,1,near_jump,5023,0.15915443977095634
a029_2,a029,2,yaw,0.3,1,away,1314,0.1601231590685975
a029_2,a029,2,yaw,1,2,near_jump,495,0.1847005985869273
a029_2,a029,2,yaw,1,2,away,245,0.29051875731990295
a029_2,a029,2,hn,0,0.3,near_jump,2691,0.058986325839904714
a029_2,a029,2,hn,0,0.3,away,666,0.05794239410445024
a029_2,a029,2,hn,0.3,1,near_jump,5023,0.16394214523534886
a029_2,a029,2,hn,0.3,1,away,1314,0.15203925722467673
a029_2,a029,2,hn,1,2,near_jump,495,0.19101608091942227
a029_2,a029,2,hn,1,2,away,245,0.25566469183623947
a029_2,a029,3,yaw,0,0.3,near_jump,2691,0.052204498753482466
a029_2,a029,3,yaw,0,0.3,away,666,0.05393044281323919
a029_2,a029,3,yaw,0.3,1,near_jump,5023,0.1561337869695799
a029_2,a029,3,yaw,0.3,1,away,1314,0.16068993161174328
a029_2,a029,3,yaw,1,2,near_jump,495,0.18113556599787728
a029_2,a029,3,yaw,1,2,away,245,0.27556203973793036
a029_2,a029,3,hn,0,0.3,near_jump,2691,0.05097111988099097
a029_2,a029,3,hn,0,0.3,away,666,0.07490884772349216
a029_2,a029,3,hn,0.3,1,near_jump,5023,0.16290004569150107
a029_2,a029,3,hn,0.3,1,away,1314,0.15391192918957067
a029_2,a029,3,hn,1,2,near_jump,495,0.2009493290195547
a029_2,a029,3,hn,1,2,away,245,0.27729810967364543
a032_1,a032,0,yaw,0,0.3,near_jump,679,0.08651666942627773
a032_1,a032,0,yaw,0,0.3,away,90,0.12839501606425083
a032_1,a032,0,yaw,0.3,1,near_jump,2163,0.2687262650696378
a032_1,a032,0,yaw,0.3,1,away,1183,0.19409339912561224
a032_1,a032,0,yaw,1,2,near_jump,3444,0.30221562560221904
a032_1,a032,0,yaw,1,2,away,981,0.22913876498008084
a032_1,a032,0,hn,0,0.3,near_jump,679,0.11245518508865807
a032_1,a032,0,hn,0,0.3,away,90,0.23065701643834838
a032_1,a032,0,hn,0.3,1,near_jump,2163,0.2814958476673742
a032_1,a032,0,hn,0.3,1,away,1183,0.1718773437435594
a032_1,a032,0,hn,1,2,near_jump,3444,0.31615036865835466
a032_1,a032,0,hn,1,2,away,981,0.2175713809363433
a032_1,a032,1,yaw,0,0.3,near_jump,679,0.10988295217069376
a032_1,a032,1,yaw,0,0.3,away,90,0.1551154027248684
a032_1,a032,1,yaw,0.3,1,near_jump,2163,0.2621343096414276
a032_1,a032,1,yaw,0.3,1,away,1183,0.18409627273937482
a032_1,a032,1,yaw,1,2,near_jump,3444,0.3015353205213683
a032_1,a032,1,yaw,1,2,away,981,0.22304269062943383
a032_1,a032,1,hn,0,0.3,near_jump,679,0.10275997957928139
a032_1,a032,1,hn,0,0.3,away,90,0.19535304452551566
a032_1,a032,1,hn,0.3,1,near_jump,2163,0.2860008196762457
a032_1,a032,1,hn,0.3,1,away,1183,0.18670768114109312
a032_1,a032,1,hn,1,2,near_jump,3444,0.3347985324878421
a032_1,a032,1,hn,1,2,away,981,0.22348248799304518
a032_1,a032,2,yaw,0,0.3,near_jump,679,0.09603410527698437
a032_1,a032,2,yaw,0,0.3,away,90,0.10722709132811495
a032_1,a032,2,yaw,0.3,1,near_jump,2163,0.262781493751602
a032_1,a032,2,yaw,0.3,1,away,1183,0.18418284427390325
a032_1,a032,2,yaw,1,2,near_jump,3444,0.2963588816800336
a032_1,a032,2,yaw,1,2,away,981,0.2197492842015622
a032_1,a032,2,hn,0,0.3,near_jump,679,0.1008300823457361
a032_1,a032,2,hn,0,0.3,away,90,0.2115581090623455
a032_1,a032,2,hn,0.3,1,near_jump,2163,0.28651560189978936
a032_1,a032,2,hn,0.3,1,away,1183,0.1730000237310639
a032_1,a032,2,hn,1,2,near_jump,3444,0.32678840321263897
a032_1,a032,2,hn,1,2,away,981,0.22486879691616193
a032_1,a032,3,yaw,0,0.3,near_jump,679,0.09939168358889847
a032_1,a032,3,yaw,0,0.3,away,90,0.12309783734364357
a032_1,a032,3,yaw,0.3,1,near_jump,2163,0.2593944659956361
a032_1,a032,3,yaw,0.3,1,away,1183,0.198426075691356
a032_1,a032,3,yaw,1,2,near_jump,3444,0.2911272844285305
a032_1,a032,3,yaw,1,2,away,981,0.2251670125716062
a032_1,a032,3,hn,0,0.3,near_jump,679,0.09661337960438221
a032_1,a032,3,hn,0,0.3,away,90,0.2421872044289658
a032_1,a032,3,hn,0.3,1,near_jump,2163,0.2634671845719975
a032_1,a032,3,hn,0.3,1,away,1183,0.18112269693968003
a032_1,a032,3,hn,1,2,near_jump,3444,0.30055744813569746
a032_1,a032,3,hn,1,2,away,981,0.21795506300399203
a032_3,a032,0,yaw,0,0.3,near_jump,2509,0.05096894353885115
a032_3,a032,0,yaw,0,0.3,away,430,0.1369624990772554
a032_3,a032,0,yaw,0.3,1,near_jump,2251,0.4030991125475771
a032_3,a032,0,yaw,0.3,1,away,3099,0.430279841845683
a032_3,a032,0,yaw,1,2,near_jump,2235,0.5286752848023581
a032_3,a032,0,yaw,1,2,away,3309,0.43801770687859065
a032_3,a032,0,hn,0,0.3,near_jump,2509,0.05208002618737937
a032_3,a032,0,hn,0,0.3,away,430,0.12466164570492906
a032_3,a032,0,hn,0.3,1,near_jump,2251,0.6066046507311175
a032_3,a032,0,hn,0.3,1,away,3099,0.6160402718945923
a032_3,a032,0,hn,1,2,near_jump,2235,0.7393301315095656
a032_3,a032,0,hn,1,2,away,3309,0.6696006342372014
a032_3,a032,1,yaw,0,0.3,near_jump,2509,0.050407755153035715
a032_3,a032,1,yaw,0,0.3,away,430,0.14102610938895757
a032_3,a032,1,yaw,0.3,1,near_jump,2251,0.4544941970875936
a032_3,a032,1,yaw,0.3,1,away,3099,0.43294119112103935
a032_3,a032,1,yaw,1,2,near_jump,2235,0.5681395024834707
a032_3,a032,1,yaw,1,2,away,3309,0.44896771038734334
a032_3,a032,1,hn,0,0.3,near_jump,2509,0.05711847123819012
a032_3,a032,1,hn,0,0.3,away,430,0.162331856880846
a032_3,a032,1,hn,0.3,1,near_jump,2251,0.5178103883534222
a032_3,a032,1,hn,0.3,1,away,3099,0.49656040318343597
a032_3,a032,1,hn,1,2,near_jump,2235,0.6112503679353174
a032_3,a032,1,hn,1,2,away,3309,0.5306588911540755
a032_3,a032,2,yaw,0,0.3,near_jump,2509,0.053330086918357784
a032_3,a032,2,yaw,0,0.3,away,430,0.12352675608831365
a032_3,a032,2,yaw,0.3,1,near_jump,2251,0.44584692956463984
a032_3,a032,2,yaw,0.3,1,away,3099,0.43507481567332523
a032_3,a032,2,yaw,1,2,near_jump,2235,0.5107943486494342
a032_3,a032,2,yaw,1,2,away,3309,0.4441243535341364
a032_3,a032,2,hn,0,0.3,near_jump,2509,0.05385262187058728
a032_3,a032,2,hn,0,0.3,away,430,0.1406661958155109
a032_3,a032,2,hn,0.3,1,near_jump,2251,0.5602310782385311
a032_3,a032,2,hn,0.3,1,away,3099,0.5876923972884923
a032_3,a032,2,hn,1,2,near_jump,2235,0.6773877735948425
a032_3,a032,2,hn,1,2,away,3309,0.6321181931015857
a032_3,a032,3,yaw,0,0.3,near_jump,2509,0.053181216029829594
a032_3,a032,3,yaw,0,0.3,away,430,0.11908877278496972
a032_3,a032,3,yaw,0.3,1,near_jump,2251,0.4826599432194592
a032_3,a032,3,yaw,0.3,1,away,3099,0.46072745412772853
a032_3,a032,3,yaw,1,2,near_jump,2235,0.534660048644817
a032_3,a032,3,yaw,1,2,away,3309,0.4772048559051201
a032_3,a032,3,hn,0,0.3,near_jump,2509,0.05524675431333084
a032_3,a032,3,hn,0,0.3,away,430,0.14828392438981247
a032_3,a032,3,hn,0.3,1,near_jump,2251,0.5997121544445457
a032_3,a032,3,hn,0.3,1,away,3099,0.5358948239080988
a032_3,a032,3,hn,1,2,near_jump,2235,0.6345162311469243
a032_3,a032,3,hn,1,2,away,3309,0.5458358373960455
a042_2,a042,0,yaw,0,0.3,near_jump,4582,0.06001858433036299
a042_2,a042,0,yaw,0,0.3,away,888,0.028347341484705357
a042_2,a042,0,yaw,0.3,1,near_jump,2604,0.2433706483588737
a042_2,a042,0,yaw,0.3,1,away,2780,0.1594021220212061
a042_2,a042,0,yaw,1,2,near_jump,156,0.207357070185787
a042_2,a042,0,yaw,1,2,away,3303,0.20951495378117277
a042_2,a042,0,hn,0,0.3,near_jump,4582,0.06655123959432019
a042_2,a042,0,hn,0,0.3,away,888,0.03569655568474846
a042_2,a042,0,hn,0.3,1,near_jump,2604,0.2795555611242204
a042_2,a042,0,hn,0.3,1,away,2780,0.21127036758587772
a042_2,a042,0,hn,1,2,near_jump,156,0.2565962524311596
a042_2,a042,0,hn,1,2,away,3303,0.25098175158236735
a042_2,a042,1,yaw,0,0.3,near_jump,4582,0.06335873521069126
a042_2,a042,1,yaw,0,0.3,away,888,0.032827087897731325
a042_2,a042,1,yaw,0.3,1,near_jump,2604,0.25189500226753175
a042_2,a042,1,yaw,0.3,1,away,2780,0.172673033615938
a042_2,a042,1,yaw,1,2,near_jump,156,0.2273342351197165
a042_2,a042,1,yaw,1,2,away,3303,0.21888616985387732
a042_2,a042,1,hn,0,0.3,near_jump,4582,0.06836960085333467
a042_2,a042,1,hn,0,0.3,away,888,0.039022641868060405
a042_2,a042,1,hn,0.3,1,near_jump,2604,0.28871663198235414
a042_2,a042,1,hn,0.3,1,away,2780,0.19402991014284038
a042_2,a042,1,hn,1,2,near_jump,156,0.22614663821044806
a042_2,a042,1,hn,1,2,away,3303,0.25564642677697247
a042_2,a042,2,yaw,0,0.3,near_jump,4582,0.05624642448111806
a042_2,a042,2,yaw,0,0.3,away,888,0.027920225462282913
a042_2,a042,2,yaw,0.3,1,near_jump,2604,0.2502693988591273
a042_2,a042,2,yaw,0.3,1,away,2780,0.16219905467296397
a042_2,a042,2,yaw,1,2,near_jump,156,0.22940448645095535
a042_2,a042,2,yaw,1,2,away,3303,0.2002529334100562
a042_2,a042,2,hn,0,0.3,near_jump,4582,0.06601212526352819
a042_2,a042,2,hn,0,0.3,away,888,0.03745770781675707
a042_2,a042,2,hn,0.3,1,near_jump,2604,0.28166543427342905
a042_2,a042,2,hn,0.3,1,away,2780,0.18180510121106502
a042_2,a042,2,hn,1,2,near_jump,156,0.22965379625984986
a042_2,a042,2,hn,1,2,away,3303,0.24666489957378152
a042_2,a042,3,yaw,0,0.3,near_jump,4582,0.05742469614671234
a042_2,a042,3,yaw,0,0.3,away,888,0.029533238249745825
a042_2,a042,3,yaw,0.3,1,near_jump,2604,0.2486454146279956
a042_2,a042,3,yaw,0.3,1,away,2780,0.17177286626646615
a042_2,a042,3,yaw,1,2,near_jump,156,0.20185544945857636
a042_2,a042,3,yaw,1,2,away,3303,0.2158341555687067
a042_2,a042,3,hn,0,0.3,near_jump,4582,0.06579947350892924
a042_2,a042,3,hn,0,0.3,away,888,0.04186993654142099
a042_2,a042,3,hn,0.3,1,near_jump,2604,0.26449123884457015
a042_2,a042,3,hn,0.3,1,away,2780,0.19041969368535938
a042_2,a042,3,hn,1,2,near_jump,156,0.27028507828400633
a042_2,a042,3,hn,1,2,away,3303,0.29453671474410364
a049_1,a049,0,yaw,0,0.3,near_jump,1530,0.05053407067925505
a049_1,a049,0,yaw,0,0.3,away,135,0.03567504341591581
a049_1,a049,0,yaw,0.3,1,near_jump,1143,0.18151204644238264
a049_1,a049,0,yaw,0.3,1,away,179,0.23188812234677486
a049_1,a049,0,yaw,1,2,near_jump,3607,0.33538609540935016
a049_1,a049,0,yaw,1,2,away,323,0.415416615201378
a049_1,a049,0,hn,0,0.3,near_jump,1530,0.052477901070134336
a049_1,a049,0,hn,0,0.3,away,135,0.04207740076277927
a049_1,a049,0,hn,0.3,1,near_jump,1143,0.19871504741313128
a049_1,a049,0,hn,0.3,1,away,179,0.23387145295160314
a049_1,a049,0,hn,1,2,near_jump,3607,0.3863256478975309
a049_1,a049,0,hn,1,2,away,323,0.44367843447121574
a049_1,a049,1,yaw,0,0.3,near_jump,1530,0.04629358679732144
a049_1,a049,1,yaw,0,0.3,away,135,0.04572726802185371
a049_1,a049,1,yaw,0.3,1,near_jump,1143,0.18443028875533268
a049_1,a049,1,yaw,0.3,1,away,179,0.22564526886893477
a049_1,a049,1,yaw,1,2,near_jump,3607,0.3165101832017122
a049_1,a049,1,yaw,1,2,away,323,0.40466758964731697
a049_1,a049,1,hn,0,0.3,near_jump,1530,0.05475040811306643
a049_1,a049,1,hn,0,0.3,away,135,0.03824608614797069
a049_1,a049,1,hn,0.3,1,near_jump,1143,0.2106839010644322
a049_1,a049,1,hn,0.3,1,away,179,0.24528943893092225
a049_1,a049,1,hn,1,2,near_jump,3607,0.4253257982165473
a049_1,a049,1,hn,1,2,away,323,0.4525831963331551
a049_1,a049,2,yaw,0,0.3,near_jump,1530,0.05456560117249584
a049_1,a049,2,yaw,0,0.3,away,135,0.04605735573523712
a049_1,a049,2,yaw,0.3,1,near_jump,1143,0.1790983602587844
a049_1,a049,2,yaw,0.3,1,away,179,0.22188582963843614
a049_1,a049,2,yaw,1,2,near_jump,3607,0.34147208590175454
a049_1,a049,2,yaw,1,2,away,323,0.4143592213955994
a049_1,a049,2,hn,0,0.3,near_jump,1530,0.05123721892001536
a049_1,a049,2,hn,0,0.3,away,135,0.03466423040111708
a049_1,a049,2,hn,0.3,1,near_jump,1143,0.18569013364643266
a049_1,a049,2,hn,0.3,1,away,179,0.22651295766406496
a049_1,a049,2,hn,1,2,near_jump,3607,0.36375133043572916
a049_1,a049,2,hn,1,2,away,323,0.387877914661864
a049_1,a049,3,yaw,0,0.3,near_jump,1530,0.04857045369403582
a049_1,a049,3,yaw,0,0.3,away,135,0.04004583602835328
a049_1,a049,3,yaw,0.3,1,near_jump,1143,0.17630298357366764
a049_1,a049,3,yaw,0.3,1,away,179,0.22913509401572982
a049_1,a049,3,yaw,1,2,near_jump,3607,0.3407320822276338
a049_1,a049,3,yaw,1,2,away,323,0.41871425317927324
a049_1,a049,3,hn,0,0.3,near_jump,1530,0.05214975545899534
a049_1,a049,3,hn,0,0.3,away,135,0.03690841555981161
a049_1,a049,3,hn,0.3,1,near_jump,1143,0.2048749837538505
a049_1,a049,3,hn,0.3,1,away,179,0.25768437923064064
a049_1,a049,3,hn,1,2,near_jump,3607,0.39117073022168064
a049_1,a049,3,hn,1,2,away,323,0.4575575454404699
a049_2,a049,0,yaw,0,0.3,near_jump,1548,0.0814889868116049
a049_2,a049,0,yaw,0,0.3,away,164,0.1327966482586179
a049_2,a049,0,yaw,0.3,1,near_jump,1486,0.16847353474778945
a049_2,a049,0,yaw,0.3,1,away,123,0.17948748538607115
a049_2,a049,0,yaw,1,2,near_jump,8025,0.1461210429512694
a049_2,a049,0,yaw,1,2,away,1872,0.14308910384134507
a049_2,a049,0,hn,0,0.3,near_jump,1548,0.08140882019419497
a049_2,a049,0,hn,0,0.3,away,164,0.12641953451761997
a049_2,a049,0,hn,0.3,1,near_jump,1486,0.16801829546429092
a049_2,a049,0,hn,0.3,1,away,123,0.14411865135966023
a049_2,a049,0,hn,1,2,near_jump,8025,0.15847407811432912
a049_2,a049,0,hn,1,2,away,1872,0.15014531926316552
a049_2,a049,1,yaw,0,0.3,near_jump,1548,0.07633940075183987
a049_2,a049,1,yaw,0,0.3,away,164,0.17036058002089402
a049_2,a049,1,yaw,0.3,1,near_jump,1486,0.1543409257220504
a049_2,a049,1,yaw,0.3,1,away,123,0.17769175740930057
a049_2,a049,1,yaw,1,2,near_jump,8025,0.16133661342097402
a049_2,a049,1,yaw,1,2,away,1872,0.15860943890649945
a049_2,a049,1,hn,0,0.3,near_jump,1548,0.08112360969761478
a049_2,a049,1,hn,0,0.3,away,164,0.1269215826272482
a049_2,a049,1,hn,0.3,1,near_jump,1486,0.1775305422603958
a049_2,a049,1,hn,0.3,1,away,123,0.18197035295969594
a049_2,a049,1,hn,1,2,near_jump,8025,0.15062877101504743
a049_2,a049,1,hn,1,2,away,1872,0.14672190246842273
a049_2,a049,2,yaw,0,0.3,near_jump,1548,0.07575491423929152
a049_2,a049,2,yaw,0,0.3,away,164,0.16611805742946928
a049_2,a049,2,yaw,0.3,1,near_jump,1486,0.1684606521785542
a049_2,a049,2,yaw,0.3,1,away,123,0.16150881181131896
a049_2,a049,2,yaw,1,2,near_jump,8025,0.1377461459421566
a049_2,a049,2,yaw,1,2,away,1872,0.13572555174484255
a049_2,a049,2,hn,0,0.3,near_jump,1548,0.08243904844488496
a049_2,a049,2,hn,0,0.3,away,164,0.1450070894100248
a049_2,a049,2,hn,0.3,1,near_jump,1486,0.1730532632469022
a049_2,a049,2,hn,0.3,1,away,123,0.16748166209442714
a049_2,a049,2,hn,1,2,near_jump,8025,0.16044077530994647
a049_2,a049,2,hn,1,2,away,1872,0.15380990821997126
a049_2,a049,3,yaw,0,0.3,near_jump,1548,0.0823231205201307
a049_2,a049,3,yaw,0,0.3,away,164,0.13921920792918796
a049_2,a049,3,yaw,0.3,1,near_jump,1486,0.17641097544476966
a049_2,a049,3,yaw,0.3,1,away,123,0.1594735655132231
a049_2,a049,3,yaw,1,2,near_jump,8025,0.1615645385471528
a049_2,a049,3,yaw,1,2,away,1872,0.15727482102190202
a049_2,a049,3,hn,0,0.3,near_jump,1548,0.0800018387547032
a049_2,a049,3,hn,0,0.3,away,164,0.12349808791267994
a049_2,a049,3,hn,0.3,1,near_jump,1486,0.17561842342033707
a049_2,a049,3,hn,0.3,1,away,123,0.1752628960891156
a049_2,a049,3,hn,1,2,near_jump,8025,0.15956803768252226
a049_2,a049,3,hn,1,2,away,1872,0.14931224530826886
a049_3,a049,0,yaw,0,0.3,near_jump,1394,0.04500213083340461
a049_3,a049,0,yaw,0,0.3,away,144,0.0504681514423359
a049_3,a049,0,yaw,0.3,1,near_jump,891,0.15137482823559972
a049_3,a049,0,yaw,0.3,1,away,249,0.1431958320743787
a049_3,a049,0,yaw,1,2,near_jump,6887,0.1730037606307075
a049_3,a049,0,yaw,1,2,away,3351,0.1772379638753437
a049_3,a049,0,hn,0,0.3,near_jump,1394,0.04664549591318654
a049_3,a049,0,hn,0,0.3,away,144,0.049741204791539505
a049_3,a049,0,hn,0.3,1,near_jump,891,0.14895845981736594
a049_3,a049,0,hn,0.3,1,away,249,0.12536814966291193
a049_3,a049,0,hn,1,2,near_jump,6887,0.16289763710268595
a049_3,a049,0,hn,1,2,away,3351,0.154314460833432
a049_3,a049,1,yaw,0,0.3,near_jump,1394,0.04767725619538429
a049_3,a049,1,yaw,0,0.3,away,144,0.05001108728574826
a049_3,a049,1,yaw,0.3,1,near_jump,891,0.1522055807249495
a049_3,a049,1,yaw,0.3,1,away,249,0.1312916977659825
a049_3,a049,1,yaw,1,2,near_jump,6887,0.19617701915705502
a049_3,a049,1,yaw,1,2,away,3351,0.18942978011286088
a049_3,a049,1,hn,0,0.3,near_jump,1394,0.05592203967920842
a049_3,a049,1,hn,0,0.3,away,144,0.05584609260144396
a049_3,a049,1,hn,0.3,1,near_jump,891,0.16153196224113883
a049_3,a049,1,hn,0.3,1,away,249,0.14536548910064442
a049_3,a049,1,hn,1,2,near_jump,6887,0.16741373037426155
a049_3,a049,1,hn,1,2,away,3351,0.18480705387393498
a049_3,a049,2,yaw,0,0.3,near_jump,1394,0.05030227029244297
a049_3,a049,2,yaw,0,0.3,away,144,0.04675237100522338
a049_3,a049,2,yaw,0.3,1,near_jump,891,0.15705247471051756
a049_3,a049,2,yaw,0.3,1,away,249,0.1443879973777196
a049_3,a049,2,yaw,1,2,near_jump,6887,0.16225605842328253
a049_3,a049,2,yaw,1,2,away,3351,0.16048884905906627
a049_3,a049,2,hn,0,0.3,near_jump,1394,0.04820436099749177
a049_3,a049,2,hn,0,0.3,away,144,0.04564057892704925
a049_3,a049,2,hn,0.3,1,near_jump,891,0.1542318740490675
a049_3,a049,2,hn,0.3,1,away,249,0.15203567576672922
a049_3,a049,2,hn,1,2,near_jump,6887,0.18221575595595502
a049_3,a049,2,hn,1,2,away,3351,0.1911519006733562
a049_3,a049,3,yaw,0,0.3,near_jump,1394,0.04889323067422419
a049_3,a049,3,yaw,0,0.3,away,144,0.045728054420171464
a049_3,a049,3,yaw,0.3,1,near_jump,891,0.15731742534148557
a049_3,a049,3,yaw,0.3,1,away,249,0.15298456574002084
a049_3,a049,3,yaw,1,2,near_jump,6887,0.1927581949186829
a049_3,a049,3,yaw,1,2,away,3351,0.20157350455953896
a049_3,a049,3,hn,0,0.3,near_jump,1394,0.048967128254519064
a049_3,a049,3,hn,0,0.3,away,144,0.0587450527769717
a049_3,a049,3,hn,0.3,1,near_jump,891,0.15429845560076696
a049_3,a049,3,hn,0.3,1,away,249,0.14159559507861566
a049_3,a049,3,hn,1,2,near_jump,6887,0.16784568242285866
a049_3,a049,3,hn,1,2,away,3351,0.15789468274268567
a050_1,a050,0,yaw,0,0.3,near_jump,718,0.0428219556984017
a050_1,a050,0,yaw,0,0.3,away,40,0.04469239577918914
a050_1,a050,0,yaw,0.3,1,near_jump,4107,0.27948679731674814
a050_1,a050,0,yaw,0.3,1,away,693,0.2343842353902082
a050_1,a050,0,yaw,1,2,near_jump,1362,0.3492164841817396
a050_1,a050,0,yaw,1,2,away,197,0.33834786000068306
a050_1,a050,0,hn,0,0.3,near_jump,718,0.04452258479756536
a050_1,a050,0,hn,0,0.3,away,40,0.0339964647783524
a050_1,a050,0,hn,0.3,1,near_jump,4107,0.3389045404337533
a050_1,a050,0,hn,0.3,1,away,693,0.3197664862749223
a050_1,a050,0,hn,1,2,near_jump,1362,0.3965817041358828
a050_1,a050,0,hn,1,2,away,197,0.3756016314650494
a050_1,a050,1,yaw,0,0.3,near_jump,718,0.042911278019452756
a050_1,a050,1,yaw,0,0.3,away,40,0.04573649283490333
a050_1,a050,1,yaw,0.3,1,near_jump,4107,0.2766376570120057
a050_1,a050,1,yaw,0.3,1,away,693,0.24422177449627905
a050_1,a050,1,yaw,1,2,near_jump,1362,0.34317424187102286
a050_1,a050,1,yaw,1,2,away,197,0.35800540721819957
a050_1,a050,1,hn,0,0.3,near_jump,718,0.048725316597179866
a050_1,a050,1,hn,0,0.3,away,40,0.03833823373682893
a050_1,a050,1,hn,0.3,1,near_jump,4107,0.3352894386928179
a050_1,a050,1,hn,0.3,1,away,693,0.3107447878312086
a050_1,a050,1,hn,1,2,near_jump,1362,0.40741577083933805
a050_1,a050,1,hn,1,2,away,197,0.36342208778076607
a050_1,a050,2,yaw,0,0.3,near_jump,718,0.04142238288081666
a050_1,a050,2,yaw,0,0.3,away,40,0.048536598512496865
a050_1,a050,2,yaw,0.3,1,near_jump,4107,0.2607717896212328
a050_1,a050,2,yaw,0.3,1,away,693,0.22799306235303435
a050_1,a050,2,yaw,1,2,near_jump,1362,0.3143835763636483
a050_1,a050,2,yaw,1,2,away,197,0.3022959160487532
a050_1,a050,2,hn,0,0.3,near_jump,718,0.04720958181902739
a050_1,a050,2,hn,0,0.3,away,40,0.050612557637331426
a050_1,a050,2,hn,0.3,1,near_jump,4107,0.30901024394815507
a050_1,a050,2,hn,0.3,1,away,693,0.28639435203559116
a050_1,a050,2,hn,1,2,near_jump,1362,0.38018797849897834
a050_1,a050,2,hn,1,2,away,197,0.3559480579937359
a050_1,a050,3,yaw,0,0.3,near_jump,718,0.04267883280627608
a050_1,a050,3,yaw,0,0.3,away,40,0.0359619291715924
a050_1,a050,3,yaw,0.3,1,near_jump,4107,0.283467459330948
a050_1,a050,3,yaw,0.3,1,away,693,0.24324474664956272
a050_1,a050,3,yaw,1,2,near_jump,1362,0.33315786409915815
a050_1,a050,3,yaw,1,2,away,197,0.34443131790444315
a050_1,a050,3,hn,0,0.3,near_jump,718,0.044426170121420916
a050_1,a050,3,hn,0,0.3,away,40,0.03543608552965242
a050_1,a050,3,hn,0.3,1,near_jump,4107,0.31876737182288206
a050_1,a050,3,hn,0.3,1,away,693,0.2850620351124945
a050_1,a050,3,hn,1,2,near_jump,1362,0.37702382066438794
a050_1,a050,3,hn,1,2,away,197,0.32955800162370863
a050_3,a050,0,yaw,0,0.3,near_jump,3405,0.05102029597001092
a050_3,a050,0,yaw,0,0.3,away,663,0.05740066229935868
a050_3,a050,0,yaw,0.3,1,near_jump,7328,0.30113135916471534
a050_3,a050,0,yaw,0.3,1,away,1627,0.39380380972813095
a050_3,a050,0,yaw,1,2,near_jump,97,0.6591241557329912
a050_3,a050,0,yaw,1,2,away,146,0.901488886971342
a050_3,a050,0,hn,0,0.3,near_jump,3405,0.05645859329551765
a050_3,a050,0,hn,0,0.3,away,663,0.06788008393003171
a050_3,a050,0,hn,0.3,1,near_jump,7328,0.35581897908362964
a050_3,a050,0,hn,0.3,1,away,1627,0.41334442972578966
a050_3,a050,0,hn,1,2,near_jump,97,0.5936194298676091
a050_3,a050,0,hn,1,2,away,146,0.9586435090985307
a050_3,a050,1,yaw,0,0.3,near_jump,3405,0.05208401521319057
a050_3,a050,1,yaw,0,0.3,away,663,0.05942855011874122
a050_3,a050,1,yaw,0.3,1,near_jump,7328,0.30381564967192853
a050_3,a050,1,yaw,0.3,1,away,1627,0.39384674944339776
a050_3,a050,1,yaw,1,2,near_jump,97,0.6061393642259402
a050_3,a050,1,yaw,1,2,away,146,0.9551912232553752
a050_3,a050,1,hn,0,0.3,near_jump,3405,0.05569612923089169
a050_3,a050,1,hn,0,0.3,away,663,0.07594534558833257
a050_3,a050,1,hn,0.3,1,near_jump,7328,0.3579116675111151
a050_3,a050,1,hn,0.3,1,away,1627,0.38816544227915367
a050_3,a050,1,hn,1,2,near_jump,97,0.5901216250279914
a050_3,a050,1,hn,1,2,away,146,0.802135015403123
a050_3,a050,2,yaw,0,0.3,near_jump,3405,0.0534492209829418
a050_3,a050,2,yaw,0,0.3,away,663,0.061117759243162845
a050_3,a050,2,yaw,0.3,1,near_jump,7328,0.3096236184499894
a050_3,a050,2,yaw,0.3,1,away,1627,0.41782230420633454
a050_3,a050,2,yaw,1,2,near_jump,97,0.5655572835418933
a050_3,a050,2,yaw,1,2,away,146,0.8791684740878594
a050_3,a050,2,hn,0,0.3,near_jump,3405,0.055810850447039706
a050_3,a050,2,hn,0,0.3,away,663,0.07963296050733833
a050_3,a050,2,hn,0.3,1,near_jump,7328,0.36718831963414006
a050_3,a050,2,hn,0.3,1,away,1627,0.4432155781782479
a050_3,a050,2,hn,1,2,near_jump,97,0.6103493206253199
a050_3,a050,2,hn,1,2,away,146,1.1334091578170746
a050_3,a050,3,yaw,0,0.3,near_jump,3405,0.051793355139407436
a050_3,a050,3,yaw,0,0.3,away,663,0.05575963979731716
a050_3,a050,3,yaw,0.3,1,near_jump,7328,0.313386134343127
a050_3,a050,3,yaw,0.3,1,away,1627,0.4023762528014423
a050_3,a050,3,yaw,1,2,near_jump,97,0.5459259181028248
a050_3,a050,3,yaw,1,2,away,146,0.9520495704750858
a050_3,a050,3,hn,0,0.3,near_jump,3405,0.05397673889051425
a050_3,a050,3,hn,0,0.3,away,663,0.07133451927091825
a050_3,a050,3,hn,0.3,1,near_jump,7328,0.3335766186733089
a050_3,a050,3,hn,0.3,1,away,1627,0.3829343270498173
a050_3,a050,3,hn,1,2,near_jump,97,0.6302884540580351
a050_3,a050,3,hn,1,2,away,146,1.031671304981292
a051_1,a051,0,yaw,0,0.3,near_jump,6560,0.06401140047255932
a051_1,a051,0,yaw,0,0.3,away,1363,0.09542166727922205
a051_1,a051,0,yaw,0.3,1,near_jump,4526,0.30282730729744867
a051_1,a051,0,yaw,0.3,1,away,1895,0.3177480289860627
a051_1,a051,0,yaw,1,2,near_jump,1936,0.30918033249991156
a051_1,a051,0,yaw,1,2,away,1788,0.2804026599844417
a051_1,a051,0,hn,0,0.3,near_jump,6560,0.07209357463049718
a051_1,a051,0,hn,0,0.3,away,1363,0.10666003779192065
a051_1,a051,0,hn,0.3,1,near_jump,4526,0.3084552173947968
a051_1,a051,0,hn,0.3,1,away,1895,0.32894061354225457
a051_1,a051,0,hn,1,2,near_jump,1936,0.34409748513508004
a051_1,a051,0,hn,1,2,away,1788,0.27681261435094634
a051_1,a051,1,yaw,0,0.3,near_jump,6560,0.0650749078675943
a051_1,a051,1,yaw,0,0.3,away,1363,0.09574199444304107
a051_1,a051,1,yaw,0.3,1,near_jump,4526,0.29938029527137183
a051_1,a051,1,yaw,0.3,1,away,1895,0.32822285157381365
a051_1,a051,1,yaw,1,2,near_jump,1936,0.31636103001507715
a051_1,a051,1,yaw,1,2,away,1788,0.28333883223308315
a051_1,a051,1,hn,0,0.3,near_jump,6560,0.07221334393517637
a051_1,a051,1,hn,0,0.3,away,1363,0.10431243609059683
a051_1,a051,1,hn,0.3,1,near_jump,4526,0.3048071155164604
a051_1,a051,1,hn,0.3,1,away,1895,0.324182182114168
a051_1,a051,1,hn,1,2,near_jump,1936,0.32833743162099344
a051_1,a051,1,hn,1,2,away,1788,0.24546445780775147
a051_1,a051,2,yaw,0,0.3,near_jump,6560,0.06504206159899065
a051_1,a051,2,yaw,0,0.3,away,1363,0.09592644909700387
a051_1,a051,2,yaw,0.3,1,near_jump,4526,0.30055900637584515
a051_1,a051,2,yaw,0.3,1,away,1895,0.3267582458180854
a051_1,a051,2,yaw,1,2,near_jump,1936,0.32194589774871735
a051_1,a051,2,yaw,1,2,away,1788,0.2885317510641227
a051_1,a051,2,hn,0,0.3,near_jump,6560,0.07220771201100536
a051_1,a051,2,hn,0,0.3,away,1363,0.10371319787875025
a051_1,a051,2,hn,0.3,1,near_jump,4526,0.305745640636004
a051_1,a051,2,hn,0.3,1,away,1895,0.3186133544231032
a051_1,a051,2,hn,1,2,near_jump,1936,0.3229885392223486
a051_1,a051,2,hn,1,2,away,1788,0.2578592403535453
a051_1,a051,3,yaw,0,0.3,near_jump,6560,0.06455655427364523
a051_1,a051,3,yaw,0,0.3,away,1363,0.09674398688926462
a051_1,a051,3,yaw,0.3,1,near_jump,4526,0.30061556645177623
a051_1,a051,3,yaw,0.3,1,away,1895,0.3286270537769166
a051_1,a051,3,yaw,1,2,near_jump,1936,0.31714643766181777
a051_1,a051,3,yaw,1,2,away,1788,0.28966126821761545
a051_1,a051,3,hn,0,0.3,near_jump,6560,0.071484066686032
a051_1,a051,3,hn,0,0.3,away,1363,0.10716438434656601
a051_1,a051,3,hn,0.3,1,near_jump,4526,0.3128196078163351
a051_1,a051,3,hn,0.3,1,away,1895,0.32389184228481865
a051_1,a051,3,hn,1,2,near_jump,1936,0.331462071423083
a051_1,a051,3,hn,1,2,away,1788,0.26682737877464774
a051_2,a051,0,yaw,0,0.3,near_jump,7694,0.03276196872656375
a051_2,a051,0,yaw,0,0.3,away,1437,0.03146372538289804
a051_2,a051,0,yaw,0.3,1,near_jump,3230,0.16016329355301068
a051_2,a051,0,yaw,0.3,1,away,700,0.1653942485944311
a051_2,a051,0,yaw,1,2,near_jump,610,0.16757047061280583
a051_2,a051,0,yaw,1,2,away,745,0.2099494259089069
a051_2,a051,0,hn,0,0.3,near_jump,7694,0.036404800295088725
a051_2,a051,0,hn,0,0.3,away,1437,0.0330978330666077
a051_2,a051,0,hn,0.3,1,near_jump,3230,0.17828687268941257
a051_2,a051,0,hn,0.3,1,away,700,0.16949721314846464
a051_2,a051,0,hn,1,2,near_jump,610,0.158315740146849
a051_2,a051,0,hn,1,2,away,745,0.19579822520029086
a051_2,a051,1,yaw,0,0.3,near_jump,7694,0.034039283402041334
a051_2,a051,1,yaw,0,0.3,away,1437,0.03064898007266589
a051_2,a051,1,yaw,0.3,1,near_jump,3230,0.16550735943083555
a051_2,a051,1,yaw,0.3,1,away,700,0.1552197978731642
a051_2,a051,1,yaw,1,2,near_jump,610,0.16453628817210447
a051_2,a051,1,yaw,1,2,away,745,0.21690358155892273
a051_2,a051,1,hn,0,0.3,near_jump,7694,0.03712515573281005
a051_2,a051,1,hn,0,0.3,away,1437,0.03311876311941191
a051_2,a051,1,hn,0.3,1,near_jump,3230,0.1725908985125695
a051_2,a051,1,hn,0.3,1,away,700,0.1628588434976992
a051_2,a051,1,hn,1,2,near_jump,610,0.12903776574309392
a051_2,a051,1,hn,1,2,away,745,0.15851382358490268
a051_2,a051,2,yaw,0,0.3,near_jump,7694,0.0339390168864861
a051_2,a051,2,yaw,0,0.3,away,1437,0.027280926347835452
a051_2,a051,2,yaw,0.3,1,near_jump,3230,0.16514651699190436
a051_2,a051,2,yaw,0.3,1,away,700,0.16674690410397877
a051_2,a051,2,yaw,1,2,near_jump,610,0.16904674619736632
a051_2,a051,2,yaw,1,2,away,745,0.22653945956832047
a051_2,a051,2,hn,0,0.3,near_jump,7694,0.03706717722090714
a051_2,a051,2,hn,0,0.3,away,1437,0.03221923826442333
a051_2,a051,2,hn,0.3,1,near_jump,3230,0.1705063864614241
a051_2,a051,2,hn,0.3,1,away,700,0.16924511257983108
a051_2,a051,2,hn,1,2,near_jump,610,0.1485637225994316
a051_2,a051,2,hn,1,2,away,745,0.18245111735802635
a051_2,a051,3,yaw,0,0.3,near_jump,7694,0.03297859422816352
a051_2,a051,3,yaw,0,0.3,away,1437,0.02812716271181193
a051_2,a051,3,yaw,0.3,1,near_jump,3230,0.1668921164454449
a051_2,a051,3,yaw,0.3,1,away,700,0.16455710331247358
a051_2,a051,3,yaw,1,2,near_jump,610,0.15376681685434693
a051_2,a051,3,yaw,1,2,away,745,0.20432581484762444
a051_2,a051,3,hn,0,0.3,near_jump,7694,0.03682498251788226
a051_2,a051,3,hn,0,0.3,away,1437,0.03411557940818517
a051_2,a051,3,hn,0.3,1,near_jump,3230,0.16766065052137166
a051_2,a051,3,hn,0.3,1,away,700,0.1698545933814076
a051_2,a051,3,hn,1,2,near_jump,610,0.14958208208767054
a051_2,a051,3,hn,1,2,away,745,0.1710949337949625
a051_3,a051,0,yaw,0,0.3,near_jump,3120,0.05883611355736451
a051_3,a051,0,yaw,0,0.3,away,500,0.05672577004861148
a051_3,a051,0,yaw,0.3,1,near_jump,2693,0.16031448260482026
a051_3,a051,0,yaw,0.3,1,away,815,0.12346131550145242
a051_3,a051,0,yaw,1,2,near_jump,230,0.25114307654076357
a051_3,a051,0,yaw,1,2,away,163,0.10928790498355961
a051_3,a051,0,hn,0,0.3,near_jump,3120,0.06459545087388126
a051_3,a051,0,hn,0,0.3,away,500,0.07581872292416388
a051_3,a051,0,hn,0.3,1,near_jump,2693,0.1758002370830745
a051_3,a051,0,hn,0.3,1,away,815,0.1426547845409071
a051_3,a051,0,hn,1,2,near_jump,230,0.28881326886261827
a051_3,a051,0,hn,1,2,away,163,0.13243868857317925
a051_3,a051,1,yaw,0,0.3,near_jump,3120,0.06080998038521438
a051_3,a051,1,yaw,0,0.3,away,500,0.06278690236529216
a051_3,a051,1,yaw,0.3,1,near_jump,2693,0.15941338647830877
a051_3,a051,1,yaw,0.3,1,away,815,0.12390814805811587
a051_3,a051,1,yaw,1,2,near_jump,230,0.20863989961262497
a051_3,a051,1,yaw,1,2,away,163,0.1088950997509206
a051_3,a051,1,hn,0,0.3,near_jump,3120,0.06702110038727627
a051_3,a051,1,hn,0,0.3,away,500,0.06448757249299916
a051_3,a051,1,hn,0.3,1,near_jump,2693,0.1833401564584425
a051_3,a051,1,hn,0.3,1,away,815,0.15690479077565933
a051_3,a051,1,hn,1,2,near_jump,230,0.24998992809119125
a051_3,a051,1,hn,1,2,away,163,0.1476228395187036
a051_3,a051,2,yaw,0,0.3,near_jump,3120,0.06378510277296259
a051_3,a051,2,yaw,0,0.3,away,500,0.055465284103323756
a051_3,a051,2,yaw,0.3,1,near_jump,2693,0.1670333570898752
a051_3,a051,2,yaw,0.3,1,away,815,0.12987204907952374
a051_3,a051,2,yaw,1,2,near_jump,230,0.24878749008225753
a051_3,a051,2,yaw,1,2,away,163,0.10643943809697834
a051_3,a051,2,hn,0,0.3,near_jump,3120,0.06740214788149668
a051_3,a051,2,hn,0,0.3,away,500,0.07171742280193154
a051_3,a051,2,hn,0.3,1,near_jump,2693,0.17317953744447753
a051_3,a051,2,hn,0.3,1,away,815,0.1442364127580838
a051_3,a051,2,hn,1,2,near_jump,230,0.25288385051231976
a051_3,a051,2,hn,1,2,away,163,0.12519307757700532
a051_3,a051,3,yaw,0,0.3,near_jump,3120,0.06273915805333398
a051_3,a051,3,yaw,0,0.3,away,500,0.06109516769257991
a051_3,a051,3,yaw,0.3,1,near_jump,2693,0.1656873918267515
a051_3,a051,3,yaw,0.3,1,away,815,0.13713749559028776
a051_3,a051,3,yaw,1,2,near_jump,230,0.22175555837317235
a051_3,a051,3,yaw,1,2,away,163,0.11027375975212883
a051_3,a051,3,hn,0,0.3,near_jump,3120,0.0642102927718238
a051_3,a051,3,hn,0,0.3,away,500,0.06641327650219672
a051_3,a051,3,hn,0.3,1,near_jump,2693,0.17630933722350925
a051_3,a051,3,hn,0.3,1,away,815,0.13422333062265476
a051_3,a051,3,hn,1,2,near_jump,230,0.24858551021873418
a051_3,a051,3,hn,1,2,away,163,0.13400374131294956
a052_2,a052,0,yaw,0,0.3,near_jump,543,0.0656261877576815
a052_2,a052,0,yaw,0,0.3,away,149,0.04984551571430972
a052_2,a052,0,yaw,0.3,1,near_jump,1116,0.3793740996042049
a052_2,a052,0,yaw,0.3,1,away,848,0.21933314937869272
a052_2,a052,0,yaw,1,2,near_jump,1977,0.46333913571633734
a052_2,a052,0,yaw,1,2,away,2627,0.2850367323679344
a052_2,a052,0,hn,0,0.3,near_jump,543,0.06996164696422551
a052_2,a052,0,hn,0,0.3,away,149,0.05176429369303392
a052_2,a052,0,hn,0.3,1,near_jump,1116,0.416070884753379
a052_2,a052,0,hn,0.3,1,away,848,0.23461093962522922
a052_2,a052,0,hn,1,2,near_jump,1977,0.5209984031706449
a052_2,a052,0,hn,1,2,away,2627,0.2927012325003359
a052_2,a052,1,yaw,0,0.3,near_jump,543,0.06603592291936682
a052_2,a052,1,yaw,0,0.3,away,149,0.0502829227440116
a052_2,a052,1,yaw,0.3,1,near_jump,1116,0.391099718994458
a052_2,a052,1,yaw,0.3,1,away,848,0.20654489307109003
a052_2,a052,1,yaw,1,2,near_jump,1977,0.5016034284858333
a052_2,a052,1,yaw,1,2,away,2627,0.2833844300192428
a052_2,a052,1,hn,0,0.3,near_jump,543,0.07057586095395614
a052_2,a052,1,hn,0,0.3,away,149,0.05468525410391299
a052_2,a052,1,hn,0.3,1,near_jump,1116,0.4346270353782351
a052_2,a052,1,hn,0.3,1,away,848,0.25241649590152726
a052_2,a052,1,hn,1,2,near_jump,1977,0.5797345110782319
a052_2,a052,1,hn,1,2,away,2627,0.3389314200334258
a052_2,a052,2,yaw,0,0.3,near_jump,543,0.06804466802240212
a052_2,a052,2,yaw,0,0.3,away,149,0.050374144636736694
a052_2,a052,2,yaw,0.3,1,near_jump,1116,0.395197320807808
a052_2,a052,2,yaw,0.3,1,away,848,0.2141945503505707
a052_2,a052,2,yaw,1,2,near_jump,1977,0.4613957334275439
a052_2,a052,2,yaw,1,2,away,2627,0.27656895928227754
a052_2,a052,2,hn,0,0.3,near_jump,543,0.0684505700394943
a052_2,a052,2,hn,0,0.3,away,149,0.04988945395848394
a052_2,a052,2,hn,0.3,1,near_jump,1116,0.42515611875322057
a052_2,a052,2,hn,0.3,1,away,848,0.22421256120591146
a052_2,a052,2,hn,1,2,near_jump,1977,0.5241727852536969
a052_2,a052,2,hn,1,2,away,2627,0.2909198548299982
a052_2,a052,3,yaw,0,0.3,near_jump,543,0.06807219113944073
a052_2,a052,3,yaw,0,0.3,away,149,0.049815339854186756
a052_2,a052,3,yaw,0.3,1,near_jump,1116,0.4235523902000813
a052_2,a052,3,yaw,0.3,1,away,848,0.23312482475826676
a052_2,a052,3,yaw,1,2,near_jump,1977,0.529787149190438
a052_2,a052,3,yaw,1,2,away,2627,0.2821982958387215
a052_2,a052,3,hn,0,0.3,near_jump,543,0.07159407695841459
a052_2,a052,3,hn,0,0.3,away,149,0.05347394984934522
a052_2,a052,3,hn,0.3,1,near_jump,1116,0.4134368690011165
a052_2,a052,3,hn,0.3,1,away,848,0.22088011385981318
a052_2,a052,3,hn,1,2,near_jump,1977,0.5465872887613298
a052_2,a052,3,hn,1,2,away,2627,0.3084148186019521
a053_1,a053,0,yaw,0,0.3,near_jump,1081,0.05059148470091148
a053_1,a053,0,yaw,0,0.3,away,143,0.04990374128724477
a053_1,a053,0,yaw,0.3,1,near_jump,1543,0.13105782870179317
a053_1,a053,0,yaw,0.3,1,away,390,0.1592162107775794
a053_1,a053,0,yaw,1,2,near_jump,3355,0.17624796918735838
a053_1,a053,0,yaw,1,2,away,2637,0.17712865120204513
a053_1,a053,0,hn,0,0.3,near_jump,1081,0.05271165569654542
a053_1,a053,0,hn,0,0.3,away,143,0.04349265393948663
a053_1,a053,0,hn,0.3,1,near_jump,1543,0.14320698158315476
a053_1,a053,0,hn,0.3,1,away,390,0.1546864861442077
a053_1,a053,0,hn,1,2,near_jump,3355,0.21698045392001644
a053_1,a053,0,hn,1,2,away,2637,0.19043938583038317
a053_1,a053,1,yaw,0,0.3,near_jump,1081,0.05452334473044074
a053_1,a053,1,yaw,0,0.3,away,143,0.039089469783592914
a053_1,a053,1,yaw,0.3,1,near_jump,1543,0.13080413430836987
a053_1,a053,1,yaw,0.3,1,away,390,0.16296169690200477
a053_1,a053,1,yaw,1,2,near_jump,3355,0.1675104086179878
a053_1,a053,1,yaw,1,2,away,2637,0.1837974612297113
a053_1,a053,1,hn,0,0.3,near_jump,1081,0.059702120500513184
a053_1,a053,1,hn,0,0.3,away,143,0.040250129071838316
a053_1,a053,1,hn,0.3,1,near_jump,1543,0.14132104050149508
a053_1,a053,1,hn,0.3,1,away,390,0.15077140573067538
a053_1,a053,1,hn,1,2,near_jump,3355,0.18057881443755786
a053_1,a053,1,hn,1,2,away,2637,0.17144849253952818
a053_1,a053,2,yaw,0,0.3,near_jump,1081,0.054209249283617277
a053_1,a053,2,yaw,0,0.3,away,143,0.043534837870756446
a053_1,a053,2,yaw,0.3,1,near_jump,1543,0.13552458161192588
a053_1,a053,2,yaw,0.3,1,away,390,0.15513326382955994
a053_1,a053,2,yaw,1,2,near_jump,3355,0.17096003899739948
a053_1,a053,2,yaw,1,2,away,2637,0.17755833579756633
a053_1,a053,2,hn,0,0.3,near_jump,1081,0.05331815302965391
a053_1,a053,2,hn,0,0.3,away,143,0.04488018603780219
a053_1,a053,2,hn,0.3,1,near_jump,1543,0.1550061258410461
a053_1,a053,2,hn,0.3,1,away,390,0.14436978351854696
a053_1,a053,2,hn,1,2,near_jump,3355,0.21539227788349563
a053_1,a053,2,hn,1,2,away,2637,0.21360222072824434
a053_1,a053,3,yaw,0,0.3,near_jump,1081,0.0474393473820438
a053_1,a053,3,yaw,0,0.3,away,143,0.04843273741488191
a053_1,a053,3,yaw,0.3,1,near_jump,1543,0.1341934783969586
a053_1,a053,3,yaw,0.3,1,away,390,0.14925797396686205
a053_1,a053,3,yaw,1,2,near_jump,3355,0.17083788726212867
a053_1,a053,3,yaw,1,2,away,2637,0.1930551699596881
a053_1,a053,3,hn,0,0.3,near_jump,1081,0.053737140275627523
a053_1,a053,3,hn,0,0.3,away,143,0.046851258797202165
a053_1,a053,3,hn,0.3,1,near_jump,1543,0.14253176805702114
a053_1,a053,3,hn,0.3,1,away,390,0.1418183259435903
a053_1,a053,3,hn,1,2,near_jump,3355,0.2021180648601131
a053_1,a053,3,hn,1,2,away,2637,0.19493732873553493
a053_2,a053,0,yaw,0,0.3,near_jump,747,0.04584285910984535
a053_2,a053,0,yaw,0,0.3,away,146,0.03070468256292243
a053_2,a053,0,yaw,0.3,1,near_jump,866,0.17343211231820885
a053_2,a053,0,yaw,0.3,1,away,259,0.17354941137785018
a053_2,a053,0,yaw,1,2,near_jump,5889,0.18027257321297083
a053_2,a053,0,yaw,1,2,away,4843,0.193417246851744
a053_2,a053,0,hn,0,0.3,near_jump,747,0.048181011073766045
a053_2,a053,0,hn,0,0.3,away,146,0.05085863989270142
a053_2,a053,0,hn,0.3,1,near_jump,866,0.1712131061922152
a053_2,a053,0,hn,0.3,1,away,259,0.15528953293663017
a053_2,a053,0,hn,1,2,near_jump,5889,0.19917309928926547
a053_2,a053,0,hn,1,2,away,4843,0.18546894419506318
a053_2,a053,1,yaw,0,0.3,near_jump,747,0.04910255171393239
a053_2,a053,1,yaw,0,0.3,away,146,0.03269336128642531
a053_2,a053,1,yaw,0.3,1,near_jump,866,0.16102966135362456
a053_2,a053,1,yaw,0.3,1,away,259,0.1498091114930278
a053_2,a053,1,yaw,1,2,near_jump,5889,0.17196200855568475
a053_2,a053,1,yaw,1,2,away,4843,0.18038622809585048
a053_2,a053,1,hn,0,0.3,near_jump,747,0.05347162933644974
a053_2,a053,1,hn,0,0.3,away,146,0.07221903082204366
a053_2,a053,1,hn,0.3,1,near_jump,866,0.17739978428292327
a053_2,a053,1,hn,0.3,1,away,259,0.16645132655032946
a053_2,a053,1,hn,1,2,near_jump,5889,0.1823289471577148
a053_2,a053,1,hn,1,2,away,4843,0.18426306572810136
a053_2,a053,2,yaw,0,0.3,near_jump,747,0.044517373780731326
a053_2,a053,2,yaw,0,0.3,away,146,0.038553500358985734
a053_2,a053,2,yaw,0.3,1,near_jump,866,0.17591190597534503
a053_2,a053,2,yaw,0.3,1,away,259,0.19095365543293372
a053_2,a053,2,yaw,1,2,near_jump,5889,0.159396098305579
a053_2,a053,2,yaw,1,2,away,4843,0.17625232968452362
a053_2,a053,2,hn,0,0.3,near_jump,747,0.05353111406527719
a053_2,a053,2,hn,0,0.3,away,146,0.037929389784635795
a053_2,a053,2,hn,0.3,1,near_jump,866,0.169592206163393
a053_2,a053,2,hn,0.3,1,away,259,0.13291814363277643
a053_2,a053,2,hn,1,2,near_jump,5889,0.18130211517811742
a053_2,a053,2,hn,1,2,away,4843,0.16041772337006852
a053_2,a053,3,yaw,0,0.3,near_jump,747,0.04745998997407224
a053_2,a053,3,yaw,0,0.3,away,146,0.034227039015602125
a053_2,a053,3,yaw,0.3,1,near_jump,866,0.16730730351092787
a053_2,a053,3,yaw,0.3,1,away,259,0.14755641718982834
a053_2,a053,3,yaw,1,2,near_jump,5889,0.1636310906352567
a053_2,a053,3,yaw,1,2,away,4843,0.17328034355097763
a053_2,a053,3,hn,0,0.3,near_jump,747,0.04917003137219826
a053_2,a053,3,hn,0,0.3,away,146,0.04166481868196862
a053_2,a053,3,hn,0.3,1,near_jump,866,0.18194970783769154
a053_2,a053,3,hn,0.3,1,away,259,0.1540705676160118
a053_2,a053,3,hn,1,2,near_jump,5889,0.18898986453444616
a053_2,a053,3,hn,1,2,away,4843,0.1797394318927427
a053_3,a053,0,yaw,0,0.3,near_jump,1217,0.03623969686909041
a053_3,a053,0,yaw,0,0.3,away,253,0.021808689273757734
a053_3,a053,0,yaw,0.3,1,near_jump,600,0.14582643187455002
a053_3,a053,0,yaw,0.3,1,away,193,0.15800785813577625
a053_3,a053,0,yaw,1,2,near_jump,4812,0.17737538310890066
a053_3,a053,0,yaw,1,2,away,4697,0.19111584378252183
a053_3,a053,0,hn,0,0.3,near_jump,1217,0.03717307539607284
a053_3,a053,0,hn,0,0.3,away,253,0.023306092071842255
a053_3,a053,0,hn,0.3,1,near_jump,600,0.14399337762181005
a053_3,a053,0,hn,0.3,1,away,193,0.16152349916938816
a053_3,a053,0,hn,1,2,near_jump,4812,0.20796595903074128
a053_3,a053,0,hn,1,2,away,4697,0.18108425762244826
a053_3,a053,1,yaw,0,0.3,near_jump,1217,0.03776059686456
a053_3,a053,1,yaw,0,0.3,away,253,0.020075425479664673
a053_3,a053,1,yaw,0.3,1,near_jump,600,0.1492466077481457
a053_3,a053,1,yaw,0.3,1,away,193,0.16548990862295804
a053_3,a053,1,yaw,1,2,near_jump,4812,0.18233373601904823
a053_3,a053,1,yaw,1,2,away,4697,0.17098214795222205
a053_3,a053,1,hn,0,0.3,near_jump,1217,0.04194038145205492
a053_3,a053,1,hn,0,0.3,away,253,0.02379465423079702
a053_3,a053,1,hn,0.3,1,near_jump,600,0.1449526583562011
a053_3,a053,1,hn,0.3,1,away,193,0.14270255778225255
a053_3,a053,1,hn,1,2,near_jump,4812,0.18348768251411088
a053_3,a053,1,hn,1,2,away,4697,0.16553937003246283
a053_3,a053,2,yaw,0,0.3,near_jump,1217,0.0385515154478288
a053_3,a053,2,yaw,0,0.3,away,253,0.02145315689720911
a053_3,a053,2,yaw,0.3,1,near_jump,600,0.14741966217123254
a053_3,a053,2,yaw,0.3,1,away,193,0.15599565484635258
a053_3,a053,2,yaw,1,2,near_jump,4812,0.17166366247580395
a053_3,a053,2,yaw,1,2,away,4697,0.17528418339982627
a053_3,a053,2,hn,0,0.3,near_jump,1217,0.03778533436217548
a053_3,a053,2,hn,0,0.3,away,253,0.03324713516884813
a053_3,a053,2,hn,0.3,1,near_jump,600,0.132582402194758
a053_3,a053,2,hn,0.3,1,away,193,0.13877634382563386
a053_3,a053,2,hn,1,2,near_jump,4812,0.1790449236352808
a053_3,a053,2,hn,1,2,away,4697,0.15554673915706432
a053_3,a053,3,yaw,0,0.3,near_jump,1217,0.03690794181828189
a053_3,a053,3,yaw,0,0.3,away,253,0.022116895374212773
a053_3,a053,3,yaw,0.3,1,near_jump,600,0.1388877775234557
a053_3,a053,3,yaw,0.3,1,away,193,0.14381515495755096
a053_3,a053,3,yaw,1,2,near_jump,4812,0.16549652797109857
a053_3,a053,3,yaw,1,2,away,4697,0.16613236766364675
a053_3,a053,3,hn,0,0.3,near_jump,1217,0.03683511671964613
a053_3,a053,3,hn,0,0.3,away,253,0.024348081952988692
a053_3,a053,3,hn,0.3,1,near_jump,600,0.14865371875026198
a053_3,a053,3,hn,0.3,1,away,193,0.15549156029597452
a053_3,a053,3,hn,1,2,near_jump,4812,0.19350915185929568
a053_3,a053,3,hn,1,2,away,4697,0.17663229220442955
a054_1,a054,0,yaw,0,0.3,near_jump,734,0.07327060865800804
a054_1,a054,0,yaw,0,0.3,away,119,0.07198745436536026
a054_1,a054,0,yaw,0.3,1,near_jump,760,0.15842386386577653
a054_1,a054,0,yaw,0.3,1,away,79,0.0832829011926254
a054_1,a054,0,yaw,1,2,near_jump,3835,0.260319327213772
a054_1,a054,0,yaw,1,2,away,1294,0.20393184118315477
a054_1,a054,0,hn,0,0.3,near_jump,734,0.0772658225760451
a054_1,a054,0,hn,0,0.3,away,119,0.06929199153252404
a054_1,a054,0,hn,0.3,1,near_jump,760,0.18216794629274435
a054_1,a054,0,hn,0.3,1,away,79,0.17438475915463614
a054_1,a054,0,hn,1,2,near_jump,3835,0.29599951603736735
a054_1,a054,0,hn,1,2,away,1294,0.2512781740348408
a054_1,a054,1,yaw,0,0.3,near_jump,734,0.07170246793647202
a054_1,a054,1,yaw,0,0.3,away,119,0.07324245556277381
a054_1,a054,1,yaw,0.3,1,near_jump,760,0.15769760566215132
a054_1,a054,1,yaw,0.3,1,away,79,0.09547889175772513
a054_1,a054,1,yaw,1,2,near_jump,3835,0.2625872615518589
a054_1,a054,1,yaw,1,2,away,1294,0.20611248885645642
a054_1,a054,1,hn,0,0.3,near_jump,734,0.07831920040277308
a054_1,a054,1,hn,0,0.3,away,119,0.07753591259507382
a054_1,a054,1,hn,0.3,1,near_jump,760,0.1690274462147245
a054_1,a054,1,hn,0.3,1,away,79,0.12745481086102395
a054_1,a054,1,hn,1,2,near_jump,3835,0.2967803933437864
a054_1,a054,1,hn,1,2,away,1294,0.2363800571436753
a054_1,a054,2,yaw,0,0.3,near_jump,734,0.06924754340889129
a054_1,a054,2,yaw,0,0.3,away,119,0.07467731374800157
a054_1,a054,2,yaw,0.3,1,near_jump,760,0.15360422127389028
a054_1,a054,2,yaw,0.3,1,away,79,0.13496802702726068
a054_1,a054,2,yaw,1,2,near_jump,3835,0.27138055222726204
a054_1,a054,2,yaw,1,2,away,1294,0.21448835838529953
a054_1,a054,2,hn,0,0.3,near_jump,734,0.07785791574510337
a054_1,a054,2,hn,0,0.3,away,119,0.08026646411109908
a054_1,a054,2,hn,0.3,1,near_jump,760,0.17553493378207044
a054_1,a054,2,hn,0.3,1,away,79,0.13033649985575063
a054_1,a054,2,hn,1,2,near_jump,3835,0.3085520669880064
a054_1,a054,2,hn,1,2,away,1294,0.265053726568745
a054_1,a054,3,yaw,0,0.3,near_jump,734,0.06868201947258668
a054_1,a054,3,yaw,0,0.3,away,119,0.07321772083112978
a054_1,a054,3,yaw,0.3,1,near_jump,760,0.15663343583360653
a054_1,a054,3,yaw,0.3,1,away,79,0.09621423479024115
a054_1,a054,3,yaw,1,2,near_jump,3835,0.2825244175753445
a054_1,a054,3,yaw,1,2,away,1294,0.20547768520547044
a054_1,a054,3,hn,0,0.3,near_jump,734,0.08925472968495946
a054_1,a054,3,hn,0,0.3,away,119,0.07363327220021125
a054_1,a054,3,hn,0.3,1,near_jump,760,0.17017488292047628
a054_1,a054,3,hn,0.3,1,away,79,0.12934790144666247
a054_1,a054,3,hn,1,2,near_jump,3835,0.32223255846280396
a054_1,a054,3,hn,1,2,away,1294,0.28077525747779264
a054_2,a054,0,yaw,0,0.3,near_jump,3150,0.03816382356720945
a054_2,a054,0,yaw,0,0.3,away,706,0.028453064088489317
a054_2,a054,0,yaw,0.3,1,near_jump,1471,0.16372587539175087
a054_2,a054,0,yaw,0.3,1,away,185,0.16475707981770624
a054_2,a054,0,yaw,1,2,near_jump,5962,0.20771388750562247
a054_2,a054,0,yaw,1,2,away,659,0.18940784710398242
a054_2,a054,0,hn,0,0.3,near_jump,3150,0.04310009770700126
a054_2,a054,0,hn,0,0.3,away,706,0.03929219758568937
a054_2,a054,0,hn,0.3,1,near_jump,1471,0.1740061590402564
a054_2,a054,0,hn,0.3,1,away,185,0.1624174843435148
a054_2,a054,0,hn,1,2,near_jump,5962,0.21350443467810154
a054_2,a054,0,hn,1,2,away,659,0.1972487707078258
a054_2,a054,1,yaw,0,0.3,near_jump,3150,0.04192502676296589
a054_2,a054,1,yaw,0,0.3,away,706,0.0304234070303166
a054_2,a054,1,yaw,0.3,1,near_jump,1471,0.1597786021591834
a054_2,a054,1,yaw,0.3,1,away,185,0.16227498107396277
a054_2,a054,1,yaw,1,2,near_jump,5962,0.20679372936094262
a054_2,a054,1,yaw,1,2,away,659,0.18938523399419044
a054_2,a054,1,hn,0,0.3,near_jump,3150,0.044100253200900566
a054_2,a054,1,hn,0,0.3,away,706,0.03476319778364415
a054_2,a054,1,hn,0.3,1,near_jump,1471,0.18042890981451518
a054_2,a054,1,hn,0.3,1,away,185,0.17498868670214177
a054_2,a054,1,hn,1,2,near_jump,5962,0.2172453091629993
a054_2,a054,1,hn,1,2,away,659,0.2152550854580578
a054_2,a054,2,yaw,0,0.3,near_jump,3150,0.04149604223575303
a054_2,a054,2,yaw,0,0.3,away,706,0.03381369173272611
a054_2,a054,2,yaw,0.3,1,near_jump,1471,0.16369585507350704
a054_2,a054,2,yaw,0.3,1,away,185,0.1628253687948826
a054_2,a054,2,yaw,1,2,near_jump,5962,0.20675727445855688
a054_2,a054,2,yaw,1,2,away,659,0.18169214777450307
a054_2,a054,2,hn,0,0.3,near_jump,3150,0.04435695522382565
a054_2,a054,2,hn,0,0.3,away,706,0.03972005148166949
a054_2,a054,2,hn,0.3,1,near_jump,1471,0.17697876760483316
a054_2,a054,2,hn,0.3,1,away,185,0.19950039099673605
a054_2,a054,2,hn,1,2,near_jump,5962,0.21652686585054687
a054_2,a054,2,hn,1,2,away,659,0.20886668387674573
a054_2,a054,3,yaw,0,0.3,near_jump,3150,0.04283486116965442
a054_2,a054,3,yaw,0,0.3,away,706,0.028507964153092605
a054_2,a054,3,yaw,0.3,1,near_jump,1471,0.1711809406847767
a054_2,a054,3,yaw,0.3,1,away,185,0.17620608495442272
a054_2,a054,3,yaw,1,2,near_jump,5962,0.21546759205873073
a054_2,a054,3,yaw,1,2,away,659,0.1979607026861084
a054_2,a054,3,hn,0,0.3,near_jump,3150,0.04404771979132198
a054_2,a054,3,hn,0,0.3,away,706,0.04212131900617217
a054_2,a054,3,hn,0.3,1,near_jump,1471,0.18748119525516016
a054_2,a054,3,hn,0.3,1,away,185,0.18121377266819055
a054_2,a054,3,hn,1,2,near_jump,5962,0.2427374308965226
a054_2,a054,3,hn,1,2,away,659,0.22759560913764335
a054_3,a054,0,yaw,0,0.3,near_jump,1284,0.043959279941381664
a054_3,a054,0,yaw,0,0.3,away,778,0.017285487779765903
a054_3,a054,0,yaw,0.3,1,near_jump,589,0.159007983144299
a054_3,a054,0,yaw,0.3,1,away,40,0.17281471719862473
a054_3,a054,0,yaw,1,2,near_jump,8638,0.2729301843263254
a054_3,a054,0,yaw,1,2,away,2045,0.26644963967206603
a054_3,a054,0,hn,0,0.3,near_jump,1284,0.04724378134709367
a054_3,a054,0,hn,0,0.3,away,778,0.020709951097930508
a054_3,a054,0,hn,0.3,1,near_jump,589,0.16199239399930965
a054_3,a054,0,hn,0.3,1,away,40,0.1653507415295472
a054_3,a054,0,hn,1,2,near_jump,8638,0.29752164662656283
a054_3,a054,0,hn,1,2,away,2045,0.3134520940303012
a054_3,a054,1,yaw,0,0.3,near_jump,1284,0.0421115904445566
a054_3,a054,1,yaw,0,0.3,away,778,0.01849727089570812
a054_3,a054,1,yaw,0.3,1,near_jump,589,0.1454222531091249
a054_3,a054,1,yaw,0.3,1,away,40,0.1712571939395641
a054_3,a054,1,yaw,1,2,near_jump,8638,0.2848188538884244
a054_3,a054,1,yaw,1,2,away,2045,0.2737141251102285
a054_3,a054,1,hn,0,0.3,near_jump,1284,0.04619582598064414
a054_3,a054,1,hn,0,0.3,away,778,0.02458006702168954
a054_3,a054,1,hn,0.3,1,near_jump,589,0.15519590379265846
a054_3,a054,1,hn,0.3,1,away,40,0.16448076390145874
a054_3,a054,1,hn,1,2,near_jump,8638,0.2951720632982143
a054_3,a054,1,hn,1,2,away,2045,0.2851512533135711
a054_3,a054,2,yaw,0,0.3,near_jump,1284,0.04016614167406452
a054_3,a054,2,yaw,0,0.3,away,778,0.01808947810942824
a054_3,a054,2,yaw,0.3,1,near_jump,589,0.1495241287067625
a054_3,a054,2,yaw,0.3,1,away,40,0.17442386946666208
a054_3,a054,2,yaw,1,2,near_jump,8638,0.28691295455570087
a054_3,a054,2,yaw,1,2,away,2045,0.2797458160190183
a054_3,a054,2,hn,0,0.3,near_jump,1284,0.044397004143586286
a054_3,a054,2,hn,0,0.3,away,778,0.02812350308497111
a054_3,a054,2,hn,0.3,1,near_jump,589,0.14669979086988605
a054_3,a054,2,hn,0.3,1,away,40,0.14925704466846293
a054_3,a054,2,hn,1,2,near_jump,8638,0.28526713447083546
a054_3,a054,2,hn,1,2,away,2045,0.29805406003098334
a054_3,a054,3,yaw,0,0.3,near_jump,1284,0.04446614409669471
a054_3,a054,3,yaw,0,0.3,away,778,0.019956550671608286
a054_3,a054,3,yaw,0.3,1,near_jump,589,0.15117948413341917
a054_3,a054,3,yaw,0.3,1,away,40,0.18546213269813552
a054_3,a054,3,yaw,1,2,near_jump,8638,0.2813974830098352
a054_3,a054,3,yaw,1,2,away,2045,0.27758494985746174
a054_3,a054,3,hn,0,0.3,near_jump,1284,0.047166656673651934
a054_3,a054,3,hn,0,0.3,away,778,0.025801470831310604
a054_3,a054,3,hn,0.3,1,near_jump,589,0.15873033085428723
a054_3,a054,3,hn,0.3,1,away,40,0.16750460616793733
a054_3,a054,3,hn,1,2,near_jump,8638,0.3052222314498355
a054_3,a054,3,hn,1,2,away,2045,0.30597824900651094
a055_2,a055,0,yaw,0,0.3,near_jump,542,0.06978024649967542
a055_2,a055,0,yaw,0,0.3,away,42,0.08983285776829561
a055_2,a055,0,yaw,0.3,1,near_jump,202,0.2402019818471989
a055_2,a055,0,yaw,0.3,1,away,28,0.1708524045130622
a055_2,a055,0,yaw,1,2,near_jump,9062,0.39623673236017004
a055_2,a055,0,yaw,1,2,away,3538,0.35271224078663915
a055_2,a055,0,hn,0,0.3,near_jump,542,0.08012603724900925
a055_2,a055,0,hn,0,0.3,away,42,0.08691660635470443
a055_2,a055,0,hn,0.3,1,near_jump,202,0.31326485613013394
a055_2,a055,0,hn,0.3,1,away,28,0.18248968203983967
a055_2,a055,0,hn,1,2,near_jump,9062,0.42029473844952303
a055_2,a055,0,hn,1,2,away,3538,0.3881046232183753
a055_2,a055,1,yaw,0,0.3,near_jump,542,0.07829683720350575
a055_2,a055,1,yaw,0,0.3,away,42,0.08435078312397012
a055_2,a055,1,yaw,0.3,1,near_jump,202,0.26344089380180336
a055_2,a055,1,yaw,0.3,1,away,28,0.24434371386284431
a055_2,a055,1,yaw,1,2,near_jump,9062,0.3964611401317967
a055_2,a055,1,yaw,1,2,away,3538,0.3663638720170657
a055_2,a055,1,hn,0,0.3,near_jump,542,0.08476882979232118
a055_2,a055,1,hn,0,0.3,away,42,0.1471139818636832
a055_2,a055,1,hn,0.3,1,near_jump,202,0.2946671288069692
a055_2,a055,1,hn,0.3,1,away,28,0.17086971327445008
a055_2,a055,1,hn,1,2,near_jump,9062,0.44690720374811693
a055_2,a055,1,hn,1,2,away,3538,0.48024452505697846
a055_2,a055,2,yaw,0,0.3,near_jump,542,0.06950255902429878
a055_2,a055,2,yaw,0,0.3,away,42,0.10894619975920984
a055_2,a055,2,yaw,0.3,1,near_jump,202,0.24509270143482642
a055_2,a055,2,yaw,0.3,1,away,28,0.18320295647359658
a055_2,a055,2,yaw,1,2,near_jump,9062,0.4008244493684418
a055_2,a055,2,yaw,1,2,away,3538,0.3690234333086277
a055_2,a055,2,hn,0,0.3,near_jump,542,0.0853049543638767
a055_2,a055,2,hn,0,0.3,away,42,0.18051830784488856
a055_2,a055,2,hn,0.3,1,near_jump,202,0.2918936780579643
a055_2,a055,2,hn,0.3,1,away,28,0.16415978777203194
a055_2,a055,2,hn,1,2,near_jump,9062,0.42904576563703656
a055_2,a055,2,hn,1,2,away,3538,0.41150218664538796
a055_2,a055,3,yaw,0,0.3,near_jump,542,0.08216787506208702
a055_2,a055,3,yaw,0,0.3,away,42,0.08181539691847078
a055_2,a055,3,yaw,0.3,1,near_jump,202,0.24676898417531476
a055_2,a055,3,yaw,0.3,1,away,28,0.19687533464958618
a055_2,a055,3,yaw,1,2,near_jump,9062,0.39559142724425933
a055_2,a055,3,yaw,1,2,away,3538,0.36805997604167073
a055_2,a055,3,hn,0,0.3,near_jump,542,0.0798120609931353
a055_2,a055,3,hn,0,0.3,away,42,0.14254619986895883
a055_2,a055,3,hn,0.3,1,near_jump,202,0.29841565396345987
a055_2,a055,3,hn,0.3,1,away,28,0.19092201418441826
a055_2,a055,3,hn,1,2,near_jump,9062,0.4186563943537198
a055_2,a055,3,hn,1,2,away,3538,0.3885142355794562
a055_3,a055,0,yaw,0,0.3,near_jump,664,0.07266479264849433
a055_3,a055,0,yaw,0,0.3,away,99,0.05908287683345913
a055_3,a055,0,yaw,0.3,1,near_jump,104,0.250407361014498
a055_3,a055,0,yaw,0.3,1,away,43,0.12255149311240573
a055_3,a055,0,yaw,1,2,near_jump,9793,0.44044649848705925
a055_3,a055,0,yaw,1,2,away,3032,0.4643378339954765
a055_3,a055,0,hn,0,0.3,near_jump,664,0.07134347469213861
a055_3,a055,0,hn,0,0.3,away,99,0.08091210712678004
a055_3,a055,0,hn,0.3,1,near_jump,104,0.32111074960224395
a055_3,a055,0,hn,0.3,1,away,43,0.11594727780354418
a055_3,a055,0,hn,1,2,near_jump,9793,0.49547039021680955
a055_3,a055,0,hn,1,2,away,3032,0.4425412131462888
a055_3,a055,1,yaw,0,0.3,near_jump,664,0.07445310457551627
a055_3,a055,1,yaw,0,0.3,away,99,0.061326192391452934
a055_3,a055,1,yaw,0.3,1,near_jump,104,0.2589610456601431
a055_3,a055,1,yaw,0.3,1,away,43,0.1299684640481164
a055_3,a055,1,yaw,1,2,near_jump,9793,0.46637466917390075
a055_3,a055,1,yaw,1,2,away,3032,0.4697295624522
a055_3,a055,1,hn,0,0.3,near_jump,664,0.07493732597304027
a055_3,a055,1,hn,0,0.3,away,99,0.0689001269768616
a055_3,a055,1,hn,0.3,1,near_jump,104,0.28062710375609234
a055_3,a055,1,hn,0.3,1,away,43,0.12610212923737185
a055_3,a055,1,hn,1,2,near_jump,9793,0.5184443060984866
a055_3,a055,1,hn,1,2,away,3032,0.5243612602911788
a055_3,a055,2,yaw,0,0.3,near_jump,664,0.06983383421700362
a055_3,a055,2,yaw,0,0.3,away,99,0.05998533212386573
a055_3,a055,2,yaw,0.3,1,near_jump,104,0.2890528536150453
a055_3,a055,2,yaw,0.3,1,away,43,0.1502061398174794
a055_3,a055,2,yaw,1,2,near_jump,9793,0.4514302516882782
a055_3,a055,2,yaw,1,2,away,3032,0.45725107972475615
a055_3,a055,2,hn,0,0.3,near_jump,664,0.07353676050040396
a055_3,a055,2,hn,0,0.3,away,99,0.06315728165858706
a055_3,a055,2,hn,0.3,1,near_jump,104,0.3145834912408944
a055_3,a055,2,hn,0.3,1,away,43,0.16850622959885575
a055_3,a055,2,hn,1,2,near_jump,9793,0.48424931331417853
a055_3,a055,2,hn,1,2,away,3032,0.48164528663352574
a055_3,a055,3,yaw,0,0.3,near_jump,664,0.06613439336495908
a055_3,a055,3,yaw,0,0.3,away,99,0.06237381183269338
a055_3,a055,3,yaw,0.3,1,near_jump,104,0.23376674466985317
a055_3,a055,3,yaw,0.3,1,away,43,0.15645394370142737
a055_3,a055,3,yaw,1,2,near_jump,9793,0.4663453775528668
a055_3,a055,3,yaw,1,2,away,3032,0.4804439204032937
a055_3,a055,3,hn,0,0.3,near_jump,664,0.0791956874631158
a055_3,a055,3,hn,0,0.3,away,99,0.07584928569951446
a055_3,a055,3,hn,0.3,1,near_jump,104,0.3404629402697413
a055_3,a055,3,hn,0.3,1,away,43,0.15679162483669326
a055_3,a055,3,hn,1,2,near_jump,9793,0.4853741085607226
a055_3,a055,3,hn,1,2,away,3032,0.4648358119484768
a057_1,a057,0,yaw,0,0.3,near_jump,1539,0.07220621777548182
a057_1,a057,0,yaw,0,0.3,away,202,0.056665090266766624
a057_1,a057,0,yaw,0.3,1,near_jump,2352,0.22764193424718232
a057_1,a057,0,yaw,0.3,1,away,998,0.30941364797939425
a057_1,a057,0,yaw,1,2,near_jump,2967,0.3703890137657622
a057_1,a057,0,yaw,1,2,away,2552,0.39014988399308015
a057_1,a057,0,hn,0,0.3,near_jump,1539,0.0718364593827388
a057_1,a057,0,hn,0,0.3,away,202,0.0631430470217866
a057_1,a057,0,hn,0.3,1,near_jump,2352,0.2526414233141511
a057_1,a057,0,hn,0.3,1,away,998,0.3080733865448693
a057_1,a057,0,hn,1,2,near_jump,2967,0.4189914418514292
a057_1,a057,0,hn,1,2,away,2552,0.41334131601773777
a057_1,a057,1,yaw,0,0.3,near_jump,1539,0.07549162225148197
a057_1,a057,1,yaw,0,0.3,away,202,0.0602165661781613
a057_1,a057,1,yaw,0.3,1,near_jump,2352,0.23004351982527477
a057_1,a057,1,yaw,0.3,1,away,998,0.29668510739493537
a057_1,a057,1,yaw,1,2,near_jump,2967,0.35382433075938907
a057_1,a057,1,yaw,1,2,away,2552,0.3709786963474524
a057_1,a057,1,hn,0,0.3,near_jump,1539,0.07544121091347272
a057_1,a057,1,hn,0,0.3,away,202,0.060155579698121395
a057_1,a057,1,hn,0.3,1,near_jump,2352,0.24039587625739448
a057_1,a057,1,hn,0.3,1,away,998,0.2869195561024906
a057_1,a057,1,hn,1,2,near_jump,2967,0.3889584375979498
a057_1,a057,1,hn,1,2,away,2552,0.39206046191250055
a057_1,a057,2,yaw,0,0.3,near_jump,1539,0.0690800781365305
a057_1,a057,2,yaw,0,0.3,away,202,0.07031568933191333
a057_1,a057,2,yaw,0.3,1,near_jump,2352,0.22763337225346533
a057_1,a057,2,yaw,0.3,1,away,998,0.2936272210433222
a057_1,a057,2,yaw,1,2,near_jump,2967,0.3683598210660147
a057_1,a057,2,yaw,1,2,away,2552,0.3812775276546353
a057_1,a057,2,hn,0,0.3,near_jump,1539,0.07377494643124495
a057_1,a057,2,hn,0,0.3,away,202,0.06566285977558463
a057_1,a057,2,hn,0.3,1,near_jump,2352,0.2281986722532972
a057_1,a057,2,hn,0.3,1,away,998,0.28869288336841636
a057_1,a057,2,hn,1,2,near_jump,2967,0.37124618623493555
a057_1,a057,2,hn,1,2,away,2552,0.35859087293665226
a057_1,a057,3,yaw,0,0.3,near_jump,1539,0.06656450554943502
a057_1,a057,3,yaw,0,0.3,away,202,0.058253018503388876
a057_1,a057,3,yaw,0.3,1,near_jump,2352,0.23390813686670495
a057_1,a057,3,yaw,0.3,1,away,998,0.3060163234075316
a057_1,a057,3,yaw,1,2,near_jump,2967,0.35316881524043736
a057_1,a057,3,yaw,1,2,away,2552,0.35768514664107076
a057_1,a057,3,hn,0,0.3,near_jump,1539,0.08197345292005437
a057_1,a057,3,hn,0,0.3,away,202,0.07023706523142534
a057_1,a057,3,hn,0.3,1,near_jump,2352,0.23785867737296107
a057_1,a057,3,hn,0.3,1,away,998,0.30492347508365875
a057_1,a057,3,hn,1,2,near_jump,2967,0.3931503918305171
a057_1,a057,3,hn,1,2,away,2552,0.3917434243794342
a057_2,a057,0,yaw,0,0.3,near_jump,6455,0.06608871526548205
a057_2,a057,0,yaw,0,0.3,away,1022,0.08597788029879665
a057_2,a057,0,yaw,0.3,1,near_jump,3079,0.27084672121696013
a057_2,a057,0,yaw,0.3,1,away,1319,0.31174962554740915
a057_2,a057,0,yaw,1,2,near_jump,1070,0.4473772520355967
a057_2,a057,0,yaw,1,2,away,579,0.37134438006594556
a057_2,a057,0,hn,0,0.3,near_jump,6455,0.07297486543904164
a057_2,a057,0,hn,0,0.3,away,1022,0.08953663074919949
a057_2,a057,0,hn,0.3,1,near_jump,3079,0.3013876456023633
a057_2,a057,0,hn,0.3,1,away,1319,0.30969870050253095
a057_2,a057,0,hn,1,2,near_jump,1070,0.49602487303550513
a057_2,a057,0,hn,1,2,away,579,0.4019428856782798
a057_2,a057,1,yaw,0,0.3,near_jump,6455,0.06803993699805212
a057_2,a057,1,yaw,0,0.3,away,1022,0.08741374484991607
a057_2,a057,1,yaw,0.3,1,near_jump,3079,0.2636672852053837
a057_2,a057,1,yaw,0.3,1,away,1319,0.29724399104431853
a057_2,a057,1,yaw,1,2,near_jump,1070,0.48115112109097424
a057_2,a057,1,yaw,1,2,away,579,0.39494074934888335
a057_2,a057,1,hn,0,0.3,near_jump,6455,0.07736715480692084
a057_2,a057,1,hn,0,0.3,away,1022,0.09773107906194588
a057_2,a057,1,hn,0.3,1,near_jump,3079,0.298955784348518
a057_2,a057,1,hn,0.3,1,away,1319,0.31990675282567355
a057_2,a057,1,hn,1,2,near_jump,1070,0.5028445298815203
a057_2,a057,1,hn,1,2,away,579,0.37604028686950663
a057_2,a057,2,yaw,0,0.3,near_jump,6455,0.0682644790930698
a057_2,a057,2,yaw,0,0.3,away,1022,0.08561688225780521
a057_2,a057,2,yaw,0.3,1,near_jump,3079,0.25995301971899915
a057_2,a057,2,yaw,0.3,1,away,1319,0.29585279003281956
a057_2,a057,2,yaw,1,2,near_jump,1070,0.4521194506620492
a057_2,a057,2,yaw,1,2,away,579,0.34254193722571574
a057_2,a057,2,hn,0,0.3,near_jump,6455,0.07360287586424592
a057_2,a057,2,hn,0,0.3,away,1022,0.0993680896841034
a057_2,a057,2,hn,0.3,1,near_jump,3079,0.27872676367593935
a057_2,a057,2,hn,0.3,1,away,1319,0.3072619828327987
a057_2,a057,2,hn,1,2,near_jump,1070,0.47451585774517946
a057_2,a057,2,hn,1,2,away,579,0.41022006031526687
a057_2,a057,3,yaw,0,0.3,near_jump,6455,0.06542967449912715
a057_2,a057,3,yaw,0,0.3,away,1022,0.08672916685627695
a057_2,a057,3,yaw,0.3,1,near_jump,3079,0.271023677655944
a057_2,a057,3,yaw,0.3,1,away,1319,0.2867201435214657
a057_2,a057,3,yaw,1,2,near_jump,1070,0.4590510789482983
a057_2,a057,3,yaw,1,2,away,579,0.34472090938213445
a057_2,a057,3,hn,0,0.3,near_jump,6455,0.07621070392547404
a057_2,a057,3,hn,0,0.3,away,1022,0.10167714911594687
a057_2,a057,3,hn,0.3,1,near_jump,3079,0.28499512833538626
a057_2,a057,3,hn,0.3,1,away,1319,0.32722497413464613
a057_2,a057,3,hn,1,2,near_jump,1070,0.49709532502613635
a057_2,a057,3,hn,1,2,away,579,0.3717528781276755
a057_3,a057,0,yaw,0,0.3,near_jump,3634,0.06931140555666335
a057_3,a057,0,yaw,0,0.3,away,650,0.0850483507076732
a057_3,a057,0,yaw,0.3,1,near_jump,3851,0.26957694394066994
a057_3,a057,0,yaw,0.3,1,away,1237,0.2837653395222441
a057_3,a057,0,yaw,1,2,near_jump,1596,0.39772702617158884
a057_3,a057,0,yaw,1,2,away,1032,0.3423240077018252
a057_3,a057,0,hn,0,0.3,near_jump,3634,0.0766987081595852
a057_3,a057,0,hn,0,0.3,away,650,0.08653858139383319
a057_3,a057,0,hn,0.3,1,near_jump,3851,0.30168720454504466
a057_3,a057,0,hn,0.3,1,away,1237,0.34698236499718765
a057_3,a057,0,hn,1,2,near_jump,1596,0.39925831173972165
a057_3,a057,0,hn,1,2,away,1032,0.33412672526187276
a057_3,a057,1,yaw,0,0.3,near_jump,3634,0.06683966352677902
a057_3,a057,1,yaw,0,0.3,away,650,0.0787249411190231
a057_3,a057,1,yaw,0.3,1,near_jump,3851,0.27070228177744066
a057_3,a057,1,yaw,0.3,1,away,1237,0.30248767588922815
a057_3,a057,1,yaw,1,2,near_jump,1596,0.41424789243040067
a057_3,a057,1,yaw,1,2,away,1032,0.34843603272403645
a057_3,a057,1,hn,0,0.3,near_jump,3634,0.07997125427712273
a057_3,a057,1,hn,0,0.3,away,650,0.09829187068143264
a057_3,a057,1,hn,0.3,1,near_jump,3851,0.28737048036554225
a057_3,a057,1,hn,0.3,1,away,1237,0.35330941020305884
a057_3,a057,1,hn,1,2,near_jump,1596,0.39410138056185934
a057_3,a057,1,hn,1,2,away,1032,0.3142749560966592
a057_3,a057,2,yaw,0,0.3,near_jump,3634,0.06679331926241666
a057_3,a057,2,yaw,0,0.3,away,650,0.07562150239207496
a057_3,a057,2,yaw,0.3,1,near_jump,3851,0.26495757899038125
a057_3,a057,2,yaw,0.3,1,away,1237,0.2868922250679606
a057_3,a057,2,yaw,1,2,near_jump,1596,0.37615957195948335
a057_3,a057,2,yaw,1,2,away,1032,0.3390092432097925
a057_3,a057,2,hn,0,0.3,near_jump,3634,0.073611246623863
a057_3,a057,2,hn,0,0.3,away,650,0.08678304317016752
a057_3,a057,2,hn,0.3,1,near_jump,3851,0.2833982491469363
a057_3,a057,2,hn,0.3,1,away,1237,0.3424428180026315
a057_3,a057,2,hn,1,2,near_jump,1596,0.3957170359292115
a057_3,a057,2,hn,1,2,away,1032,0.33528112800119164
a057_3,a057,3,yaw,0,0.3,near_jump,3634,0.06763452523911041
a057_3,a057,3,yaw,0,0.3,away,650,0.0799496139571949
a057_3,a057,3,yaw,0.3,1,near_jump,3851,0.2634347944066745
a057_3,a057,3,yaw,0.3,1,away,1237,0.27998292185851675
a057_3,a057,3,yaw,1,2,near_jump,1596,0.3771628989412994
a057_3,a057,3,yaw,1,2,away,1032,0.32378246984802456
a057_3,a057,3,hn,0,0.3,near_jump,3634,0.07346640462938756
a057_3,a057,3,hn,0,0.3,away,650,0.08772528495279604
a057_3,a057,3,hn,0.3,1,near_jump,3851,0.29061918040299967
a057_3,a057,3,hn,0.3,1,away,1237,0.3261177726483193
a057_3,a057,3,hn,1,2,near_jump,1596,0.39590621122438824
a057_3,a057,3,hn,1,2,away,1032,0.3670403598820588
a058_1,a058,0,yaw,0,0.3,near_jump,530,0.08644387344129505
a058_1,a058,0,yaw,0,0.3,away,34,0.22509478634411922
a058_1,a058,0,yaw,0.3,1,near_jump,1000,0.28634427312952176
a058_1,a058,0,yaw,0.3,1,away,127,0.2666583010675941
a058_1,a058,0,yaw,1,2,near_jump,5608,0.31135350651379484
a058_1,a058,0,yaw,1,2,away,596,0.37397949842678113
a058_1,a058,0,hn,0,0.3,near_jump,530,0.09680629525588247
a058_1,a058,0,hn,0,0.3,away,34,0.19189280299902942
a058_1,a058,0,hn,0.3,1,near_jump,1000,0.31201571247214177
a058_1,a058,0,hn,0.3,1,away,127,0.30372972342620125
a058_1,a058,0,hn,1,2,near_jump,5608,0.31372752391729536
a058_1,a058,0,hn,1,2,away,596,0.4021490736807584
a058_1,a058,1,yaw,0,0.3,near_jump,530,0.08358905171743687
a058_1,a058,1,yaw,0,0.3,away,34,0.18675340923990727
a058_1,a058,1,yaw,0.3,1,near_jump,1000,0.28464089191609543
a058_1,a058,1,yaw,0.3,1,away,127,0.24368625282626338
a058_1,a058,1,yaw,1,2,near_jump,5608,0.29697206203469234
a058_1,a058,1,yaw,1,2,away,596,0.37236434670614976
a058_1,a058,1,hn,0,0.3,near_jump,530,0.09829070393075662
a058_1,a058,1,hn,0,0.3,away,34,0.1560571584510717
a058_1,a058,1,hn,0.3,1,near_jump,1000,0.28304186990312646
a058_1,a058,1,hn,0.3,1,away,127,0.25356588905894284
a058_1,a058,1,hn,1,2,near_jump,5608,0.29835190323245386
a058_1,a058,1,hn,1,2,away,596,0.40891131788825735
a058_1,a058,2,yaw,0,0.3,near_jump,530,0.07760549384110536
a058_1,a058,2,yaw,0,0.3,away,34,0.15385488797865474
a058_1,a058,2,yaw,0.3,1,near_jump,1000,0.2881083322135555
a058_1,a058,2,yaw,0.3,1,away,127,0.2614627681428222
a058_1,a058,2,yaw,1,2,near_jump,5608,0.3284041092072814
a058_1,a058,2,yaw,1,2,away,596,0.3819982644612684
a058_1,a058,2,hn,0,0.3,near_jump,530,0.09020024132809573
a058_1,a058,2,hn,0,0.3,away,34,0.32014713403888667
a058_1,a058,2,hn,0.3,1,near_jump,1000,0.2836325631203756
a058_1,a058,2,hn,0.3,1,away,127,0.26437854540690486
a058_1,a058,2,hn,1,2,near_jump,5608,0.29413383704971646
a058_1,a058,2,hn,1,2,away,596,0.4158829138204482
a058_1,a058,3,yaw,0,0.3,near_jump,530,0.08723963495332837
a058_1,a058,3,yaw,0,0.3,away,34,0.1860117852001142
a058_1,a058,3,yaw,0.3,1,near_jump,1000,0.2965092335186218
a058_1,a058,3,yaw,0.3,1,away,127,0.2580101060414887
a058_1,a058,3,yaw,1,2,near_jump,5608,0.3201026573007227
a058_1,a058,3,yaw,1,2,away,596,0.40078562673808615
a058_1,a058,3,hn,0,0.3,near_jump,530,0.08983946852426951
a058_1,a058,3,hn,0,0.3,away,34,0.3334352089280362
a058_1,a058,3,hn,0.3,1,near_jump,1000,0.3032814277114869
a058_1,a058,3,hn,0.3,1,away,127,0.2993253949619242
a058_1,a058,3,hn,1,2,near_jump,5608,0.3463689243661062
a058_1,a058,3,hn,1,2,away,596,0.4345795160665647
a058_2,a058,0,yaw,0,0.3,near_jump,1937,0.04174289926604226
a058_2,a058,0,yaw,0,0.3,away,305,0.1130776569770976
a058_2,a058,0,yaw,0.3,1,near_jump,3444,0.15861985560877154
a058_2,a058,0,yaw,0.3,1,away,658,0.16560055348510544
a058_2,a058,0,yaw,1,2,near_jump,6175,0.20269003952945897
a058_2,a058,0,yaw,1,2,away,715,0.2026622507161076
a058_2,a058,0,hn,0,0.3,near_jump,1937,0.053692812448152084
a058_2,a058,0,hn,0,0.3,away,305,0.10604910233558681
a058_2,a058,0,hn,0.3,1,near_jump,3444,0.1391438456570327
a058_2,a058,0,hn,0.3,1,away,658,0.1382467732644486
a058_2,a058,0,hn,1,2,near_jump,6175,0.17952127684303631
a058_2,a058,0,hn,1,2,away,715,0.1782359140814029
a058_2,a058,1,yaw,0,0.3,near_jump,1937,0.04549327467694132
a058_2,a058,1,yaw,0,0.3,away,305,0.10694297869112493
a058_2,a058,1,yaw,0.3,1,near_jump,3444,0.14757814185471166
a058_2,a058,1,yaw,0.3,1,away,658,0.16540310093486493
a058_2,a058,1,yaw,1,2,near_jump,6175,0.20211067849221614
a058_2,a058,1,yaw,1,2,away,715,0.20518742896498623
a058_2,a058,1,hn,0,0.3,near_jump,1937,0.048342516231029045
a058_2,a058,1,hn,0,0.3,away,305,0.12882728222195586
a058_2,a058,1,hn,0.3,1,near_jump,3444,0.1576517625810578
a058_2,a058,1,hn,0.3,1,away,658,0.15806162059226894
a058_2,a058,1,hn,1,2,near_jump,6175,0.19755796180533783
a058_2,a058,1,hn,1,2,away,715,0.19946957280246222
a058_2,a058,2,yaw,0,0.3,near_jump,1937,0.04466297265008146
a058_2,a058,2,yaw,0,0.3,away,305,0.08648956553388805
a058_2,a058,2,yaw,0.3,1,near_jump,3444,0.13106249520514565
a058_2,a058,2,yaw,0.3,1,away,658,0.1410589738130269
a058_2,a058,2,yaw,1,2,near_jump,6175,0.17528368366222097
a058_2,a058,2,yaw,1,2,away,715,0.17858482386205374
a058_2,a058,2,hn,0,0.3,near_jump,1937,0.05159036353832583
a058_2,a058,2,hn,0,0.3,away,305,0.10255033736571059
a058_2,a058,2,hn,0.3,1,near_jump,3444,0.16133928710600537
a058_2,a058,2,hn,0.3,1,away,658,0.16248950305779697
a058_2,a058,2,hn,1,2,near_jump,6175,0.20688771738912787
a058_2,a058,2,hn,1,2,away,715,0.20402272699224483
a058_2,a058,3,yaw,0,0.3,near_jump,1937,0.04723530161035491
a058_2,a058,3,yaw,0,0.3,away,305,0.10617462172040511
a058_2,a058,3,yaw,0.3,1,near_jump,3444,0.1617699825101334
a058_2,a058,3,yaw,0.3,1,away,658,0.17906886368949962
a058_2,a058,3,yaw,1,2,near_jump,6175,0.2048288685314521
a058_2,a058,3,yaw,1,2,away,715,0.21308354816536576
a058_2,a058,3,hn,0,0.3,near_jump,1937,0.049026897505208736
a058_2,a058,3,hn,0,0.3,away,305,0.10070368523306905
a058_2,a058,3,hn,0.3,1,near_jump,3444,0.1436805209695365
a058_2,a058,3,hn,0.3,1,away,658,0.1401015649574759
a058_2,a058,3,hn,1,2,near_jump,6175,0.16860197213623737
a058_2,a058,3,hn,1,2,away,715,0.16636369128351172
a058_3,a058,0,yaw,0,0.3,near_jump,667,0.05484007168833541
a058_3,a058,0,yaw,0,0.3,away,99,0.07641235868432296
a058_3,a058,0,yaw,0.3,1,near_jump,2374,0.21278689993493705
a058_3,a058,0,yaw,0.3,1,away,945,0.22809265167117126
a058_3,a058,0,yaw,1,2,near_jump,6309,0.2985627492727914
a058_3,a058,0,yaw,1,2,away,2626,0.3074613316115074
a058_3,a058,0,hn,0,0.3,near_jump,667,0.06272402867601015
a058_3,a058,0,hn,0,0.3,away,99,0.08279534420290277
a058_3,a058,0,hn,0.3,1,near_jump,2374,0.1980700674054891
a058_3,a058,0,hn,0.3,1,away,945,0.2170024262265896
a058_3,a058,0,hn,1,2,near_jump,6309,0.29336188515472755
a058_3,a058,0,hn,1,2,away,2626,0.27065693823916864
a058_3,a058,1,yaw,0,0.3,near_jump,667,0.05774572108529822
a058_3,a058,1,yaw,0,0.3,away,99,0.07870667605252832
a058_3,a058,1,yaw,0.3,1,near_jump,2374,0.20660043600854555
a058_3,a058,1,yaw,0.3,1,away,945,0.22331235835618143
a058_3,a058,1,yaw,1,2,near_jump,6309,0.3011451001676484
a058_3,a058,1,yaw,1,2,away,2626,0.28603282008272757
a058_3,a058,1,hn,0,0.3,near_jump,667,0.06466968548241088
a058_3,a058,1,hn,0,0.3,away,99,0.09813008887481155
a058_3,a058,1,hn,0.3,1,near_jump,2374,0.20923117630571803
a058_3,a058,1,hn,0.3,1,away,945,0.2210029627406557
a058_3,a058,1,hn,1,2,near_jump,6309,0.30494563685020964
a058_3,a058,1,hn,1,2,away,2626,0.27853224412351296
a058_3,a058,2,yaw,0,0.3,near_jump,667,0.055145009844351126
a058_3,a058,2,yaw,0,0.3,away,99,0.08396289021476654
a058_3,a058,2,yaw,0.3,1,near_jump,2374,0.1851461715946205
a058_3,a058,2,yaw,0.3,1,away,945,0.20211689196854848
a058_3,a058,2,yaw,1,2,near_jump,6309,0.27561699618111823
a058_3,a058,2,yaw,1,2,away,2626,0.2748669551204226
a058_3,a058,2,hn,0,0.3,near_jump,667,0.06657398075628715
a058_3,a058,2,hn,0,0.3,away,99,0.08395853372476139
a058_3,a058,2,hn,0.3,1,near_jump,2374,0.2082356259444053
a058_3,a058,2,hn,0.3,1,away,945,0.20540002342674
a058_3,a058,2,hn,1,2,near_jump,6309,0.29953743361464064
a058_3,a058,2,hn,1,2,away,2626,0.27851318315854146
a058_3,a058,3,yaw,0,0.3,near_jump,667,0.05569796232146538
a058_3,a058,3,yaw,0,0.3,away,99,0.07883795687905033
a058_3,a058,3,yaw,0.3,1,near_jump,2374,0.20726101117127432
a058_3,a058,3,yaw,0.3,1,away,945,0.21381060024010687
a058_3,a058,3,yaw,1,2,near_jump,6309,0.29461709303486516
a058_3,a058,3,yaw,1,2,away,2626,0.2837494860927317
a058_3,a058,3,hn,0,0.3,near_jump,667,0.063073609144008
a058_3,a058,3,hn,0,0.3,away,99,0.09115854503996984
a058_3,a058,3,hn,0.3,1,near_jump,2374,0.19393363640256409
a058_3,a058,3,hn,0.3,1,away,945,0.19755774118149988
a058_3,a058,3,hn,1,2,near_jump,6309,0.27330959964393436
a058_3,a058,3,hn,1,2,away,2626,0.28224263642575725
