kind,group,arm,seconds,sequences,subjects,mean_m,seed_sd_m
curve,U,gn,1.0,32,15,0.2324280197308557,0.0013716971092217719
curve,U,yaw,1.0,32,15,0.21062512932521474,0.001996940482688327
curve,U,pca,1.0,32,15,0.22551343283325648,0.005388176920117668
curve,U,hn,1.0,32,15,0.2206486886497461,0.0018759371046177076
curve,U,gn,2.0,32,15,0.4260926797714374,0.00284890560846358
curve,U,yaw,2.0,32,15,0.38567216458833165,0.004217220449752409
curve,U,pca,2.0,32,15,0.41389698184612395,0.011755852487554768
curve,U,hn,2.0,32,15,0.4041127311733105,0.0027872437807618996
curve,U,gn,5.0,32,15,0.9363569723762991,0.007393084694965984
curve,U,yaw,5.0,32,15,0.8463731102666314,0.01121030505996974
curve,U,pca,5.0,32,15,0.9128587208825234,0.031414973995267416
curve,U,hn,5.0,32,15,0.8883643382119562,0.004858217506154738
curve,U,gn,10.0,32,15,1.6727037560729014,0.01480180100629141
curve,U,yaw,10.0,32,15,1.5076376924715666,0.0223581405915592
curve,U,pca,10.0,32,15,1.6341803224027458,0.06386251307666094
curve,U,hn,10.0,32,15,1.5855985236691033,0.009615438847640824
curve,U,gn,20.0,32,15,2.88706120486971,0.028195060275761862
curve,U,yaw,20.0,32,15,2.602660512911041,0.04145166152810258
curve,U,pca,20.0,32,15,2.83375436012603,0.11727060868156958
curve,U,hn,20.0,32,15,2.7371080101143677,0.020435874617117353
curve,U,gn,30.0,32,15,3.828351481002683,0.04029038124501123
curve,U,yaw,30.0,32,15,3.4471001515000643,0.05537136322764247
curve,U,pca,30.0,32,15,3.765813878629909,0.1578684928040012
curve,U,hn,30.0,32,15,3.624925845191895,0.03444512807025764
curve,U,gn,45.0,32,15,4.827380134781179,0.06445023843268582
curve,U,yaw,45.0,32,15,4.3207667647422685,0.06658717564458601
curve,U,pca,45.0,32,15,4.749366899083599,0.19593231810271522
curve,U,hn,45.0,32,15,4.5461125263147855,0.05115673048827659
curve,U,gn,60.0,32,15,5.434052424050471,0.0991812024112915
curve,U,yaw,60.0,32,15,4.8303491003901815,0.06975824443001123
curve,U,pca,60.0,32,15,5.34383270126693,0.2176772085891226
curve,U,hn,60.0,32,15,5.087349729755886,0.056339628239058956
curve,U,gn,90.0,32,15,5.991635436962032,0.19822060775967687
curve,U,yaw,90.0,32,15,5.220139420079488,0.07809271069338318
curve,U,pca,90.0,32,15,5.875225560514117,0.22535696326375437
curve,U,hn,90.0,32,15,5.502875451782206,0.044945107366745264
curve,U,gn,120.0,29,15,6.340169341043737,0.2946559481733978
curve,U,yaw,120.0,29,15,5.356741674018339,0.11005024589498595
curve,U,pca,120.0,29,15,6.028667053734751,0.2270707227409876
curve,U,hn,120.0,29,15,5.4919691077835715,0.0975669838929251
curve,R,gn,1.0,94,11,0.2772274166639051,0.003698455323621128
curve,R,yaw,1.0,94,11,0.2236190098278475,0.002430550295128318
curve,R,pca,1.0,94,11,0.2532332138240192,0.003382816069345666
curve,R,hn,1.0,94,11,0.23375271480689028,0.00476546690245669
curve,R,gn,2.0,94,11,0.5179413023516802,0.0077187604846576776
curve,R,yaw,2.0,94,11,0.4134936279906981,0.005224148563903619
curve,R,pca,2.0,94,11,0.4702064980195081,0.00732081559832614
curve,R,hn,2.0,94,11,0.42906266634578916,0.009615302050356036
curve,R,gn,5.0,94,11,1.1565427500195384,0.02047771634113042
curve,R,yaw,5.0,94,11,0.9027794396411943,0.015352109174966128
curve,R,pca,5.0,94,11,1.0387466662062366,0.022063405446534196
curve,R,hn,5.0,94,11,0.9265399372290555,0.02534498445922554
curve,R,gn,10.0,94,11,2.1030586135512492,0.03873669803753742
curve,R,yaw,10.0,94,11,1.6220010683877346,0.0328890052244175
curve,R,pca,10.0,94,11,1.879774872306584,0.048918469520853956
curve,R,hn,10.0,94,11,1.6532464753253822,0.05060231740306411
curve,R,gn,20.0,85,11,3.5460284609549744,0.0659753705523481
curve,R,yaw,20.0,85,11,2.7285789311776574,0.04897763249145844
curve,R,pca,20.0,85,11,3.1904203924025216,0.1128600827413474
curve,R,hn,20.0,85,11,2.767639818591806,0.08738783918094216
curve,R,gn,30.0,51,9,5.0411399335789735,0.2827858535366031
curve,R,yaw,30.0,51,9,3.6786177652255785,0.1249963726255854
curve,R,pca,30.0,51,9,4.510784950543648,0.13334031903166155
curve,R,hn,30.0,51,9,3.8579194354333843,0.16222276338678576
curve,R,gn,45.0,25,9,4.680662905815042,0.248212174567803
curve,R,yaw,45.0,25,9,3.490066956749241,0.049574464103192745
curve,R,pca,45.0,25,9,3.7960034703371526,0.26069748130707937
curve,R,hn,45.0,25,9,3.3989073085985173,0.06729790687902079
curve,R,gn,60.0,2,2,4.155975644799735,0.42646612986927684
curve,R,yaw,60.0,2,2,3.3701138383972173,0.28667159279269977
curve,R,pca,60.0,2,2,3.5015889864416145,0.12176410404631337
curve,R,hn,60.0,2,2,3.227920278845258,0.39734773800770173
anchored,U,gn,10.0,32,15,0.17959242882548343,0.01018212475356989
anchored,U,yaw,10.0,32,15,0.19427735618161418,0.011510345148388322
anchored,U,pca,10.0,32,15,0.19013830821055366,0.01641817216982578
anchored,U,hn,10.0,32,15,0.19833088992780373,0.01938084755169579
anchored,U,gn,20.0,32,15,0.8499209484404565,0.06401553613780676
anchored,U,yaw,20.0,32,15,0.8368871087843555,0.016696441579813898
anchored,U,pca,20.0,32,15,0.8467714259375239,0.06983703869320455
anchored,U,hn,20.0,32,15,0.8392608749294678,0.04175040527978629
anchored,U,gn,30.0,32,15,1.7238134267068994,0.05712028582359847
anchored,U,yaw,30.0,32,15,1.643041796877625,0.0914282347044558
anchored,U,pca,30.0,32,15,1.7764279938993401,0.13804463976387818
anchored,U,hn,30.0,32,15,1.7410020057241826,0.09467257606139055
anchored,U,gn,60.0,32,15,4.264089848213608,0.10764723063321563
anchored,U,yaw,60.0,32,15,3.6695040953023397,0.17774758194238335
anchored,U,pca,60.0,32,15,4.342501550233816,0.3209175073898774
anchored,U,hn,60.0,32,15,3.939307911688325,0.20334031012732845
anchored,U,gn,90.0,32,15,4.369447746424738,0.1621052638139836
anchored,U,yaw,90.0,32,15,3.5220530589060606,0.10938365431717506
anchored,U,pca,90.0,32,15,4.127225087188638,0.3965918459506199
anchored,U,hn,90.0,32,15,3.5576456779830954,0.06638758968773589
anchored,U,gn,120.0,32,15,4.394408686744743,0.18927259147126702
anchored,U,yaw,120.0,32,15,3.449187903570915,0.2759178170712432
anchored,U,pca,120.0,32,15,4.004324870007161,0.3528263316893843
anchored,U,hn,120.0,32,15,3.3503914397496515,0.18363543340088465
anchored,U,gn,180.0,32,15,5.17932884294563,0.43584577235974664
anchored,U,yaw,180.0,32,15,3.877631329829695,0.21740066917912385
anchored,U,pca,180.0,32,15,4.615644010685744,0.33223541532373774
anchored,U,hn,180.0,32,15,4.03817506094067,0.23463919652789106
anchored,U,gn,240.0,32,15,6.231632239993071,0.36414968613949505
anchored,U,yaw,240.0,32,15,5.086435130903132,0.23200814243903878
anchored,U,pca,240.0,32,15,5.456023296871124,0.7101680998767254
anchored,U,hn,240.0,32,15,4.936358290033862,0.21629558491467954
anchored,U,gn,300.0,32,15,7.370563089922126,0.2300604658973981
anchored,U,yaw,300.0,32,15,5.993743923868411,0.1715872275583271
anchored,U,pca,300.0,32,15,6.684207342424252,0.6436076230444524
anchored,U,hn,300.0,32,15,5.676445541627748,0.3073732566713402
anchored,U,gn,420.0,26,14,9.768055389454242,0.27407295951465005
anchored,U,yaw,420.0,26,14,7.013233808670364,0.6089532224536339
anchored,U,pca,420.0,26,14,8.691264989751705,0.8017197560621039
anchored,U,hn,420.0,26,14,6.249246102060214,0.17108518530937442
anchored,U,gn,600.0,17,11,12.781568740329963,0.6937873818301123
anchored,U,yaw,600.0,17,11,9.019600401145174,0.6702932333710192
anchored,U,pca,600.0,17,11,9.44995334495779,1.7116442371490168
anchored,U,hn,600.0,17,11,7.6940597745226995,0.4237096983997736
anchored,R,gn,10.0,94,11,0.6446624698953247,0.022385985294963988
anchored,R,yaw,10.0,94,11,0.4632925874687399,0.015763370572715457
anchored,R,pca,10.0,94,11,0.5857130588541665,0.024804286349121313
anchored,R,hn,10.0,94,11,0.478516310204571,0.02951939886690219
anchored,R,gn,20.0,94,11,2.4996356413670124,0.08900135867605706
anchored,R,yaw,20.0,94,11,1.8037994170026175,0.07174272596319142
anchored,R,pca,20.0,94,11,2.195424311754998,0.05150821024380844
anchored,R,hn,20.0,94,11,1.8553514418629142,0.10770358829172359
anchored,R,gn,30.0,94,11,3.8132458563785407,0.14862314635897128
anchored,R,yaw,30.0,94,11,2.7506901226758913,0.13785573742170792
anchored,R,pca,30.0,94,11,3.3151711589167125,0.10205473786267542
anchored,R,hn,30.0,94,11,2.8085698000935424,0.11540411963912496
anchored,R,gn,60.0,85,11,4.0554129347902474,0.13291088774871446
anchored,R,yaw,60.0,85,11,3.144107995070903,0.08912299600970593
anchored,R,pca,60.0,85,11,3.7722628910678857,0.15913349642139174
anchored,R,hn,60.0,85,11,3.086220268687792,0.046573718045040804
anchored,R,gn,90.0,51,9,5.959369718576025,0.5972398085004114
anchored,R,yaw,90.0,51,9,4.165302023565392,0.18141661615192675
anchored,R,pca,90.0,51,9,5.123809841990861,0.48303579362873134
anchored,R,hn,90.0,51,9,4.049719139539154,0.16204622052755127
anchored,R,gn,120.0,41,9,6.127555632031285,0.8440422590500736
anchored,R,yaw,120.0,41,9,3.968575019878858,0.4934364968637335
anchored,R,pca,120.0,41,9,4.509944631876381,0.3680624886808522
anchored,R,hn,120.0,41,9,3.5606708047550173,0.12140486971305942
anchored,R,gn,180.0,2,2,3.1257847745450817,1.6404444776555143
anchored,R,yaw,180.0,2,2,4.066210329370483,0.5851990941606708
anchored,R,pca,180.0,2,2,3.8846900396233215,1.1517660042886892
anchored,R,hn,180.0,2,2,3.477316274819496,0.4797345076969003
