arm,model,sequence,angle_degrees,ate_m,rte_m,ate_replay_difference_m,rte_replay_difference_m,maximum_trajectory_difference_from_zero_m
yaw,Sensors_v4_resnet_yaw_s0,a006_2,0,4.861839081745231,3.669989552691463,0.0,0.0,0.0
yaw,Sensors_v4_resnet_yaw_s0,a006_2,90,4.564714116415902,3.946444724634602,0.0,0.0,2.961070256970093
yaw,Sensors_v4_resnet_yaw_s0,a006_2,180,4.372165356675861,3.8659130035113276,0.0,0.0,3.383534097682441
yaw,Sensors_v4_resnet_yaw_s0,a006_2,270,5.407219357232294,3.5504003263594375,0.0,0.0,4.383944784316434
ns,E6_resnet_heading_nosign_s0,a006_2,0,4.5607347054358955,3.748155454769174,0.0,0.0,0.0
ns,E6_resnet_heading_nosign_s0,a006_2,90,6.811588537529647,3.6285410218339207,0.0,0.0,8.18252809193503
ns,E6_resnet_heading_nosign_s0,a006_2,180,7.0242662934198385,3.630982777575768,0.0,0.0,11.530139901238936
ns,E6_resnet_heading_nosign_s0,a006_2,270,4.210846095738077,3.7478913363881663,0.0,0.0,5.387361887319963
hn,ResNet18_v3_hn_gn_s0,a006_2,0,5.932443225261859,3.611270241579388,0.0,0.0,0.0
hn,ResNet18_v3_hn_gn_s0,a006_2,90,5.9324433500339895,3.6112702477051064,0.0,0.0,1.3368146512349516e-06
hn,ResNet18_v3_hn_gn_s0,a006_2,180,5.93244261850157,3.6112702429387316,0.0,0.0,2.0516985196299164e-06
hn,ResNet18_v3_hn_gn_s0,a006_2,270,5.932442800005285,3.6112701684009814,0.0,0.0,1.2994379953730169e-06
