exp_id,stage,date,name,type,prereg,trigger,comparison,data,n_new_weights,criteria_doc,result_doc,verdict,scripts,config,artifact_prefixes,producer_map,upstream,paper_use,status
R01,①可辨识性主线,08-18,可辨识性定理与仿真,理论/仿真,否,立项：稀疏约束能否定尺度与初始航向,理论推导 vs 二维仿真,仿真,0,docs/00,docs/01;docs/02,尺度与初始航向合成一个复增益；纯IMU不可辨识（教科书结论）,主线_可辨识性/code/exp1_theorems.py;identifiability.py,,results/published/exp1_theorems,,,论文一 §5 讨论（复增益）,已删除（2026-09-15；结论见 docs/04）
R02,①可辨识性主线,08-18~08-22,锚点预算与漂移阶次选择,只评测对照,否,R01 之后：给多少锚点能把轨迹拉回,不同锚点数/漂移阶次 vs 纯IMU,RoNIN;RIDI;OxIOD,0,docs/00,docs/03;docs/15,锚点有效；属于辅助定位，不能与纯IMU混报,主线_可辨识性/code/exp2_anchor_budget.py;exp3_order_selection.py;probe_anchor_deploy.py;probe_anchor_newproto.py;probe_dtp_saturation.py,,results/published/exp2_;results/published/exp3_;results/published/anchor_;results/published/dtp_saturation;figures/results/fig8_;figures/results/fig9_;figures/results/fig13_;results/published/paper/fig8_;results/published/paper/fig9_;results/published/paper/fig13_,,R01,不用（另一条线）,已删除（2026-09-15；结论见 docs/04）
R03,①可辨识性主线,08-18,纯IMU算法对拍（后处理/集成/TTA）,只评测对照,否,改评测口径为主流 ATE/RTE 后重新比较,30 种后处理与集成 vs 冻结网络原样,RoNIN;RIDI;OxIOD 186 条,0,,docs/05;docs/06;docs/18,后处理已穷尽（平滑/TLIO紧耦合无效）；TTA有效但太贵已叫停,主线_可辨识性/code/bench.py;bench_ens.py;bench_best.py;bench_mm.py;exp4_imu_only.py;compare_circular_alignment.py,,results/published/bench;results/published/exp4_imu_only;results/published/compare_circular_alignment,,R02,不用,已删除（2026-09-15；结论见 docs/04）
R04,①可辨识性主线,08-19~08-23,方向瓶颈与误差通道探针,描述性诊断,否,R03 发现后处理无效：误差在哪个通道,给真值方向/尺度的上限 vs 原样,RoNIN;RIDI;Vicon 子集,0,,docs/11;docs/12;docs/14;docs/18,误差瓶颈在方向（真值方向上限 −42%~−67%）,主线_可辨识性/code/probe_dir_*.py;probe_drift_order_ceiling.py;probe_residual_channels.py;probe_direction_vicon.py;probe_frame_yaw.py;probe_gyro_bias.py,,results/published/dir_;results/published/drift_order_ceiling;results/published/residual_channels;results/published/probe_direction_vicon;results/published/probe_frame_yaw;results/published/probe_gyro_bias;figures/results/fig2_;figures/results/fig3_;results/published/paper/fig2_;results/published/paper/fig3_,,R03,论文一动机（误差构成）,已删除（2026-09-15；结论见 docs/04）
R05,①可辨识性主线,08-18~08-23,新架构与组件扫描（A6 诞生）,训练对照,否,R04 后：改架构/损失/前端能否降误差,83 个配置（CNN/TCN/LSTM/Transformer × 损失/前端/窗长/微调）,RoNIN 训练；RoNIN/RIDI/OxIOD 测试,91,,docs/07;docs/10;docs/13;docs/14;docs/18,选出 A6（Transformer+HN+GN+PreFilter）；改架构收益有限,主线_可辨识性/code/train.py;pkg_train.py;eval_trained.py;finetune.py;analyse_*.py,,results/published/eval_;results/published/smoke_shape;results/published/pool_docs12;models/sweep_archive;models/A2_;models/A3_;models/A6_huber;models/C_bs256,models/sweep_archive>code-data/主线_可辨识性/code/train.py|models/A>code-data/主线_可辨识性/code/train.py|models/C_>code-data/主线_可辨识性/code/train.py,R04,原稿 A6 的来源,已删除（2026-09-15；结论见 docs/04）
R06,①可辨识性主线,08-18~08-23,OxIOD 探针与大剂量训练,训练对照,否,想用 OxIOD 扩充训练数据,加 11 h OxIOD vs 只用 RoNIN,RoNIN;OxIOD,0,,docs/03;docs/21,四个评测组全部恶化 +19%~+81%，路线关闭,主线_可辨识性/code/probe_oxiod_*.py;run_oxiod_dose.sh;pkg_report.py,,results/published/probe_oxiod;results/published/oxiod_dose,,R05,不用,已删除（2026-09-15；结论见 docs/04）
R07,①可辨识性主线,08-20~08-29,自采数据锚点/粒子滤波/地图,只评测对照,否,应用定位转向：低成本锚点,锚点/粒子滤波 vs 纯网络,自采 Path1–3 50 条,0,,docs/17;docs/19,自采 50 条 DTP 2.207→0.453 m（辅助定位，最强正面结果）,主线_可辨识性/code/eval_selfdata*.py;eval_routes_pf.py;pf_localize.py;mapgrid*.py;plot_selfdata_*.py,,results/published/selfdata_;results/published/eval_selfdata;results/published/eval_routes_pf;results/published/probe_pf_noscale_ablation;figures/results/fig10_;figures/results/fig11_;figures/results/fig12_;figures/results/fig14_;results/published/paper/fig10_;results/published/paper/fig11_;results/published/paper/fig12_;results/published/paper/fig14_,,R02,不用（另一条线）,已删除（2026-09-15；结论见 docs/04）
R08,①可辨识性主线,08-20,PDR 与 GPS 基线,只评测对照,否,应用定位需要经典基线,PDR/GPS vs 网络,RoNIN 公开;自采,0,,docs/19,PDR 在公开数据上远差于网络,主线_可辨识性/code/eval_pdr_public.py;pdr_tune_public.py;eval_gps.py,,results/published/eval_pdr_public;results/published/pdr_params_public;results/published/eval_gps;figures/results/fig7_;results/published/paper/fig7_,,R07,不用,已删除（2026-09-15；结论见 docs/04）
R09,①可辨识性主线,08-23,手册与总结图表,稿件构建,否,阶段汇总（手册 H0–H7）,—,—,0,,docs/手册;docs/18,—,主线_可辨识性/code/make_manual.py;build_index.py;make_paper_assets.py;verify_docs_*.py,,figures/results;results/published/paper;results/published/verify_total,,R03;R04;R05;R07,不用,已删除（2026-09-15；结论见 docs/04）
T01,②HN-Transformer原稿,08-29~09-05,迁移与复现（186 条公开 + 50 条自采）,数据与流程,否,A6 独立成篇：把旧项目迁成可复现包,新代码复算 vs 旧发布结果,RoNIN seen/unseen;RIDI;OxIOD-large;自采 50 条,0,,provenance/MIGRATION_RECORD.md;docs/HN-Transformer_算法实验代码数据完整说明.md,复算 372 条最大差 2.27e-6，自采 100 条最大差 5.54e-6,src/pkg_eval.py;src/eval_self_collected.py;src/raw_data.py;tools/compare_reproduction.py;tools/verify_reproduced_results.py;tools/compare_self_collected.py;tools/make_paper_assets.py;tools/rebuild_caches.py;tools/verify_raw_data.py;tools/verify_docs_18.py,config/dataset_sequences.json;config/experiment.json,results/generated/eval_reproduced;results/generated/eval_self_collected_reproduced;results/generated/reproduction_comparison;results/generated/reproduced_;results/generated/paper;data/eval/benchmark;data/eval/self_collected;data/train;verification/frozen/reproduction;verification/frozen/raw_data;verification/generated/reproduction;verification/generated/raw_data/;provenance,data/eval/benchmark>tools/rebuild_caches.py|data/train>tools/rebuild_caches.py|verification/frozen/reproduction>tools/verify_reproduced_results.py|verification/generated/reproduction>tools/verify_reproduced_results.py|verification/frozen/raw_data>tools/verify_raw_data.py|verification/generated/raw_data/>tools/verify_raw_data.py|data/eval/self_collected>（迁移：从旧主线缓存复制，见 provenance/MIGRATION_RECORD.md）,R05;R07,原稿（证据稿）,完成
T02,②HN-Transformer原稿,08-30~08-31,v2 补强矩阵（学习曲线 + 同数据 ResNet18/IMUNet）,训练对照,是,审稿式意见：缺同数据主干对照、数据效率、受试者泄漏,A6 vs ResNet18-matched vs ResNet18-MSE-Adam vs IMUNet；A6 25/50/100% 时长,RoNIN 受试者独立 34 训练/8 验证,24,docs/EXPERIMENT_PROTOCOL_V2.md;config/strengthening_matrix.json;config/imunet_extension_v2_1.json,paper/generated_v2_results.md;paper/证据索引.md,HN-Transformer 较 ResNet18 unseen/RIDI −34.3%/−35.0%（对照无 GN 无增强，后被 U01 削弱）,tools/run_experiment_matrix.py;src/pkg_train.py;tools/run_imunet_extension.py;src/imunet_baseline.py;tools/summarize_strengthening.py;tools/plot_v2_results.py;tools/make_v2_paper_tables.py,config/strengthening_matrix.json;config/imunet_extension_v2_1.json;config/splits_subject_disjoint_v2.json,models/generated/A6_v2;models/generated/ResNet18_v2;models/generated/IMUNet2024_v21;results/generated/eval_strengthening;results/generated/eval_submission_v2_v21;results/generated/eval_imunet_v21;results/generated/run_events;results/generated/_smoke;figures/submission/fig02_;figures/submission/fig03_;figures/reproduced/fig02_;figures/reproduced/fig03_,models/generated/A6_v2>src/pkg_train.py|models/generated/ResNet18_v2>src/pkg_train.py|models/generated/IMUNet2024_v21>src/pkg_train.py,T01,原稿表 1–3,已删除（2026-09-15；结论见 docs/04）
T03,②HN-Transformer原稿,09-01~09-02,RQ1–RQ4 组件与主干矩阵,训练对照,是,回答各组件贡献与主干是否可换,去掉 HN/GN/PreFilter/Huber 各一项；HN×GN 析因；同前端换 ResNet18/IMUNet 主干,RoNIN 受试者独立,28,config/rq_experiment_matrix_v3.json,paper/RQ1-RQ4实验结果分析_20260902.md;paper/generated_rq1_rq4_results.md;paper/generated_rte_significance.md,关 HN unseen +24.9%/RIDI +40.2%；接 HN+GN 后 ResNet18/IMUNet 也降 24–31%；本文模型 ResNet18_v3_hn_gn 由此产生,tools/run_rq_experiment_matrix.py;src/pkg_train.py;tools/summarize_rq_experiments.py;tools/make_rq_paper_assets.py;tools/make_rte_and_significance_tables.py,config/rq_experiment_matrix_v3.json,models/generated/A6_v3;models/generated/ResNet18_v3;models/generated/IMUNet2024_v3;results/generated/eval_rq1_rq4;figures/submission/rq_v3;figures/reproduced/rq_v3;logs/rq_v3,models/generated/A6_v3>src/pkg_train.py|models/generated/ResNet18_v3>src/pkg_train.py|models/generated/IMUNet2024_v3>src/pkg_train.py|figures/submission/rq_v3>tools/make_rq_paper_assets.py|figures/reproduced/rq_v3>tools/make_rq_paper_assets.py|results/generated/eval_rq1_rq4_v3_registered.json>tools/run_rq_experiment_matrix.py|results/generated/eval_rq1_rq4_v3_registered_summary>tools/summarize_rq_experiments.py,T02,原稿；本文模型的来源,完成
T04,②HN-Transformer原稿,08-31~09-05,TLIO 事后跨设备形态检验,只评测对照,是,补一个头戴设备数据集,A6 vs ResNet18 vs IMUNet（冻结权重）,TLIO 官方 test 36 条,0,config/tlio_extension_v2_2.json,paper/generated_tlio_results.md,A6 4.300 m 优于 ResNet18 6.104、IMUNet 6.660（事后、探索性）,src/eval_tlio_posthoc.py;tools/rebuild_tlio_cache.py;tools/summarize_tlio_posthoc.py,config/tlio_extension_v2_2.json,results/generated/eval_tlio_posthoc;data/eval/tlio_posthoc;verification/generated/raw_data_tlio_scope,data/eval/tlio_posthoc>tools/rebuild_tlio_cache.py|results/generated/eval_tlio_posthoc_v22.json>src/eval_tlio_posthoc.py|results/generated/eval_tlio_posthoc_v22_summary>tools/summarize_tlio_posthoc.py|verification/generated/raw_data_tlio_scope>tools/verify_raw_data.py,T02,原稿,已删除（2026-09-15；结论见 docs/04）
T05,②HN-Transformer原稿,09-02~09-05,冻结与投稿包,数据与流程,否,投稿前把权重/结果/清单冻结,—,—,0,,REPRODUCIBILITY.md;SUBMISSION_CHECKLIST.md,1283 个文件 SHA-256 清单；40 个检查点跨平台复算一致,tools/freeze_submission_artifacts.py;tools/export_paper_evidence.py;tools/verify_package.py;tools/update_manifest.py;tools/verify_cross_platform_inference.py;tools/make_registered_numbers.py;tools/inventory_models.py;tools/capture_training_environment.py;run_all.py,config/release_policy.json,models/submission_frozen;results/submission_frozen;verification/frozen/paper_evidence;verification/frozen/cross_platform;verification/generated/paper_evidence;logs/final_verify;logs/revision_backup;figures/submission/README,models/submission_frozen>tools/freeze_submission_artifacts.py|results/submission_frozen>tools/freeze_submission_artifacts.py|verification/frozen/paper_evidence>tools/export_paper_evidence.py|verification/generated/paper_evidence>tools/export_paper_evidence.py|verification/frozen/cross_platform>tools/verify_cross_platform_inference.py|figures/submission/README>（手写说明）,T02;T03;T04,原稿投稿包,完成
T06,②HN-Transformer原稿,09-02,Transformer 原理图与 A6 流程图,稿件构建,否,教学文档与稿子图 1,—,—,0,,docs/22,—,src/make_transformer_figures.py,,figures/architecture;figures/reproduced/architecture;figures/submission/fig01_;figures/reproduced/fig01_,figures/architecture>src/make_transformer_figures.py|figures/reproduced/architecture>src/make_transformer_figures.py|figures/submission/fig01_>src/make_transformer_figures.py|figures/reproduced/fig01_>src/make_transformer_figures.py,,原稿图 1,完成
U01,③Sensors稿与合并,09-06,Sensors v4 强基线（GN / 偏航增强 / 混合 PCA）,训练对照,是,独立投稿评估：对照太弱（无 GN、无增强）,同 ResNet18 主干：HN vs GN only vs GN+偏航增强 vs GN+混合PCA；另 6 个预算敏感性,RoNIN 受试者独立；RIDI,18,config/sensors_revision_v4.json;paper/sensors_submission/处理方案与证据清单.md,paper/sensors_submission/投稿前处理结果与交接说明.md;paper/合并方案与改进计划_20260907.md,HN vs 增强 unseen −6.0%/RIDI −0.7% 区间含零；unseen RTE 显著更差；HN vs GN、PCA 显著更好；HN 精确不变（1e-7）,src/sensors_train.py;src/sensors_frontend.py;tools/run_sensors_revision.py;tools/sensors_evaluate.py;tools/sensors_analyze.py;tools/sensors_diagnostics.py;tools/verify_sensors_revision.py;tools/build_sensors_manuscript.py;tools/export_sensors_docx.py,config/sensors_revision_v4.json,models/sensors_v4;results/sensors_v4;figures/sensors_v4;logs/sensors_v4;verification/generated/sensors_v4,models/sensors_v4>src/sensors_train.py|figures/sensors_v4>tools/build_sensors_manuscript.py|verification/generated/sensors_v4>tools/verify_sensors_revision.py,T03,Sensors 稿；合并稿与 v2 稿主表,完成
U02,③Sensors稿与合并,09-07,E1 初始航向重复性,只评测对照,是,"合并稿要把""精确不变""做成可测量结果",8 个输入偏航角：HN vs 增强 vs GN vs PCA（3 个主干）,RoNIN 独立受试者;RIDI,0,tools/e1_heading_repeatability.py 文件头,paper/merged/manuscript_zh.md §4.3,增强网络逐序列 ATE 极差中位 2.377 m；HN 约 6.9e-7 m,tools/e1_heading_repeatability.py;tools/e1_analyze.py;tools/e1_figure.py;tools/e1_repeatability_table.py,,results/e1_heading_repeatability;figures/e1;logs/e1_heading_repeatability,figures/e1>tools/e1_figure.py,U01,合并稿/MST稿/v2 稿 §4.3,完成
U03,③Sensors稿与合并,09-07,E1b 偏航对齐后的重复性,只评测对照,是,检验 E1 的差异是否只是全局偏航,同 E1 但先做最优偏航对齐,同 E1,0,config/e1b_yaw_aligned.md,paper/merged/supplement_zh_v2.md,对齐后差异仍在（敏感性分析）,tools/e1b_yaw_aligned.py,config/e1b_yaw_aligned.md,results/e1b_yaw_aligned;verification/generated/e1b_smoke,,U02,补充材料,完成
U04,③Sensors稿与合并,09-08,E3 主干 × 前端（Transformer/IMUNet 的偏航增强臂）,训练对照,是,U01 只在 ResNet18 上比了增强,Transformer 与 IMUNet 上 HN vs 偏航增强,RoNIN 独立受试者;RIDI,8,config/e3_backbone_frontend.json,paper/mst/manuscript_en.md;paper/merged/manuscript_zh_v2.md 表 4,精度方向因主干而异：Transformer RIDI 增强更好；IMUNet unseen HN 更好；三主干 unseen RTE 都是增强更好,tools/run_e3_train.py;tools/e3_evaluate.py;tools/e3_analyze.py;tools/e3_chain.sh,config/e3_backbone_frontend.json,models/e3_backbone_frontend;results/e3_backbone_frontend;logs/e3;results/generated/crosscheck_e3,models/e3_backbone_frontend>tools/run_e3_train.py|results/generated/crosscheck>tools/e3_chain.sh,U01;T03,MST 稿/v2 稿,完成
U05,③Sensors稿与合并,09-07（09-13 补区间）,E4 误差随时间尺度,描述性诊断,否,解释为什么 ATE 与 RTE 排序相反,HN vs 增强：固定跨度位移误差与起点锚定误差,RoNIN 独立受试者,0,,paper/merged/manuscript_zh_v2.md 表 9;docs/44,1–90 s 位移误差 HN 显著更差；长时段优势只是趋势,tools/e4_error_timescale.py;tools/e4_intervals_20260913.py,,results/e4_error_timescale;logs/e4_,,U01,v2 稿表 9/图 6,完成
U06,③Sensors稿与合并,09-07,E6 去掉三阶矩定符号的消融,训练对照,是,精确不变是否来自定符号这一步,HN（带定符号） vs HN 去定符号,RoNIN 独立受试者;RIDI,4,config/e6_sign_ablation.json,paper/merged/manuscript_zh.md §4.3.2,去定符号 unseen ATE 6.899、RIDI 3.502 m 且不再不变,src/e6_frontend.py;tools/run_e6_train.py;tools/e6_evaluate.py;tools/e6_analytic_check.py,config/e6_sign_ablation.json,models/e6_sign_ablation;results/e6_sign_ablation;logs/e6_,models/e6_sign_ablation>tools/run_e6_train.py,U02,合并稿/v2 稿主张 A 的前身,完成
U07,③Sensors稿与合并,09-08,E0 八个初始方向的轨迹叠放,描述性诊断,否,"给读者直观看到""同一条数据换坐标轨迹不同""",8 个偏航角下 HN vs 增强的轨迹,RoNIN 示例序列,0,,paper/mst/manuscript_en.md 图 19–20,—,tools/e0_trajectory_overlay.py,,results/e0_trajectory_overlay,,U02,MST 稿图 19–20,完成
U08,③Sensors稿与合并,09-09,E7 标准化位置 + E8 退化窗扰动,描述性诊断,是（E8）,审稿意见：GN 顺序与退化条件,GN 在 HN 前/后；低三阶矩/近等特征值窗的扰动敏感性,RoNIN 窗,0,config/e8_degeneracy_perturbation.json,paper/priority_revision_20260909/manuscript_en.md,低三阶矩窗翻转率更高（描述）,tools/e7_operation_order.py;tools/e8_degeneracy_perturbation.py;tools/e8b_flip_budget.py,config/e8_degeneracy_perturbation.json,results/e7_operation_order;results/e8_degeneracy_perturbation;~/Desktop/HeadingNorm论文修改_20260907/mst/e8_,~/Desktop/HeadingNorm论文修改_20260907/mst/e8_>tools/e8_degeneracy_perturbation.py（旧版运行结果的副本）,U02,priority 修订稿,已删除（2026-09-15；结论见 docs/04）
U09,③Sensors稿与合并,09-09,审稿后检查（官方权重复算/帧事件/残差结构）,描述性诊断,否,模拟审稿意见（MST/Electronics）,官方 RoNIN 复算 vs 文献值；帧事件附近 vs 远离,RoNIN unseen 32 条,0,,paper/priority_revision_20260909/review_resolution_en.md,官方 ATE 5.1404 m 复现；RTE 劣势不来自帧事件,tools/review_priority_diagnostics_20260909.py;tools/run_priority_checks_20260909.py;tools/verify_mst_velocity_20260909.py;tools/replay_mst_illustration_20260909.py,,verification/priority_revision_20260909,verification/priority_revision_20260909>tools/review_priority_diagnostics_20260909.py,U01;U02,priority 修订稿,完成
U10,③Sensors稿与合并,09-06~09-10,英文稿构建（hn_revision/MST/priority）与审稿复现包,稿件构建,否,合并稿之后多次换期刊写法,—,—,0,,paper/hn_revision_20260908/editorial_note_en.md;paper/mst_revision_20260909/README.md;paper/priority_revision_20260909/README.md;reviewer_release_20260909/README_提交说明.md,—,tools/build_hn_revision_20260908.py;tools/build_mst_revision_20260909.py;tools/build_priority_revision_20260909.py;tools/build_priority_additions_20260909.py;tools/mst_figures.py;tools/export_*_20260909.py;tools/package_review_materials_20260909.py;tools/finalize_review_package_20260909.py;tools/verify_*manuscript*.py,,figures/mst;paper/hn_revision_20260908;paper/mst_revision_20260909;paper/priority_revision_20260909;verification/hn_revision_20260908;verification/mst_revision_20260909;verification/reviewer_package_20260909;verification/generated/independent_review;verification/generated/manuscript_revision;reviewer_release_20260909;~/Desktop/HeadingNorm论文修改_20260907/mst/figures,figures/mst>tools/mst_figures.py|~/Desktop/HeadingNorm论文修改_20260907/mst/figures>tools/mst_figures.py|verification/hn_revision_20260908>tools/verify_hn_reproducibility_20260908.py|verification/mst_revision_20260909>tools/build_mst_revision_20260909.py|verification/reviewer_package_20260909>tools/package_review_materials_20260909.py|reviewer_release_20260909>tools/finalize_review_package_20260909.py|verification/generated/independent_review>tools/sensors_diagnostics.py|verification/generated/manuscript_revision>（无脚本：09-06 会话中手工核对稿件的记录）,U01;U02;U03;U04;U05;U06;U07;U08;U09,英文稿各版本,已删除（2026-09-15；结论见 docs/04）
V01,④HN外挂与统一评测,09-10,外挂 HN 到官方 RoNIN 权重,只评测对照,否,新角度：HN 能否不重训直接外挂,官方 RoNIN ResNet 原样 vs 外挂 HN（8 个初始方向）,RoNIN unseen,0,,docs/24,−6.5%，不显著,tools/hn_on_official_ronin_20260910.py;tools/hn_on_official_fig_20260910.py,,results/hn_on_official_ronin_20260910;figures/hn_on_official_ronin,,U02,v2 稿 §4.9 前身,已删除（2026-09-15；结论见 docs/04）
V02,④HN外挂与统一评测,09-10,09-10 新自采（3 人 × 手持/裤兜）试评,描述性诊断,否,看本文模型在新手机数据上的样子,本文模型各持机方式,自采 09-10,0,,docs/24,发现静止检测阈值问题（121 m 漂移）,tools/plot_new_selfdata_20260910.py;tools/plot_new_selfdata_fig_20260910.py,,results/new_selfdata_20260910;figures/new_selfdata_20260910,,T03,不用,已删除（2026-09-15；结论见 docs/04）
V03,④HN外挂与统一评测,09-11,外挂 HN 到本项目冻结的两个非等变臂,只评测对照,否,V01 在官方权重上不显著，先在自训网络上看,冻结两臂原样 vs 外挂 HN；规范方向扫描,RoNIN;RIDI,0,,docs/24;docs/25,自训两臂 −27.5%/−15.4% 显著,tools/hn_bolt_on_frozen_arms_20260910.py;tools/hn_bolt_on_summary_20260910.py;tools/hn_canonical_direction_sweep_20260910.py;tools/make_hn_bolt_on_report_20260911.py,,results/hn_bolt_on_frozen_arms_20260910,,V01,v2 稿 §4.9,已删除（2026-09-15；结论见 docs/04）
V04,④HN外挂与统一评测,09-12,P0 插件：外挂到官方 ResNet/LSTM/TCN,只评测对照,是,即插即用主张需要多个外部权重,官方 ResNet/LSTM/TCN × 原样 vs 外挂 HN / HN-S,RoNIN seen/unseen;RIDI;TLIO,0,docs/27,docs/28,即插即用不成立：ResNet 1/4 显著；LSTM/TCN 被逐帧 HN 破坏,tools/hn_plugin_p0_20260912.py;tools/hn_plugin_p0_analyze_20260912.py;tools/hn_plugin_p0_seqcheck_20260912.py,,results/hn_plugin_p0_20260912;verification/generated/hn_plugin_p0_smoke,,V03,v2 稿表 16,已删除（2026-09-15；结论见 docs/04）
V05,④HN外挂与统一评测,09-12,外挂机制检查（探索）,描述性诊断,否,V04 之后理解改善从哪来,—,RoNIN unseen,0,,docs/26 §11,—,tools/hn_mechanism_check_20260912.py,,results/hn_mechanism_check_20260912,,V01;V03,不用,已删除（2026-09-15；结论见 docs/04）
V06,④HN外挂与统一评测,09-12~09-13,P1：HN-seq 修序列模型 + EqNIO 同协议,只评测对照,是,V04 序列模型被破坏，能否修好；与 EqNIO 比,HN-seq vs 逐帧 HN；EqNIO 两权重,RoNIN;RIDI;TLIO,0,docs/29,docs/30,HN-seq 修好逐帧破坏但 LSTM unseen 仍差 +13.3%，不损失主张不成立,tools/hn_seq_p1_20260912.py;tools/eqnio_protocol_p1_20260912.py;tools/eqnio_models_20260912.py;tools/p1_analyze_20260912.py,,results/hn_seq_p1_20260912;results/eqnio_p1_20260912;results/p1_summary_20260912;verification/generated/hn_seq_p1_smoke;verification/generated/eqnio_p1_smoke,,V04,v2 稿表 16,已删除（2026-09-15；结论见 docs/04）
V07,④HN外挂与统一评测,09-13,P2：IMUNet 官方代码重训 4 个逐窗网络 + 外挂,训练对照,是,作者权重不可用，只能重训,4 个结构 × 原样 vs 外挂 HN,RoNIN 官方划分,4（在 external_code/IMUNet_runs）,docs/31,docs/32,只有 MobileNet 过自检；逐窗外挂不损失成立（1 个结构）,tools/imunet_retrain_eval_20260913.py;tools/p2_analyze_20260913.py;tools/imunet_owndata_selfcheck_20260913.py,,results/imunet_retrain_p2_20260913;results/imunet_owndata_selfcheck;verification/generated/imunet_retrain_p2_smoke,results/imunet_owndata_selfcheck>tools/imunet_owndata_selfcheck_20260913.py,V04,v2 稿表 16,已删除（2026-09-15；结论见 docs/04）
V08,④HN外挂与统一评测,09-13,误差分解与复增益上限,描述性诊断,否,用户指出方向偏：先弄清误差在哪,只修尺度/只修航向/两者 vs 原样（起点固定）,RoNIN unseen,0,,docs/33;docs/35,起点固定时尺度+航向只解释 ~32%，大头是漂移（docs/35 更正 docs/33）,tools/error_budget_20260913.py;tools/complex_gain_oracle_20260913.py,,results/error_budget;results/complex_gain_oracle,,V04;V07,v2 稿 §3.8 复增益分解,完成
V09,④HN外挂与统一评测,09-13,统一评测（14 个模型 × 5 个测试集）,只评测对照,是,各稿口径不一：统一起点重合口径重新比,本文 HN/GN/PCA/增强、Transformer、IMUNet、官方权重、EqNIO 等,RoNIN seen/unseen;RIDI;TLIO test;IMUNet 手机 test,0,docs/36,docs/37;docs/40,HN 对 PCA 5/5 显著好；对增强 5/5 未检出差异；跨域只修尺度上限 ≥10%,tools/unified_eval_20260913.py;tools/unified_analyze_20260913.py;tools/unified_significance_20260913.py;tools/build_imunet_cache_20260913.py,,results/unified_eval_20260913;data/eval/imunet_owndata;verification/generated/unified_eval_smoke,data/eval/imunet_owndata>tools/build_imunet_cache_20260913.py,U01;V04,v2 稿 §4.8 表 13–15,完成
V10,④HN外挂与统一评测,09-13,加计尺度自校准,只评测对照,是,V09 发现手机上路程偏短、尺度可观,测试时尺度自校准 vs 原样,5 个测试集,0,docs/38,docs/39,5 个测试集全部显著变差，第二创新点放弃,tools/scale_selfcal_20260913.py;tools/scale_selfcal_analyze_20260913.py;tools/scale_selfcal_diag_20260913.py,,results/scale_selfcal_20260913,,V09,v2 稿 §5（失败如实写）,已删除（2026-09-15；结论见 docs/04）
V11,④HN外挂与统一评测,09-13,偏航增强训练 + 测试时外挂 HN,只评测对照,是,审稿意见 M1：docs/24 最强结果没检验,增强网络外挂 HN vs 增强原样；vs 训练时用 HN,RoNIN seen;RIDI;TLIO;手机,0,docs/45,docs/46,比较 A 成立（2/4 显著）；比较 B 不成立,tools/yawhn_summary_20260913.py;tools/yawhn_verdict_20260913.py;tools/unified_eval_20260913.py,,results/unified_eval_20260913/ours_yaw_hn;results/unified_eval_20260913/yawhn_;results/unified_eval_20260913/run_yawhn,,V09,v2 稿 §4.8 表 16;主张 B 前身,完成
V12,④HN外挂与统一评测,09-13,C8 测试时平均,只评测对照,是,审稿意见 M2：缺测试时平均基线,增强网络 C8 平均 vs 外挂 HN,5 个测试集,0,docs/47,docs/48,C8 更准（3/5 显著）；HN 只剩 1 次前向 + 精确不变,tools/tta_repeat_20260913.py;tools/tta_verdict_20260913.py;tools/unified_eval_20260913.py,,results/tta_repeat_20260913;results/unified_eval_20260913/ours_yaw_tta8;results/unified_eval_20260913/run_yawtta,,V11,v2 稿表 17,完成
V13,④HN外挂与统一评测,09-13,两方向帧平均,只评测对照,是,外部模拟审稿：两方向平均也能精确不变,外挂 HN vs 两方向帧平均（2 次前向）,5 个测试集,0,docs/50,docs/51,未检出差异（0/5 好、1/5 差）；精确不变不再是 HN 独有,tools/fa2_repeat_20260913.py;tools/fa2_verdict_20260913.py;tools/unified_eval_20260913.py,,results/fa2_repeat_20260913;results/unified_eval_20260913/ours_yaw_fa2,,V12,v2 稿表 17;主张 B,完成
V14,④HN外挂与统一评测,09-13,确认性检验（未碰过的数据）,只评测对照,是,自审：所有结论出自反复使用的 5 个测试集,H1 测试时规范化 vs 增强原样；H2 官方外挂非劣；H3 HN vs PCA,TLIO train+val 318 条;IMUNet 训练划分 87 条,0,docs/53,docs/54,主张 A、B 确认；官方外挂非劣只在 TLIO 确认,tools/build_confirm_caches_20260913.py;tools/confirm_eval_20260913.py;tools/confirm_verdict_20260913.py,,results/confirm_20260913;data/eval/confirm_,data/eval/confirm_>tools/build_confirm_caches_20260913.py,V09;V11;V13,论文一主证据（尚未写入稿子）,完成
V15,④HN外挂与统一评测,09-13,v2 中文稿构建,稿件构建,否,按 C1–C4 + 统一评测重组稿子,—,—,0,docs/41,docs/44;docs/49;docs/52,—,tools/make_v2_figures_20260913.py;tools/build_supplement_v2_20260913.py,,figures/v2;paper/merged,figures/v2>tools/make_v2_figures_20260913.py,V09;V11;V12;V13,论文一现稿,需按 A+B 改稿
W01,⑤误差诊断与测试时修正,09-14,白盒诊断（HN 各环节中间量）,描述性诊断,否,找误差到底在网络哪一环,真值方向/真值符号 vs HN 参考方向,5 个测试集,0,,docs/55 §1,误差不在 HN 模块；方向通道占 62–80%,tools/hn_whitebox_20260914.py;tools/hn_sign_oracle_20260914.py,,results/hn_whitebox_20260914;figures/whitebox,,V09,论文二动机,完成
W02,⑤误差诊断与测试时修正,09-14,FWHP 手机实测（四种持机）,只评测对照,否,用户提供带路线真值的手机数据,本文模型 vs 官方 RoNIN 等 9 种方法,FWHP 10 次 iPhone,0,,docs/55 §2,官方 RoNIN 闭合 4.88 m 优于本文 6.47 m；持机切换处 5–24° 跳变,tools/fwhp_eval_20260914.py;tools/fwhp_baselines_20260914.py;tools/fwhp_mode_check_20260914.py,,results/fwhp_20260914;figures/fwhp,,W01,论文二动机,完成
W03,⑤误差诊断与测试时修正,09-14,过程中航向不走偏（在线零偏 M1 + 切换桥接 M2）,只评测对照,是,用户决定主攻方向不走偏,M1/M2/M1+M2 vs 原样（8 种方法）,FWHP;RoNIN test 原始;自采反例 50 条,0,docs/56,docs/57,C1 不成立（7/10）；C2 0/7；RoNIN 不损害不成立,tools/heading_consistency_20260914.py;tools/heading_consistency_verdict_20260914.py,,results/heading_consistency_20260914,,W02,不用,已删除（2026-09-15；结论见 docs/04）
W04,⑤误差诊断与测试时修正,09-14,RoNIN 携带方式统计,描述性诊断,否,切换状态空间模型需要开发数据,—,RoNIN train+val 88 条,0,,docs/58,倾角>30° 切换 1.2 次/min；GRV 不能定初始航向,tools/ronin_carry_stats_20260914.py,,results/heading_consistency_20260914/ronin_carry_stats,,W03,不用,已删除（2026-09-15；结论见 docs/04）
W05,⑤误差诊断与测试时修正,09-14,分段常值持机偏角,描述性诊断,否,M2 升级版的前提检验,段常值偏角 vs 原样,RoNIN val 16 条,0,docs/59,docs/59 §7,段内偏角远非常值；不做,tools/segment_offset_20260914.py,,results/segment_offset_20260914;results/segment_offset_,,W04,不用,已删除（2026-09-15；结论见 docs/04）
X01,⑥路线图弱标签,09-14,弱标签自动生成试点,数据与流程,是,改为在训练时加入低成本信息（路线图）,第 1 版 世界系陀螺积分 vs 第 2 版 机身轴方位角,Machine_Learning_Training_Set 222 条,0,docs/60,docs/60 §5;§7,第 2 版合格：8 个转角全检出 96.8%,tools/mlts_label_pilot_20260914.py;tools/mlts_attitude_sweep_20260914.py;tools/mlts_axis_choice_20260914.py,,results/mlts_pilot_20260914;figures/mlts_pilot;results/mlts_pilot;results/mlts_attitude_sweep;results/mlts_axis_choice,,W05,论文二方法,完成
X02,⑥路线图弱标签,09-14,弱标签小比例微调（FWHP 测试）,训练对照,是,X01 合格后检验弱标签是否有用,WEAK（RoNIN+弱标签） vs CTRL（只 RoNIN）,训练：RoNIN+自采 213 条；测试：FWHP;RoNIN test,8,docs/61,docs/61 §5,FWHP 不成立（+1.2%）；RoNIN 不损害,tools/mlts_finetune_20260914.py;tools/mlts_finetune_plot_20260914.py;tools/mlts_selfdata_traj_plot_20260914.py,,results/mlts_finetune_20260914/cache;results/mlts_finetune_20260914/train_weak_s;results/mlts_finetune_20260914/train_ctrl;results/mlts_finetune_20260914/test;results/mlts_finetune_20260914/verdict;results/mlts_finetune_20260914/fwhp;results/mlts_finetune_20260914/selfdata_traj_6.json;results/mlts_finetune_20260914/selfdata_tlr_all;models/mlts_ft/weak_s;models/mlts_ft/weak*;models/mlts_ft/ctrl;figures/mlts_finetune/fwhp_traj_rot;figures/mlts_finetune/selfdata_traj_6.png;results/mlts_finetune_ctrl;results/mlts_finetune_weak;results/mlts_finetune_test;results/mlts_finetune_verdict,models/mlts_ft>tools/mlts_finetune_20260914.py,X01,论文二,完成
X03,⑥路线图弱标签,09-15,留一人检验,训练对照,是,X02 的 FWHP 不成立；先在同路线上检验跨人跨机,WEAK_LOPO（去掉被测者） vs CTRL,旧路线 213 条，留一人三折,12,docs/62,docs/62 §5,三折成立 −45.3%/−54.5%/−47.8%,tools/mlts_finetune_20260914.py;tools/mlts_selfdata_traj_plot_20260914.py,,results/mlts_finetune_20260914/lopo;results/mlts_finetune_20260914/train_weak_ho;results/mlts_finetune_20260914/selfdata_traj_6_lopo;models/mlts_ft/weak_ho;figures/mlts_finetune/selfdata_traj_6_lopo;results/mlts_lopo,models/mlts_ft>tools/mlts_finetune_20260914.py,X02,论文二主结果,完成
X04,⑥路线图弱标签,09-15,新路线 N1 设计,设计,是,X03 只在同一路线成立,—,—,0,docs/64,docs/64 §9（空）,待采集,tools/newroute_design_20260915.py,,results/newroute_20260915;figures/newroute,,X03,论文二（跨路线）,待采集
X05,⑥路线图弱标签,09-15,三项对照（乘常数 / 只重估 BN / 其他模型）,训练对照,是,审稿人会问：为什么不直接乘常数,WEAK_LOPO vs SC-mode；vs BN 重估；官方 RoNIN 与 HN-Transformer 上 WEAK vs CTRL,旧路线 213 条留一人,32,docs/67 §0–§5,docs/67 §6,P0-1 只 swr 成立；P0-5 成立但对照弱；P0-3 两模型都成立,tools/p0_controls_20260915.py;tools/p0_controls_chain_20260915.sh,,results/p0_controls_20260915;models/p0_mm,models/p0_mm>tools/p0_controls_20260915.py,X03,论文二,完成
X06,⑥路线图弱标签,09-15,手机系统差异诊断（安卓 vs iPhone）,描述性诊断,否,用户问：swr 不同是否因安卓系统,传感器层与网络层逐段指标，三台手机对比,旧路线 213 条,0,,docs/69,更像人或持机方式；人/机/系统混杂,tools/os_diag_20260915.py,,results/os_diag_20260915,,X05,论文二（讨论）,完成
V16,④HN外挂与统一评测,09-15,v3 中文稿构建（按主张 A+B）,稿件构建,否,用户同意按主张 A+B 改稿并删除被推翻内容,—,—,0,docs/02 §2,docs/05,—,tools/build_manuscript_v3_20260915.py;tools/build_supplement_v3_20260915.py;tools/make_v3_figures_20260915.py,,figures/v3;results/supplement_sources_20260909;paper/merged/manuscript_zh_v3;paper/merged/supplement_zh_v3;paper/merged/build,figures/v3>tools/make_v3_figures_20260915.py|results/supplement_sources_20260909>tools/build_priority_revision_20260909.py,V14;V15,论文一现行稿,现行
Y01,⑦外部数据,09-15,IPIN 2021–2025 Track 3 外部测试集整理,数据整理,是（推荐子集规则只按数据属性写定，未运行任何模型）,用户要求把 Downloads 中 5 套 IPIN 数据整理为室内定位测试集,无（数据整理，不含模型比较）,IPIN Track 3 2021–2025（Zenodo 5948678/7612915/8362205/13931119/17087349，CC BY 4.0）,0,../IPIN_Dateset/README.md,../IPIN_Dateset/metadata/summary.json;results/ipin_assessment_20260915/数据集适用性判断.md,数据已整理；只能做参考点位置误差评测，不能当逐时刻真值（README）,results/ipin_assessment_20260915/audit.py;../IPIN_Dateset/code/build_ipin_testset.py,,results/ipin_assessment_20260915,results/ipin_assessment_20260915>results/ipin_assessment_20260915/audit.py,,待定：论文一参考点误差外部扩展 / 论文二公开场景弱监督,数据已整理，未用于任何实验
V17,④HN外挂与统一评测,09-16,陀螺辅助 HN 符号连续性（HN-C / HN-G）,外挂对照（不训练）,是,用户提出用陀螺短时积分接管 HN 的 ±u 符号连续性,orig / hn / hns / hnc(纯连续性) / hng(陀螺链) / hnga(强三阶矩锚定),RoNIN seen 32 + unseen 32；官方 LSTM/TCN/ResNet 权重,0,docs/76,docs/77,C1成立3/4；C2不成立（陀螺无贡献）；C3成立2/2；HN-C打不过HN-seq(4格未检出差异)，无正面主张,tools/hn_gyro_sign_20260916.py,stride=10;TAU=0.1,results/hn_gyro_sign_20260916;verification/generated/hn_gyro_sign_smoke,results/hn_gyro_sign_20260916>tools/hn_gyro_sign_20260916.py,V04,论文一 §6 机理讨论（翻转率剂量-反应）,完成
V18,④HN外挂与统一评测,09-16,本文模型上的 Viterbi 符号估计器（已中止：误解用户意图）,外挂对照（不训练）,是,我自行改题，非用户设想,hn / hnv_g / hnv_c,RoNIN seen/unseen；A6_v2_f100_s0 部分,0,docs/78,docs/79 §0,中止，不作判定；部分结果仅描述性,tools/hn_viterbi_sign_20260916.py;tools/hn_viterbi_eval_20260916.py,,results/hn_viterbi_eval_20260916;results/hn_viterbi_params_20260916.json,,V17,无,已中止
V19,④HN外挂与统一评测,09-16,HN-GA（陀螺链+强三阶矩锚定）外挂到本文模型,外挂对照（不训练）,是,用户设想：把 V17 的 HN-GA 套到本文模型上,内置 hn / hnga / hnga_c(∫ωz≡0),RoNIN seen 32 + unseen 32；A6_v2_f100 s0-3、ResNet18_v3_hn_gn s0-3,0,docs/79,docs/80,C1不成立0/4（不改善）；C3成立4/4（不损害）；C2不成立（陀螺无贡献）；原因结构性：逐窗模型看不见窗间一致性,tools/hn_ga_on_ours_20260916.py,符号规则复用 tools/hn_gyro_sign_20260916.py,results/hn_ga_on_ours_20260916,results/hn_ga_on_ours_20260916>tools/hn_ga_on_ours_20260916.py,V17,可选：论文一 §6 机理讨论,完成
V20,④HN外挂与统一评测,09-19,E9：EqNIO 学习式规范参考系同协议重训对照,新训练对照,是,docs/82 §3-1：论文一 v4 缺 EqNIO 同条件精度对照；用户同意推进,ours_hn / ours_yaw_hn / ours_yaw vs E9-SO2 / E9-O2（重训）,RoNIN 训练 74 条 11.06 h；统一评测 5 测试集；确认集描述性,8+2(lr 选择),docs/83,docs/84,P1（HN−EqNIO-SO2）判为B：未检出差异（HN仅RIDI显著更好1/5）；次要：EqNIO-O(2)在独立组/TLIO/手机3个测试集显著优于训练时用HN（+15.2%/+6.3%/+13.0%）；增强+外挂HN与O(2)除手机外未检出差异；两臂都选lr=1e-3；不变性SO2 2.7e-6 m、O2 2.7e-4 m,src/e9_eqnio_frontend.py;tools/run_e9_train.py;tools/e9_evaluate.py;tools/e9_verdict.py,config/e9_eqnio_retrain.json,models/e9_eqnio_retrain;results/eqnio_retrain_20260919;verification/generated/e9_smoke,,V06;V09;V12,v4 §4.6.3（表19、表20）+ 摘要/贡献3/§2.4/§5/§6 边界句,已完成
V21,④HN外挂与统一评测,09-23,形状误差：外挂HN是否使轨迹形状更接近真值,已有结果再统计（不跑模型）,是,"用户问""能否证明HN使轨迹形状测得更准""；v6表S24只有描述性数字",P1 ours_yaw_hn−ours_yaw；P2 ext_resnet_hn−ext_resnet；描述性 fa2/ours_hn,RIDI、TLIO测试36、TLIO确认318、IMUNet手机测试36（判定）；RoNIN两组与imunet_c描述性,0,docs/89,docs/90,P1成立（增强网络外挂HN：RIDI/TLIO/TLIO确认集3/4形状ATE显著更低，−11.7%/−32.3%/−22.6%，手机ns，无变差）；P2成立（官方ResNet外挂HN：RIDI/TLIO确认集2/4显著更低，−9.3%/−14.1%，无变差）；99.375% Bonferroni；与ATE同批数据，非独立确认,tools/shape_verdict_20260923.py,,results/shape_verdict_20260923,results/shape_verdict_20260923>tools/shape_verdict_20260923.py,V09;V11;V13;V14,论文一v7候选（第二批）,完成
V22,④HN外挂与统一评测,09-23,外挂HN推广到Transformer与IMUNet增强网络,外挂对照（不训练）,是,"用户同意""证明HN可外挂到多种模型""；TLIO官方权重未公开，改用本文E3增强网络",A1 int_transformer_yaw+HN−原样；A2 int_imunet_yaw+HN−原样,判定：TLIO确认集318条；描述：手机测试36/确认87、统一口径5测试集（4个已被P0看过）,0,docs/91,docs/92,"成立：TLIO确认集318条外挂HN后ATE显著下降，Transformer −10.3%[−0.476,−0.294]、IMUNet −15.2%[−0.888,−0.528]（97.5%，Bonferroni 2项）；自检复现P0逐位一致；描述性26项无显著变差；形状误差TLIO确认集−17.5%/−30.9%",tools/plugin_arch_eval_20260923.py;tools/plugin_arch_verdict_20260923.py,,results/plugin_arch_20260923,results/plugin_arch_20260923>tools/plugin_arch_eval_20260923.py,V09;V11;V14;V21,论文一v7：多架构外挂证据,完成
V23,④HN外挂与统一评测,09-26,每步训练耗时与单窗推理耗时同机复测,计时复测（不训练、不评测精度）,否,全量核验发现 EqNIO O(2) 0.373 s/步无原始记录且与冒烟、正式训练记录方向矛盾,ResNet18+GN+HN vs EqNIO SO(2) vs O(2)（MPS，batch 256，与 run_e9_train 同一训练步）；表S8 推理耗时,RoNIN 训练划分（只取批）,0,,paper/omnisci-HN/omnisci-HN_核验报告_20260926.md §9,两次（正序/倒序）：ResNet18 0.043 s、SO(2) 0.600 s、O(2) 0.636 s；O(2) 不比 SO(2) 快；原 0.373 s 不成立；CPU 推理与表S8 相差 4–7%,tools/timing_remeasure_20260926.py,,results/timing_remeasure_20260926,results/timing_remeasure_20260926>tools/timing_remeasure_20260926.py,V20,正文§5.4、表S60 每步训练耗时,完成
V24,④HN外挂与统一评测,09-26,外挂HN收益在输入方向ψ与规范系约定α均按8角平均后是否仍存在,已有结果再统计（不跑模型）,是（判定标准先于脚本写定；所用测试集此前已接触，属回顾性）,omnisci 重写稿审视：论文报告的收益 = HN(α=0) − 原样(ψ=0)，两者都是任意约定,主：RoNIN ResNet 外挂 mean_α HN − mean_ψ 原样；次：ResNet18-YawAug H0 − mean_ψ 原样；描述：α 约定依赖,RoNIN-unseen、RIDI、TLIO-test（主，Bonferroni 3 项 98.33%）；RoNIN-seen 描述,0,results/angle_fair_20260926/PLAN_运行前判定标准.md,results/angle_fair_20260926/output.txt,"PASS 3/3：−8.8%[−1.044,−0.127] / −4.3%[−0.179,−0.072] / −3.1%[−0.211,−0.057] m；外挂HN逐序列ATE随α的极差中位为ATE的20.9%–29.2%",tools/angle_fair_plugin_20260926.py,,results/angle_fair_20260926,results/angle_fair_20260926>tools/angle_fair_plugin_20260926.py,V04;U02;V09,正文§5.3.2、§5.3.4、§6；补充材料S39、表S61,完成
V25,④HN外挂与统一评测,09-27,确认集上外挂HN/FA-2/训练时HN收益在8ψ×8α平均后是否仍成立,只评测对照（不训练）,是（docs/100 先于脚本首次运行写定；确认集已于docs/53接触，属回顾性）,审稿预演 M1：表7 主要检验族均为 α=0 − ψ=0,H1a′/H1b′/H2′/H3′ 8角平均终点；次：Transformer/IMUNet；描述：H0−Ū、最差α、TTA-8、FA-2(α),TLIO-confirm 318;Phone-confirm 87,0,docs/100_确认集8角公平对照_运行前判定标准_20260927.md,docs/101_确认集8角公平对照_结果与判定_20260927.md,主要检验族8项全部过关（B′/A′/H2′确认）：H1a′ −10.6%、H1b′ −11.4%、H2′ −5.3%（手机由未显示非劣变为非劣）、H3′ −17.6%；Transformer −10.0%、IMUNet −13.2%；U(ψ=0)−Ū 全部未检出差异,tools/confirm_anglefair_eval_20260927.py;tools/confirm_anglefair_verdict_20260927.py;tools/build_anglefair_tables_20260927.py,,results/confirm_anglefair_20260927,,V24;docs/53;V22,正文§5.3、表7,完成
V26,④HN外挂与统一评测,09-29,在验证数据上选定规范系约定α，是否优于8个α的平均,只评测（不训练）,是（docs/108 先于脚本编写写定；RoNIN ResNet测试集与全部确认集的α扫描已在V24/V25接触，属回顾性；三个YawAug网络测试集α扫描为前瞻）,"用户审阅5.4.4：α""什么也没解决""，需检验α能否只用验证数据一次选定","主：E1 H(α*)−H̄ × {ResNet18-YawAug, RoNIN ResNet} × {RoNIN-unseen, RIDI, TLIO-test}，Bonferroni 6项 99.167%；次：E2 H(α*)−H(0)；描述：Transformer/IMUNet、确认集",选择：RoNIN验证集（8人14条）；评价：RoNIN-unseen、RIDI、TLIO-test（主），RoNIN-seen、手机测试、TLIO-confirm、手机确认（描述）,0,docs/108_验证集选定规范系约定α_运行前判定标准_20260929.md,docs/109_验证集选定规范系约定α_结果与判定_20260929.md,不成立（两个网络3项均ns，99.167%）：E1 ResNet18-YawAug +0.9%/+0.3%/+2.4%，RoNIN ResNet −0.5%/+1.3%/+2.4%；α*在种子间多不一致,tools/alpha_select_val_eval_20260929.py;tools/alpha_select_val_verdict_20260929.py,,results/alpha_select_val_20260929,results/alpha_select_val_20260929>tools/alpha_select_val_eval_20260929.py|results/alpha_select_val_20260929/verdict.json>tools/alpha_select_val_verdict_20260929.py,V24;V25,不写入论文（作者决定，2026-09-29：只写设定范围内有价值的结果）,完成
V27,④HN外挂与统一评测,09-29,图4缩略图：同一冻结YawAug网络在a058_2上原样推理与外挂HN的8方向轨迹,只评测（不训练）；描述性图示,否（描述性；登记先于脚本编写。唯一预期：外挂HN的8方向ATE极差为浮点量级，≤1e-5 m）,"用户审阅新图4：""ordinary network和HN这两部分……容易让人糊涂""；图4两行须为同一网络f，图1(c)为训练时HN模型，不能代用",Sensors_v4_resnet_yaw_s0：原样推理 vs 外挂HN（保留GN，hn_plugin_p0.run_window），ψ=2πk/8,RoNIN-unseen a058_2（与图1同一序列）,0,,results/e0_plugin_overlay_20260929/summary.json,符合预期：原样推理8方向ATE 2.546–4.915 m（极差2.368 m，与图1(b)一致）；外挂HN 8方向ATE均为3.104 m，极差2.5e-7 m,tools/e0_plugin_overlay_20260929.py,,results/e0_plugin_overlay_20260929,results/e0_plugin_overlay_20260929>tools/e0_plugin_overlay_20260929.py,U07;V11,正文图4缩略图,完成
V28,④HN外挂与统一评测,10-01,外挂HN收益机制：原网络朝向敏感度越高的序列，外挂后形状误差下降是否越多（剂量–反应）,只读已有结果（不训练、不推理）,是（docs/114 先于脚本编写写定；确认集逐角度结果已在V25接触，但敏感度—收益关系未计算过，属回顾性数据上的新统计量）,"作者问R1：外挂为何提高精度；W01显示单窗口未变准而轨迹变准，需把""消除随朝向变化的误差""由推断变为直接证据","主：4个冻结网络各自在TLIO-confirm上 Spearman(S_A,G_B)与(S_B,G_A)均值，98.75%序列bootstrap，≥3/4 下界>0；附：控制log基线误差的偏相关为正；描述：总ATE、手机确认集、S三分位",TLIO-confirm 318;Phone-confirm 87（描述）,0,docs/114_外挂收益机制_运行前判定标准_20261001.md,docs/115_外挂收益机制_结果与判定_20261001.md,H-M1成立：4/4网络ρ区间下界>0（ρ=+0.51–+0.73，偏ρ=+0.48–+0.72）；描述性总ATE与手机确认集同向,tools/mechanism_doseresponse_20261001.py,,results/mechanism_doseresponse_20261001,,V25;W01,成立则进讨论（机制证据）；不成立则不进论文,完成
