"Frozen network, method",Dataset,"Unmodified by ψ = 0°, 45°, …, 315°",Test-time method by α
"ResNet18-YawAug, Plug-in HN",TLIO-confirm (318),4.193 / 4.256 / 4.236 / 4.266 / 4.277 / 4.284 / 4.257 / 4.243,3.774 / 3.752 / 3.749 / 3.800 / 3.814 / 3.861 / 3.853 / 3.817
"ResNet18-YawAug, Plug-in HN","Phone-confirm (87, 4 subj.)",11.153 / 11.090 / 11.249 / 11.285 / 11.264 / 11.199 / 11.011 / 11.111,10.712 / 10.618 / 10.475 / 10.514 / 10.465 / 10.519 / 10.690 / 10.707
"ResNet18-YawAug, FA-2",TLIO-confirm (318),4.193 / 4.256 / 4.236 / 4.266 / 4.277 / 4.284 / 4.257 / 4.243,3.759 / 3.774 / 3.766 / 3.765
"ResNet18-YawAug, FA-2","Phone-confirm (87, 4 subj.)",11.153 / 11.090 / 11.249 / 11.285 / 11.264 / 11.199 / 11.011 / 11.111,10.528 / 10.511 / 10.539 / 10.560
"Transformer-YawAug, Plug-in HN",TLIO-confirm (318),3.706 / 3.708 / 3.704 / 3.684 / 3.651 / 3.678 / 3.687 / 3.746,3.323 / 3.368 / 3.350 / 3.363 / 3.354 / 3.300 / 3.266 / 3.296
"Transformer-YawAug, Plug-in HN","Phone-confirm (87, 4 subj.)",9.523 / 9.589 / 9.666 / 9.705 / 9.744 / 9.518 / 9.548 / 9.454,9.215 / 9.249 / 9.196 / 9.124 / 9.200 / 9.201 / 9.140 / 9.132
"IMUNet-YawAug, Plug-in HN",TLIO-confirm (318),4.588 / 4.627 / 4.562 / 4.552 / 4.536 / 4.477 / 4.463 / 4.533,3.890 / 3.837 / 3.854 / 3.916 / 3.967 / 4.014 / 4.047 / 4.014
"IMUNet-YawAug, Plug-in HN","Phone-confirm (87, 4 subj.)",11.448 / 11.418 / 11.337 / 11.466 / 11.599 / 11.386 / 11.495 / 11.533,10.807 / 10.595 / 10.606 / 10.867 / 10.910 / 10.880 / 10.884 / 10.859
"RoNIN ResNet (released), Plug-in HN",TLIO-confirm (318),3.354 / 3.325 / 3.281 / 3.283 / 3.226 / 3.336 / 3.420 / 3.377,3.152 / 3.155 / 3.174 / 3.127 / 3.176 / 3.160 / 3.162 / 3.095
"RoNIN ResNet (released), Plug-in HN","Phone-confirm (87, 4 subj.)",10.245 / 10.528 / 9.938 / 10.143 / 10.270 / 10.579 / 10.486 / 9.978,10.071 / 10.948 / 10.630 / 9.845 / 9.680 / 10.009 / 9.837 / 9.815
